epoch,train_loss,val_loss,val_f1,val_auroc,val_threshold
1,0.3824673164980831,0.28271923449478653,0.8640483383685801,0.8376896595690423,0.9
2,0.303468014596513,0.25317252035203736,0.8611111111111112,0.8417442305240341,0.95
3,0.2794454773646538,0.2480456031728209,0.8473520249221184,0.8327170725487696,0.9
4,0.2643310524937179,0.23452990449834288,0.8670694864048338,0.8395001912533469,0.9
5,0.26109374894036186,0.26652890829402104,0.8404423380726699,0.8403162055335969,0.85
6,0.2574860224224351,0.23507540816800637,0.827922077922078,0.8441667729185262,0.95
7,0.23561695487134987,0.23184106034929292,0.85,0.8451357898763228,0.95
8,0.22835426053239238,0.22164112630120494,0.853125,0.8431722555144715,0.95
9,0.24472530084420685,0.21839828436311923,0.8512658227848101,0.852352416167283,0.95
