{
  "auroc_mean": 0.9101586060307413,
  "auroc_n": 12,
  "auprc_mean": 0.8429171164291795,
  "auprc_n": 12,
  "pearson_mean": 0.7147755014399687,
  "pearson_n": 12,
  "spearman_mean": 0.6321448499589596,
  "spearman_n": 12,
  "n_clips_total": 18,
  "n_pos_clips": 12
}