f1,precision,recall,auroc,auprc,timepoint,n
0.0,0.0,0.0,0.5,0.6869565217391305,14_month,230
0.0,0.0,0.0,0.5,0.7860696517412935,36_month,201
