f1,f1_macro,f1_weighted,balanced_accuracy,precision,recall,auroc,auprc,timepoint,n
0.0,0.23355263157894737,0.14233679692794218,0.5,0.0,0.0,0.5,0.6952789699570815,14_month,233
0.0,0.1440329218106996,0.048472617917062366,0.5,0.0,0.0,0.5,0.8317307692307693,36_month,208
