f1,precision,recall,auroc,auprc,timepoint,n
0.86875,0.8853503184713376,0.852760736196319,0.8644258187159768,0.9299900066969102,14_month,234
0.8861538461538462,0.9411764705882353,0.8372093023255814,0.8371262458471762,0.9543373244343326,36_month,207
