f1,precision,recall,auroc,auprc,timepoint,n
0.8831168831168831,0.9066666666666666,0.8607594936708861,0.8779008438818565,0.9231924484995646,14_month,230
0.9,0.9507042253521126,0.8544303797468354,0.8863703267589049,0.9561152642487285,36_month,201
