{
  "threshold_sec": 0.1,
  "f1": 0.8775193798449612,
  "precision": 0.9129032258064517,
  "recall": 0.844776119402985,
  "auroc": 0.8555336524922557,
  "auprc": 0.9414987693515593
}