{
  "auroc_mean": 0.9099666178063867,
  "auroc_n": 55,
  "auprc_mean": 0.8774876450579798,
  "auprc_n": 55,
  "pearson_mean": 0.7272603586993435,
  "pearson_n": 55,
  "spearman_mean": 0.6317772548566714,
  "spearman_n": 55,
  "n_clips_total": 87,
  "n_pos_clips": 56
}