epoch,train_loss,val_loss,val_f1,val_auroc,val_threshold
1,0.40895195060875267,0.2885068245756794,0.8180574555403557,0.8035261058738217,0.95
2,0.3082576953456737,0.2601980893334872,0.803347280334728,0.8098712835387962,0.95
3,0.2809120909272072,0.2570541592341074,0.7949080622347949,0.8045232052211748,0.95
4,0.2619391349532331,0.23787372842640944,0.841688654353562,0.808995044718395,0.9
5,0.2639676412800327,0.2414321863735226,0.7943262411347518,0.8104604786076868,0.95
6,0.251750322834899,0.2571514412550859,0.8022130013831259,0.8012599709934736,0.95
7,0.24642265972215682,0.22954108387651578,0.8286852589641435,0.8064871887841432,0.9
8,0.2333728318529514,0.23757520548894373,0.8130968622100955,0.8114122552574329,0.95
9,0.24248902881906056,0.25708134220519535,0.8251001335113485,0.8116690838772056,0.95
