{
  "threshold": 0.21000000000000002,
  "f1": 0.8014888337468983,
  "f1_macro": 0.6530663982975977,
  "f1_weighted": 0.7273433478359989,
  "balanced_accuracy": 0.6703530189990539,
  "precision": 0.8444444444444444,
  "recall": 0.7626918536009445,
  "auroc": 0.7158808309678716,
  "auprc": 0.8541330302443417
}