{
  "threshold": 0.21000000000000002,
  "f1": 0.8130081300813008,
  "f1_macro": 0.6749604408795766,
  "f1_weighted": 0.7405197681838703,
  "balanced_accuracy": 0.6867878041268864,
  "precision": 0.8426966292134831,
  "recall": 0.7853403141361257,
  "auroc": 0.7314444102248229,
  "auprc": 0.8737831761436801
}