f1,f1_macro,f1_weighted,balanced_accuracy,precision,recall,auroc,auprc,timepoint,n
0.7806267806267806,0.6776062079929484,0.7171103373487787,0.6893557794273595,0.8203592814371258,0.7445652173913043,0.715270413573701,0.8379757411440247,14_month,266
0.8423772609819121,0.6605048698071954,0.764431950478462,0.6708754208754208,0.8624338624338624,0.8232323232323232,0.7425177702955481,0.903180477562541,36_month,252
