f1,f1_macro,f1_weighted,balanced_accuracy,precision,recall,auroc,auprc,timepoint,n
0.7612732095490716,0.6522102088354496,0.6936313484792991,0.6629355351265463,0.8016759776536313,0.7247474747474747,0.7001546362501418,0.8046775898786216,14_month,574
0.8368298368298368,0.6406371406371406,0.7633017633017634,0.6672352038205697,0.8820638820638821,0.7960088691796009,0.7201304792768207,0.8933809783980697,36_month,555
