{
  "threshold_sec": 1.0,
  "f1": 0.8581560283687943,
  "f1_macro": 0.6132885405001867,
  "f1_weighted": 0.7295769613798729,
  "balanced_accuracy": 0.6038073606405914,
  "precision": 0.7823275862068966,
  "recall": 0.9502617801047121,
  "auroc": 0.6617935786880198,
  "auprc": 0.8269289086563989
}