f1,f1_macro,f1_weighted,balanced_accuracy,precision,recall,auroc,auprc,timepoint,n
0.829736211031175,0.6061724533416745,0.6918999092977988,0.6042550371155886,0.7424892703862661,0.9402173913043478,0.6101869034994698,0.751589807799045,14_month,266
0.8857808857808858,0.6162237762237762,0.7702564102564102,0.6001683501683501,0.8225108225108225,0.9595959595959596,0.723297792742237,0.8943644954330785,36_month,252
