{
  "threshold_sec": 1.0,
  "f1": 0.8521549372613202,
  "f1_macro": 0.6072539392188954,
  "f1_weighted": 0.7298128974952196,
  "balanced_accuracy": 0.5975637837339964,
  "precision": 0.7920892494929006,
  "recall": 0.922077922077922,
  "auroc": 0.7150790859688345,
  "auprc": 0.8689942765453363
}