f1,f1_macro,f1_weighted,balanced_accuracy,precision,recall,auroc,auprc,timepoint,n
0.8162344983089064,0.5958567127559857,0.6795541992551787,0.5947111565089094,0.7372708757637475,0.9141414141414141,0.6777749404153899,0.80009588098701,14_month,574
0.8858350951374208,0.6136492548857836,0.7838267081602306,0.599138666211837,0.8464646464646465,0.9290465631929047,0.7542746887259082,0.9220578153862559,36_month,555
