f1,precision,recall,auroc,auprc,timepoint,n
0.9,0.9507042253521126,0.8544303797468354,0.8863703267589049,0.9561152642487285,36_month,201
