{
  "threshold_sec": 0.1,
  "f1": 0.9,
  "precision": 0.9507042253521126,
  "recall": 0.8544303797468354,
  "auroc": 0.8863703267589049,
  "auprc": 0.9561152642487285
}