{
  "auroc_mean": 0.8904612139449605,
  "auroc_n": 13,
  "auprc_mean": 0.819525146951732,
  "auprc_n": 13,
  "pearson_mean": 0.6360578399438125,
  "pearson_n": 13,
  "spearman_mean": 0.6043474218604378,
  "spearman_n": 13,
  "n_clips_total": 22,
  "n_pos_clips": 13
}