epoch,train_loss,val_loss,val_f1,val_auroc,val_threshold
1,0.36720268670902695,0.3842126065865159,0.7279151943462897,0.7852325581395349,0.95
2,0.2918918585188167,0.33747380546161104,0.8226059654631083,0.7994767441860465,0.95
3,0.26650486706301224,0.3382782717900617,0.8328173374613003,0.7812209302325581,0.95
4,0.2525765220266442,0.31209084391593933,0.802610114192496,0.7900290697674419,0.95
5,0.24130555798494538,0.3079660806272711,0.8214849921011058,0.7888081395348836,0.95
6,0.23173260841258736,0.33594437914767433,0.8246445497630331,0.7944476744186046,0.9
7,0.22904253813416459,0.3039635470403092,0.8108974358974359,0.7956686046511627,0.95
8,0.22930601885498955,0.3293972272159798,0.8322981366459627,0.7994186046511627,0.95
