{
  "fold": 0,
  "k": 3,
  "seed": 42,
  "n_total": 3145,
  "n_train": 1574,
  "n_val": 478,
  "n_test": 1093,
  "n_children_train": 64,
  "n_children_val": 23,
  "n_children_test": 43,
  "test_children": [
    "A4E8K1L5Y2",
    "C0O6X3N5Y7",
    "C1I8N8L4Q4",
    "C5U1P3X9F0",
    "C5Z9H8S3N8",
    "D4Y7P4G2V4",
    "D8G5K7I0D6",
    "D8O8B2C4X2",
    "D9N0U7M9X3",
    "E7T7O3G7J5",
    "F3M5F9D2S1",
    "F6J0V8B6S4",
    "F8N7H3T0O1",
    "G2N1M4K2S0",
    "G3D3S2N7W8",
    "G4J8F6F4X0",
    "H3B5L5F8T1",
    "H9T5Y8D3A1",
    "I1H5K9K8V1",
    "I8T4E2J3M6",
    "K6O1J5K7Z0",
    "L0C6T6H2C6",
    "L5Q0Z1W8S2",
    "L5V8G4A3K7",
    "M5F7G8S4F0",
    "N3C7S2N8O0",
    "N3L7A1I2B9",
    "O5Q7I1O6N2",
    "O6F1J9U1J2",
    "O7X6W5O8E0",
    "P3A4R4S2O3",
    "Q0Q8H5A0D0",
    "R2C7W8X7N9",
    "R4O0P4P3J4",
    "R6R8Q6A7K0",
    "S7Y0I2P0S8",
    "S9D2T7Y9B1",
    "T2H0J0N2Z5",
    "T4J4L5S2E8",
    "V7G3E2O2E6",
    "Y6Z4H0C5U2",
    "Z3C2V9T0V1",
    "Z6Z0I5G6A6"
  ],
  "val_children": [
    "A1H3H9Y3T1",
    "A5X1S7S1E7",
    "A6S0V1J3G6",
    "A6Y4Y7X2G1",
    "A8P5O6Z7X6",
    "C3A8Q4J6E5",
    "E7G3N4A1K5",
    "F8V2U5P1A0",
    "J3J0V4T8C3",
    "L4M1H7J7G3",
    "L7Z6Q2U6Y6",
    "M2N1C8G1C8",
    "M5Y0K3C9L0",
    "N1B1A2T8S1",
    "N2H7T0A7U5",
    "R6G4I3H3J0",
    "R7K7C0J8C1",
    "S4O9O2E5Z0",
    "S6T9X3C8Y2",
    "W3O7N1N8U2",
    "W4O4B5W7K0",
    "Z1J6X4Y3Z4",
    "Z7I5F2E1L4"
  ],
  "labels_train": {
    "1": 1174,
    "0": 400
  },
  "labels_val": {
    "1": 339,
    "0": 139
  },
  "labels_test": {
    "1": 817,
    "0": 276
  },
  "test_prevalence": 0.747483989021043,
  "train_prevalence": 0.7458703939008895
}