{
  "threshold": 0.30500000000000005,
  "f1": 0.8086734693877551,
  "f1_macro": 0.6714174800354924,
  "f1_weighted": 0.7401695759678193,
  "balanced_accuracy": 0.6935219137419242,
  "precision": 0.8590785907859079,
  "recall": 0.763855421686747,
  "auroc": 0.7350881788021653,
  "auprc": 0.8578082001047773
}