f1,f1_macro,f1_weighted,balanced_accuracy,precision,recall,auroc,auprc,timepoint,n
0.7382753403933434,0.6046116763128797,0.6522327388192797,0.6063174692574862,0.7484662576687117,0.7283582089552239,0.6478738383553928,0.7731095252286989,14_month,494
0.8340306834030683,0.6549008042566002,0.7550920925927603,0.6658653846153846,0.8567335243553008,0.8125,0.7372491638795986,0.8949689042500034,36_month,472
