f1,f1_macro,f1_weighted,balanced_accuracy,precision,recall,auroc,auprc,timepoint,n
0.7659574468085106,0.6584889274858879,0.7028290858078091,0.6778642149929279,0.8275862068965517,0.7128712871287128,0.7316124469589815,0.8532185613507299,14_month,286
0.8480392156862745,0.6779878618113913,0.7792543983885688,0.7023995826812728,0.8871794871794871,0.812206572769953,0.7216571031125022,0.8653995869115259,36_month,267
