{
  "threshold": 0.30500000000000005,
  "f1": 0.7880986937590712,
  "f1_macro": 0.6305114407423514,
  "f1_weighted": 0.7022903137520375,
  "balanced_accuracy": 0.6352514211229441,
  "precision": 0.8044444444444444,
  "recall": 0.7724039829302988,
  "auroc": 0.6944220586405897,
  "auprc": 0.8443125151264969
}