{
  "threshold_sec": 0.5,
  "f1": 0.8506900878293601,
  "f1_macro": 0.5732740379975203,
  "f1_weighted": 0.6996333153536377,
  "balanced_accuracy": 0.5772760953869619,
  "precision": 0.7609427609427609,
  "recall": 0.9644381223328592,
  "auroc": 0.7079490937805927,
  "auprc": 0.8484700899571489
}