{
  "threshold_sec": 0.5,
  "f1": 0.869281045751634,
  "f1_macro": 0.6154915867056042,
  "f1_weighted": 0.7426157822856229,
  "balanced_accuracy": 0.6039112973633666,
  "precision": 0.7932405566600398,
  "recall": 0.9614457831325302,
  "auroc": 0.7260258425004366,
  "auprc": 0.8688359247186448
}