f1,f1_macro,f1_weighted,balanced_accuracy,precision,recall,auroc,auprc,timepoint,n
0.8402625820568927,0.6027399866806202,0.7007388197379635,0.6002475247524752,0.7529411764705882,0.9504950495049505,0.7317303158887317,0.8604518985969216,14_month,286
0.8980477223427332,0.6271060529521886,0.7884533392184679,0.6062858633281168,0.8346774193548387,0.971830985915493,0.7061815336463224,0.8801795941791867,36_month,267
