f1,f1_macro,f1_weighted,balanced_accuracy,precision,recall,auroc,auprc,timepoint,n
0.8179487179487179,0.5676282051282051,0.6568112218415862,0.579892987890735,0.7168539325842697,0.9522388059701492,0.6984323664695391,0.8138651237582332,14_month,494
0.8820638820638821,0.5718011718011718,0.7453379419481114,0.569502508361204,0.804932735426009,0.9755434782608695,0.7173651755852843,0.8811003240185455,36_month,472
