{
  "n_real_child": 600,
  "n_real_adult": 600,
  "n_eval_synth": 600,
  "aggregate_features": {
    "real_child": {
      "f0_mean": {
        "n": 519,
        "mean": 293.2787502132389,
        "std": 160.05679523707536,
        "p25": 206.76476329279075,
        "p50": 282.4043848671261,
        "p75": 364.17695449705303
      },
      "f0_std": {
        "n": 519,
        "mean": 66.03411931659198,
        "std": 65.48920546524408,
        "p25": 16.58185506896372,
        "p50": 45.775090545365785,
        "p75": 98.39539005760994
      },
      "f0_min": {
        "n": 519,
        "mean": 212.79634135203437,
        "std": 148.96671211719487,
        "p25": 66.06770644766897,
        "p50": 214.7446586325718,
        "p75": 289.68942382192165
      },
      "f0_max": {
        "n": 519,
        "mean": 395.55890572177486,
        "std": 219.09572502042116,
        "p25": 279.1893427651434,
        "p50": 370.13059809790576,
        "p75": 471.3474956356214
      },
      "voiced_fraction": {
        "n": 600,
        "mean": 0.5728114130036775,
        "std": 0.31746195703248914,
        "p25": 0.3589807912844037,
        "p50": 0.637330754352031,
        "p75": 0.8389046941678521
      },
      "f1_hz": {
        "n": 600,
        "mean": 646.7962258501137,
        "std": 166.73383672255508,
        "p25": 523.4699602110429,
        "p50": 620.5342642434541,
        "p75": 734.2903292057442
      },
      "f2_hz": {
        "n": 600,
        "mean": 1453.6832744102644,
        "std": 266.59275409123387,
        "p25": 1275.0591408767677,
        "p50": 1446.5121317472742,
        "p75": 1623.3560064874123
      },
      "f3_hz": {
        "n": 600,
        "mean": 2425.7554746599603,
        "std": 250.48424018435196,
        "p25": 2238.035324768105,
        "p50": 2398.4804782018123,
        "p75": 2580.4483132007554
      },
      "f4_hz": {
        "n": 600,
        "mean": 3306.5518313551283,
        "std": 231.65799137664243,
        "p25": 3145.5954297181042,
        "p50": 3257.158571291484,
        "p75": 3454.6748566810757
      },
      "vtl_cm": {
        "n": 600,
        "mean": 17.4883560182041,
        "std": 2.127836727706984,
        "p25": 16.246589005464912,
        "p50": 17.627235326821655,
        "p75": 18.84506144886224
      },
      "sc_mean": {
        "n": 600,
        "mean": 1535.504097840923,
        "std": 425.0636004229187,
        "p25": 1276.8906363289898,
        "p50": 1506.7967412619732,
        "p75": 1773.6786895376254
      },
      "zcr_mean": {
        "n": 600,
        "mean": 0.08554864779585522,
        "std": 0.04746849541099968,
        "p25": 0.057287362905649036,
        "p50": 0.08080589657738095,
        "p75": 0.11255992542613637
      },
      "rms_mean": {
        "n": 600,
        "mean": 0.04045695701677081,
        "std": 0.03629620192498855,
        "p25": 0.009086678503081203,
        "p50": 0.03082994557917118,
        "p75": 0.06435842253267765
      }
    },
    "real_adult": {
      "f0_mean": {
        "n": 561,
        "mean": 219.11745460012196,
        "std": 141.45795842611307,
        "p25": 120.79923076323493,
        "p50": 197.5475087588419,
        "p75": 267.9067641595088
      },
      "f0_std": {
        "n": 561,
        "mean": 65.00002424554982,
        "std": 66.77926617908736,
        "p25": 20.374825918105955,
        "p50": 46.429777633998846,
        "p75": 83.99150838369398
      },
      "f0_min": {
        "n": 561,
        "mean": 141.24874973545212,
        "std": 118.45757424233405,
        "p25": 60.13903058562848,
        "p50": 86.8361542464227,
        "p75": 182.93964279069144
      },
      "f0_max": {
        "n": 561,
        "mean": 325.411582824371,
        "std": 222.54842063830358,
        "p25": 187.81214533181543,
        "p50": 278.1722639545871,
        "p75": 394.07060466768206
      },
      "voiced_fraction": {
        "n": 600,
        "mean": 0.5689821993672672,
        "std": 0.27438108994807026,
        "p25": 0.3888888888888889,
        "p50": 0.623830489818382,
        "p75": 0.7842490842490842
      },
      "f1_hz": {
        "n": 600,
        "mean": 636.7071763850092,
        "std": 152.16356950807287,
        "p25": 539.0551443301077,
        "p50": 614.6785876721389,
        "p75": 707.6839478141826
      },
      "f2_hz": {
        "n": 600,
        "mean": 1530.2580615793327,
        "std": 225.72096167396174,
        "p25": 1375.9190954125559,
        "p50": 1532.4789011601838,
        "p75": 1665.7791894969755
      },
      "f3_hz": {
        "n": 600,
        "mean": 2409.2786315605067,
        "std": 237.43836151921002,
        "p25": 2246.2657903929135,
        "p50": 2388.225160968678,
        "p75": 2547.636114609384
      },
      "f4_hz": {
        "n": 600,
        "mean": 3277.371146886818,
        "std": 217.8813201072066,
        "p25": 3116.954911344324,
        "p50": 3238.7851606943195,
        "p75": 3392.70054126413
      },
      "vtl_cm": {
        "n": 600,
        "mean": 17.282005297894937,
        "std": 1.783657575479947,
        "p25": 16.29488036021839,
        "p50": 17.429314012391615,
        "p75": 18.317844638092236
      },
      "sc_mean": {
        "n": 600,
        "mean": 1633.2266145357253,
        "std": 393.2645286107612,
        "p25": 1404.1297153630596,
        "p50": 1598.7742462644935,
        "p75": 1815.2772778628605
      },
      "zcr_mean": {
        "n": 600,
        "mean": 0.10745068305298143,
        "std": 0.05097283306338292,
        "p25": 0.07846345819978631,
        "p50": 0.10359341896186441,
        "p75": 0.129888101282418
      },
      "rms_mean": {
        "n": 600,
        "mean": 0.06473217680429419,
        "std": 0.043745166609754596,
        "p25": 0.03594966232776642,
        "p50": 0.0557805672287941,
        "p75": 0.08656029216945171
      }
    },
    "eval_synth": {
      "f0_mean": {
        "n": 432,
        "mean": 326.1464181411149,
        "std": 261.69152569517655,
        "p25": 108.4304447223013,
        "p50": 267.80909592166597,
        "p75": 408.94164148236894
      },
      "f0_std": {
        "n": 432,
        "mean": 31.990712682806787,
        "std": 54.30673608605969,
        "p25": 3.711169353167755,
        "p50": 12.795277497614649,
        "p75": 33.620212361929234
      },
      "f0_min": {
        "n": 432,
        "mean": 288.64234868761537,
        "std": 246.51051140859505,
        "p25": 90.26319253262096,
        "p50": 237.00681373802047,
        "p75": 350.47135157853774
      },
      "f0_max": {
        "n": 432,
        "mean": 368.94655156013874,
        "std": 292.777334336948,
        "p25": 123.24887174117002,
        "p50": 301.8676095621704,
        "p75": 453.05967008721285
      },
      "voiced_fraction": {
        "n": 600,
        "mean": 0.49771992546148247,
        "std": 0.376147308528119,
        "p25": 0.0,
        "p50": 0.5491935483870968,
        "p75": 0.842516447368421
      },
      "f1_hz": {
        "n": 599,
        "mean": 691.0255810408572,
        "std": 210.5818879771194,
        "p25": 544.0939462403064,
        "p50": 657.5735921678262,
        "p75": 810.5217357605693
      },
      "f2_hz": {
        "n": 599,
        "mean": 1582.4133805754932,
        "std": 271.4599706506832,
        "p25": 1387.3942417785415,
        "p50": 1586.0419391699124,
        "p75": 1796.6950747568862
      },
      "f3_hz": {
        "n": 599,
        "mean": 2489.2456251452218,
        "std": 271.78988441482034,
        "p25": 2288.447789380703,
        "p50": 2491.211965500364,
        "p75": 2683.47389723249
      },
      "f4_hz": {
        "n": 599,
        "mean": 3389.8163731127574,
        "std": 275.67397480520174,
        "p25": 3184.5497247770395,
        "p50": 3377.3103977477035,
        "p75": 3583.8244223806623
      },
      "vtl_cm": {
        "n": 599,
        "mean": 16.7386759256319,
        "std": 2.139780936427123,
        "p25": 15.159413892803425,