{
  "auroc_mean": 0.8351643443255963,
  "auroc_n": 16,
  "auprc_mean": 0.7158365723288269,
  "auprc_n": 16,
  "pearson_mean": 0.5548315491178073,
  "pearson_n": 16,
  "spearman_mean": 0.5146293624087523,
  "spearman_n": 16,
  "n_clips_total": 28,
  "n_pos_clips": 17
}