{
  "threshold_sec": 0.1,
  "f1": 0.8831168831168831,
  "precision": 0.9066666666666666,
  "recall": 0.8607594936708861,
  "auroc": 0.8779008438818565,
  "auprc": 0.9231924484995646
}