f1,precision,recall,auroc,auprc,timepoint,n
0.8881987577639752,0.8719512195121951,0.9050632911392406,0.8485407876230662,0.9117160623961481,14_month,230
0.9259259259259259,0.9036144578313253,0.9493670886075949,0.8004121283485427,0.9096045620290643,36_month,201
