{
  "threshold": 0.13,
  "f1": 0.9071207430340558,
  "precision": 0.8878787878787879,
  "recall": 0.9272151898734177,
  "auroc": 0.8362135388002201,
  "auprc": 0.9122643211894669
}