{
  "threshold": 0.18,
  "f1": 0.8849557522123894,
  "precision": 0.8746355685131195,
  "recall": 0.8955223880597015,
  "auroc": 0.8125316812165586,
  "auprc": 0.9140280220185633
}