f1,precision,recall,auroc,auprc,timepoint,n
0.890282131661442,0.8819875776397516,0.8987341772151899,0.8497714486638537,0.9096404003447426,14_month,230
0.9345794392523364,0.9202453987730062,0.9493670886075949,0.8447159258168973,0.9212064135784899,36_month,201
