f1,precision,recall,auroc,auprc,timepoint,n
0.8528528528528528,0.8352941176470589,0.8711656441717791,0.8061004061176877,0.8910594040758175,14_month,234
0.9159420289855073,0.9132947976878613,0.9186046511627907,0.796345514950166,0.9308217778709234,36_month,207
