{
  "threshold": 0.13,
  "f1": 0.8879184861717613,
  "precision": 0.8664772727272727,
  "recall": 0.9104477611940298,
  "auroc": 0.7869050971557308,
  "auprc": 0.8945790768314902
}