f1,precision,recall,auroc,auprc,timepoint,n
0.8579881656804734,0.8285714285714286,0.8895705521472392,0.7922751231314266,0.8771191527378949,14_month,234
0.9169054441260746,0.903954802259887,0.9302325581395349,0.7495016611295681,0.9076011410212639,36_month,207
