f1,f1_macro,f1_weighted,balanced_accuracy,precision,recall,auroc,auprc,timepoint,n
0.851963746223565,0.744500391630301,0.7864710580165114,0.7380020865936359,0.834319526627219,0.8703703703703703,0.8049034950443401,0.8893775267700987,14_month,233
0.9164265129682997,0.748068328947918,0.8597675087306713,0.7452518579686209,0.9137931034482759,0.9190751445086706,0.7970272502064408,0.931379674901163,36_month,208
