{
  "threshold": 0.18,
  "f1": 0.9125,
  "precision": 0.9012345679012346,
  "recall": 0.9240506329113924,
  "auroc": 0.853026967528894,
  "auprc": 0.9152923611710674
}