{
  "threshold_sec": 0.1,
  "f1": 0.9015384615384615,
  "precision": 0.8772455089820359,
  "recall": 0.9272151898734177,
  "auroc": 0.867735277930655,
  "auprc": 0.9318673900973115
}