f1,precision,recall,auroc,auprc,timepoint,n
0.8579881656804734,0.8285714285714286,0.8895705521472392,0.7970707681672858,0.8735656598267039,14_month,234
0.9142857142857143,0.898876404494382,0.9302325581395349,0.8108803986710964,0.9458911757268231,36_month,207
