f1,precision,recall,auroc,auprc,timepoint,n
0.88,0.8562874251497006,0.9050632911392406,0.8533755274261603,0.9049602789237352,14_month,230
0.9230769230769231,0.8982035928143712,0.9493670886075949,0.878863703267589,0.9538751135748504,36_month,201
