{
  "threshold_sec": 0.1,
  "f1": 0.8866279069767442,
  "precision": 0.8640226628895185,
  "recall": 0.9104477611940298,
  "auroc": 0.8108842579555054,
  "auprc": 0.9155293736377415
}