{
  "auroc_mean": 0.8225618061441431,
  "auroc_n": 19,
  "auprc_mean": 0.7065422825464788,
  "auprc_n": 19,
  "pearson_mean": 0.5469987110087746,
  "pearson_n": 19,
  "spearman_mean": 0.5039897000471576,
  "spearman_n": 19,
  "n_clips_total": 19,
  "n_pos_clips": 19
}