epoch,train_loss,val_loss,val_f1,val_auroc,val_threshold
1,0.4032694578022506,0.3404662229120731,0.80306905370844,0.7690987194298453,0.95
2,0.302625321519019,0.30394000432321006,0.7841530054644809,0.7833769952975251,0.95
3,0.28196313617686136,0.2919501564332417,0.7393225331369662,0.7942951982687083,0.95
4,0.26492206952465114,0.2795453512242862,0.7922971114167813,0.7904388434189759,0.95
5,0.25029598287682037,0.28780315326792855,0.7903871829105474,0.7805701547423403,0.95
6,0.23288930856173312,0.273152674308845,0.7821229050279329,0.7921961696796134,0.95
