{
  "lr_coefficients": {
    "babar_prob": 1.5520486923440255,
    "vtc_prob": 1.621170124078701,
    "vtc_kchi_prob": 1.5520486923440255,
    "vbx_prob": 0.21060004230320342,
    "usc_sail_prob": 0.46283148338166213,
    "pyannote_prob": 0.2770156879954202,
    "eend_eda_prob": 0.11726466665047124,
    "sortformer_prob": 1.1274863702560634,
    "wavlm_mil_prob": 0.8952505027785943,
    "whisper_mil_prob": 2.8238904873320863,
    "audio_llm_prob": 0.7098665560878744,
    "speaker_informed_av_prob": 1.5326420002504173,
    "timepoint_is_36m": 0.4269009078004943
  }
}