{
  "threshold": 0.185,
  "f1": 0.8603773584905661,
  "f1_macro": 0.7640210145746243,
  "f1_weighted": 0.8122418598469955,
  "balanced_accuracy": 0.7991681110636624,
  "precision": 0.9205921938088829,
  "recall": 0.807556080283353,
  "auroc": 0.8199402145243537,
  "auprc": 0.8989910072501865
}