f1,f1_macro,f1_weighted,balanced_accuracy,precision,recall,auroc,auprc,timepoint,n
0.8813559322033898,0.8227004380118073,0.8451923944311359,0.8385471898197243,0.9176470588235294,0.8478260869565217,0.8617444326617179,0.9043232601912972,14_month,266
0.8390804597701149,0.7400530503978779,0.7966401414677277,0.8316498316498316,0.9733333333333334,0.7373737373737373,0.8421717171717171,0.9264916679158024,36_month,252
