{
  "threshold_sec": 0.5,
  "f1": 0.8735348550277606,
  "f1_macro": 0.7758569094605051,
  "f1_weighted": 0.8247391408559872,
  "balanced_accuracy": 0.8009244140772187,
  "precision": 0.9147286821705426,
  "recall": 0.8358913813459268,
  "auroc": 0.8648902676949098,
  "auprc": 0.9429448371485726
}