f1,f1_macro,f1_weighted,balanced_accuracy,precision,recall,auroc,auprc,timepoint,n
0.8746518105849582,0.807268101824271,0.8331069675896473,0.8168743372216332,0.8971428571428571,0.8532608695652174,0.8723488865323435,0.9334215357999122,14_month,266
0.8690807799442897,0.7724714244549035,0.8276767704488385,0.8476430976430976,0.968944099378882,0.7878787878787878,0.8564814814814814,0.9397428999408595,36_month,252
