{
  "auroc_mean": 0.8785543185962844,
  "auroc_n": 6,
  "auprc_mean": 0.8504191779772765,
  "auprc_n": 6,
  "pearson_mean": 0.602141817410787,
  "pearson_n": 6,
  "spearman_mean": 0.5166393012360145,
  "spearman_n": 6,
  "n_clips_total": 6,
  "n_pos_clips": 6
}