{
  "threshold": 0.1,
  "f1": 0.8591065292096219,
  "precision": 0.9398496240601504,
  "recall": 0.7911392405063291,
  "auroc": 0.8632361034672538,
  "auprc": 0.92299137065464
}