f1,precision,recall,auroc,auprc,timepoint,n
0.8424657534246576,0.917910447761194,0.7784810126582279,0.8514416315049227,0.894892943232006,14_month,230
0.8758620689655172,0.9621212121212122,0.8037974683544303,0.8839417132764203,0.9562661831514467,36_month,201
