f1,f1_macro,f1_weighted,balanced_accuracy,precision,recall,auroc,auprc,timepoint,n
0.8410596026490066,0.7741883379098691,0.8003054413058412,0.8004260128673275,0.9071428571428571,0.7839506172839507,0.8168579377499565,0.8720102295955476,14_month,233
0.8444444444444444,0.6796479647964797,0.7889840907167639,0.7558216350123865,0.9366197183098591,0.7687861271676301,0.8206440957886045,0.9462072905147599,36_month,208
