{
  "threshold": 0.1,
  "f1": 0.8427876823338736,
  "precision": 0.9219858156028369,
  "recall": 0.7761194029850746,
  "auroc": 0.8167136018023091,
  "auprc": 0.9094724547631501
}