{
  "auroc_mean": 0.859991339622469,
  "auroc_n": 16,
  "auprc_mean": 0.8306130249311254,
  "auprc_n": 16,
  "pearson_mean": 0.6609224886633456,
  "pearson_n": 16,
  "spearman_mean": 0.6415640480544798,
  "spearman_n": 16,
  "n_clips_total": 19,
  "n_pos_clips": 16
}