epoch,train_loss,val_loss,val_f1,val_auroc,val_threshold
1,0.37473976875052734,0.34546114385128024,0.8369565217391305,0.8130619380619379,0.9
2,0.29004768379942863,0.35388029769062995,0.8186915887850468,0.8100805444555444,0.95
3,0.27388751580974097,0.33477873653173446,0.8297101449275363,0.8140921578421578,0.95
4,0.2538320529548561,0.3031116001307964,0.8076923076923077,0.8194930069930069,0.95
5,0.25758892476423834,0.2989843183755875,0.8166351606805293,0.8285152347652348,0.95
6,0.2328948399127878,0.32057738333940505,0.8172043010752689,0.807348901098901,0.95
