prob_bin,n,mean_prob,actual_pos_rate,accuracy
"(-0.001, 0.2]",128,0.15348611773418303,0.3984375,0.6015625
"(0.2, 0.4]",21,0.2829222457484657,0.7142857142857143,0.2857142857142857
"(0.4, 0.5]",8,0.4554235340394014,0.5,0.5
"(0.5, 0.6]",37,0.551110518200679,0.8378378378378378,0.8378378378378378
"(0.6, 0.8]",68,0.7077775633404846,0.8676470588235294,0.8676470588235294
"(0.8, 1.0]",179,0.9345942601700719,0.9776536312849162,0.9776536312849162
