multi_child,has_interaction,n,accuracy,n_fp,n_fn,fp_rate,fn_rate
False,False,77,0.8701298701298701,3,7,0.10344827586206896,0.14583333333333334
False,True,270,0.7814814814814814,8,51,0.17777777777777778,0.22666666666666666
True,False,17,0.7058823529411765,4,1,0.36363636363636365,0.16666666666666666
True,True,77,0.8051948051948052,4,11,0.19047619047619047,0.19642857142857142
