{
  "total_test_clips": 441,
  "total_errors": 89,
  "error_rate": 0.2018140589569161,
  "n_false_positives": 19,
  "n_false_negatives": 70,
  "fn_silent_child": 51,
  "fn_silent_child_pct": 0.7285714285714285,
  "fn_vocal_child": 19,
  "fp_rate_multi_child": 0.25,
  "fp_rate_single_child": 0.14864864864864866,
  "fn_rate_with_interaction": 0.2206405693950178,
  "fn_rate_without_interaction": 0.14814814814814814,
  "n_children_perfect": 57,
  "n_children_below_70pct": 34,
  "hardest_task": "unknown",
  "easiest_task": "generalsocialinteraction",
  "mean_fp_kchi_dur": 2.3747368421052633,
  "mean_fn_kchi_dur": 1.9751428571428566
}