f1,precision,recall,auroc,auprc,timepoint,n
0.8861538461538462,0.9411764705882353,0.8372093023255814,0.8371262458471762,0.9543373244343326,36_month,207
