{
  "threshold_sec": 0.1,
  "f1": 0.8861538461538462,
  "precision": 0.9411764705882353,
  "recall": 0.8372093023255814,
  "auroc": 0.8371262458471762,
  "auprc": 0.9543373244343326
}