{
  "auroc_mean": 0.8183969969058348,
  "auroc_n": 478,
  "auprc_mean": 0.7311523703561829,
  "auprc_n": 478,
  "pearson_mean": 0.5130213250887206,
  "pearson_n": 482,
  "spearman_mean": 0.48859992226099785,
  "spearman_n": 482,
  "n_clips_total": 725,
  "n_pos_clips": 530
}