epoch,train_loss,val_loss,val_f1,val_auroc,val_threshold
1,0.5675568273902809,0.5036375529092291,0.856687898089172,0.6812017769464578,0.3
2,0.49820753861300265,0.46714916566143866,0.8548895899053628,0.7173641960876004,0.2
3,0.472888217355213,0.45511130632265756,0.8544303797468354,0.7430052217286262,0.1
4,0.44073859814309724,0.45194418841729994,0.8544303797468354,0.7443691060712339,0.1
5,0.43751684048750106,0.42074564876763715,0.8557692307692307,0.7468240978879277,0.35
6,0.4228256510665817,0.4102329958392226,0.8542713567839196,0.7437456160860416,0.6
