f1,precision,recall,auroc,auprc,timepoint,n
0.8051948051948052,0.7294117647058823,0.8985507246376812,0.546976511744128,0.7268441253580805,14_month,196
0.8827586206896552,0.8258064516129032,0.9481481481481482,0.5781893004115226,0.7808373434390494,36_month,171
