{
  "threshold": 0.1,
  "f1": 0.842809364548495,
  "precision": 0.7753846153846153,
  "recall": 0.9230769230769231,
  "auroc": 0.5595432935858468,
  "auprc": 0.7468367789072561
}