f1,f1_macro,f1_weighted,balanced_accuracy,precision,recall,auroc,auprc,timepoint,n
0.7705192629815746,0.48467483616914986,0.5888889501111797,0.5086034288574647,0.6865671641791045,0.8778625954198473,0.5253722938305594,0.7018795335686512,14_month,384
0.8571428571428571,0.5176803394625177,0.7118011340304536,0.5261960744224085,0.7955271565495208,0.9291044776119403,0.4881925986505827,0.779067004769944,36_month,341
