{
  "threshold": 0.1,
  "f1": 0.8132427843803056,
  "precision": 0.7391975308641975,
  "recall": 0.9037735849056604,
  "auroc": 0.5147798742138365,
  "auprc": 0.7385106917267188
}