f1,precision,recall,auroc,auprc,timepoint,n
0.8050314465408805,0.7111111111111111,0.927536231884058,0.5435407296351824,0.7490346693104803,14_month,196
0.8677966101694915,0.8,0.9481481481481482,0.5951646090534979,0.8431560713554258,36_month,171
