f1,precision,recall,auroc,auprc,timepoint,n
0.7779578606158833,0.6779661016949152,0.9125475285171103,0.5525774481082093,0.7434360429439271,14_month,385
0.8556876061120543,0.782608695652174,0.9438202247191011,0.5669026730285773,0.8316049623800286,36_month,340
