{
  "threshold_sec": 0.5,
  "f1": 0.835236541598695,
  "precision": 0.7529411764705882,
  "recall": 0.9377289377289377,
  "auroc": 0.5679019561998285,
  "auprc": 0.7899671213616725
}