{
  "threshold_sec": 0.5,
  "f1": 0.8159203980099502,
  "precision": 0.727810650887574,
  "recall": 0.9283018867924528,
  "auroc": 0.5637203676826318,
  "auprc": 0.7882173977275959
}