{
  "auroc_mean": 0.8502412936080705,
  "auroc_n": 359,
  "auprc_mean": 0.7512387126413789,
  "auprc_n": 359,
  "pearson_mean": 0.5671544293407351,
  "pearson_n": 360,
  "spearman_mean": 0.5212984067186348,
  "spearman_n": 360,
  "n_clips_total": 535,
  "n_pos_clips": 426
}