f1,f1_macro,f1_weighted,balanced_accuracy,precision,recall,auroc,auprc,timepoint,n
0.744954128440367,0.5608178713950713,0.6279508817761688,0.5595357276936553,0.7173144876325088,0.7748091603053435,0.6388124139657115,0.7871641406453663,14_month,384
0.8774422735346359,0.6488051703807634,0.7795507279027726,0.6320537722347168,0.8372881355932204,0.9216417910447762,0.6799734205683909,0.8643493537683546,36_month,341
