{
  "threshold": 0.10500000000000001,
  "f1": 0.8466898954703833,
  "precision": 0.8073089700996677,
  "recall": 0.8901098901098901,
  "auroc": 0.7373548437378225,
  "auprc": 0.8744905608317741
}