f1,precision,recall,auroc,auprc,timepoint,n
0.7808219178082192,0.7402597402597403,0.8260869565217391,0.66547976011994,0.8232871482095901,14_month,196
0.9148936170212766,0.8775510204081632,0.9555555555555556,0.8137860082304528,0.9196301195581267,36_month,171
