{
  "threshold": 0.10500000000000001,
  "f1": 0.8122743682310469,
  "precision": 0.7785467128027682,
  "recall": 0.8490566037735849,
  "auroc": 0.6713691340106435,
  "auprc": 0.8299669617235425
}