{
  "threshold_sec": 0.1,
  "f1": 0.8284734133790738,
  "precision": 0.7594339622641509,
  "recall": 0.9113207547169812,
  "auroc": 0.6558345428156749,
  "auprc": 0.8235765074959993
}