f1,precision,recall,auroc,auprc,timepoint,n
0.7753001715265866,0.70625,0.8593155893536122,0.6229196534314031,0.7674496840237057,14_month,385
0.8816466552315609,0.8132911392405063,0.9625468164794008,0.6782361089733723,0.8718203390786265,36_month,340
