f1,precision,recall,auroc,auprc,timepoint,n
0.8155339805825242,0.7368421052631579,0.9130434782608695,0.6190029985007497,0.798357996710692,14_month,196
0.9054054054054054,0.8322981366459627,0.9925925925925926,0.720679012345679,0.8598009058817091,36_month,171
