{
  "threshold_sec": 0.1,
  "f1": 0.859504132231405,
  "precision": 0.7831325301204819,
  "recall": 0.9523809523809523,
  "auroc": 0.6702712181435586,
  "auprc": 0.8318350087683626
}