{
  "n_branches": 5,
  "best_branch_by_val_auroc": "branch_3",
  "best_branch_val": {
    "f1": 0.8530670470756063,
    "precision": 0.7766233766233767,
    "recall": 0.9462025316455697,
    "auroc": 0.7212162905888828,
    "auprc": 0.8772541141886876
  },
  "best_branch_test": {
    "f1": 0.876010781671159,
    "precision": 0.7985257985257985,
    "recall": 0.9701492537313433,
    "auroc": 0.7415375950436498,
    "auprc": 0.8851063358709992
  },
  "topk_branches": [
    "branch_3",
    "branch_1",
    "branch_4"
  ],
  "per_branch": {
    "branch_0": {
      "val": {
        "f1": 0.8460508701472557,
        "precision": 0.7331786542923434,
        "recall": 1.0,
        "auroc": 0.49556962025316453,
        "auprc": 0.7463764467310685
      },
      "test": {
        "f1": 0.8634020618556701,
        "precision": 0.7596371882086168,
        "recall": 1.0,
        "auroc": 0.5280484370599832,
        "auprc": 0.7619733980615154
      },
      "val_threshold": 0.05
    },
    "branch_1": {
      "val": {
        "f1": 0.8502024291497976,
        "precision": 0.7411764705882353,
        "recall": 0.9968354430379747,
        "auroc": 0.6899834892680242,
        "auprc": 0.8314100481217401
      },
      "test": {
        "f1": 0.8612191958495461,
        "precision": 0.7614678899082569,
        "recall": 0.991044776119403,
        "auroc": 0.7152633061109547,
        "auprc": 0.8575526264967381
      },
      "val_threshold": 0.05
    },
    "branch_2": {
      "val": {
        "f1": 0.8535911602209945,
        "precision": 0.7573529411764706,
        "recall": 0.9778481012658228,
        "auroc": 0.6227848101265823,
        "auprc": 0.7834171741364665
      },
      "test": {
        "f1": 0.8654353562005277,
        "precision": 0.7754137115839244,
        "recall": 0.9791044776119403,
        "auroc": 0.6744015770205576,
        "auprc": 0.8477395206428638
      },
      "val_threshold": 0.3
    },
    "branch_3": {
      "val": {
        "f1": 0.8530670470756063,
        "precision": 0.7766233766233767,
        "recall": 0.9462025316455697,
        "auroc": 0.7212162905888828,
        "auprc": 0.8772541141886876
      },
      "test": {
        "f1": 0.876010781671159,
        "precision": 0.7985257985257985,
        "recall": 0.9701492537313433,
        "auroc": 0.7415375950436498,
        "auprc": 0.8851063358709992
      },
      "val_threshold": 0.75
    },
    "branch_4": {
      "val": {
        "f1": 0.8485675306957708,
        "precision": 0.7458033573141487,
        "recall": 0.9841772151898734,
        "auroc": 0.6471106219042377,
        "auprc": 0.8198641717618017
      },
      "test": {
        "f1": 0.868766404199475,
        "precision": 0.775175644028103,
        "recall": 0.9880597014925373,
        "auroc": 0.6446916361588284,
        "auprc": 0.8243112318180978
      },
      "val_threshold": 0.1
    }
  }
}