{
  "n_rows": 17028,
  "n_branches": 5,
  "k_frac": 0.1,
  "per_branch": {
    "branch_0_weight": {
      "mean_attn": 0.025898520146116554,
      "std_attn": 0.14774785343286556,
      "min_attn": 0.0,
      "max_attn": 1.0
    },
    "branch_1_weight": {
      "mean_attn": 0.02589852021035533,
      "std_attn": 0.08227436850436708,
      "min_attn": 1.6821677921051093e-14,
      "max_attn": 1.0
    },
    "branch_2_weight": {
      "mean_attn": 0.025898520207512724,
      "std_attn": 0.14647329349961621,
      "min_attn": 1.6465256955816597e-42,
      "max_attn": 1.0
    },
    "branch_3_weight": {
      "mean_attn": 0.025898520065608853,
      "std_attn": 0.08474697465579765,
      "min_attn": 3.777078476374651e-12,
      "max_attn": 1.0
    },
    "branch_4_weight": {
      "mean_attn": 0.02589852008701439,
      "std_attn": 0.10288364816834465,
      "min_attn": 1.35986979055841e-13,
      "max_attn": 1.0
    }
  },
  "pairwise_cosine": {
    "0_0": 0.9999999999998981,
    "0_1": 0.10368724939974651,
    "0_2": 0.0513095202574537,
    "0_3": 0.04481533409718292,
    "0_4": 0.03251320934531428,
    "1_0": 0.10368724939974651,
    "1_1": 0.9999999999998224,
    "1_2": 0.03574374901759686,
    "1_3": 0.3623339518001978,
    "1_4": 0.09461775673625852,
    "2_0": 0.0513095202574537,
    "2_1": 0.03574374901759686,
    "2_2": 0.9999999999998972,
    "2_3": 0.09602053996700792,
    "2_4": 0.09956139703072045,
    "3_0": 0.04481533409718292,
    "3_1": 0.3623339518001978,
    "3_2": 0.09602053996700792,
    "3_3": 0.999999999999827,
    "3_4": 0.054406002587709286,
    "4_0": 0.03251320934531428,
    "4_1": 0.09461775673625852,
    "4_2": 0.09956139703072045,
    "4_3": 0.054406002587709286,
    "4_4": 0.9999999999998556
  },
  "pairwise_topk_overlap": {
    "0_0": 1.0,
    "0_1": 0.07221868858104553,
    "0_2": 0.058065435816904536,
    "0_3": 0.023582766439909295,
    "0_4": 0.028820567999300228,
    "1_0": 0.07221868858104553,
    "1_1": 1.0,
    "1_2": 0.01750717301146168,
    "1_3": 0.1430787494408122,
    "1_4": 0.05019300941161569,
    "2_0": 0.058065435816904536,
    "2_1": 0.01750717301146168,
    "2_2": 1.0,
    "2_3": 0.06016254138584953,
    "2_4": 0.078045351153436,
    "3_0": 0.023582766439909295,
    "3_1": 0.1430787494408122,
    "3_2": 0.06016254138584953,
    "3_3": 1.0,
    "3_4": 0.027989358444196605,
    "4_0": 0.028820567999300228,
    "4_1": 0.05019300941161569,
    "4_2": 0.078045351153436,
    "4_3": 0.027989358444196605,
    "4_4": 1.0
  },
  "mean_off_diag_cosine": 0.09750087102391883,
  "mean_off_diag_overlap": 0.05596636416845313
}