{
  "branch_0": {
    "mean_of_clip_means": 0.06028375029563904,
    "std_of_clip_means": 0.08573190122842789,
    "mean_of_clip_stds": 0.1902598738670349
  },
  "branch_1": {
    "mean_of_clip_means": 0.060283757746219635,
    "std_of_clip_means": 0.08573190122842789,
    "mean_of_clip_stds": 0.10264739394187927
  },
  "branch_2": {
    "mean_of_clip_means": 0.06028375029563904,
    "std_of_clip_means": 0.08573190122842789,
    "mean_of_clip_stds": 0.19020049273967743
  },
  "branch_3": {
    "mean_of_clip_means": 0.06028375029563904,
    "std_of_clip_means": 0.08573190122842789,
    "mean_of_clip_stds": 0.10460679978132248
  },
  "branch_4": {
    "mean_of_clip_means": 0.06028375029563904,
    "std_of_clip_means": 0.08573190122842789,
    "mean_of_clip_stds": 0.13182859122753143
  }
}