branch,n_windows,n_clips,n_clips_with_child_rttm,pearson_r,pearson_pval,spearman_rho,spearman_pval,auroc_ranking
branch_0_weight,17028,441,419,-0.019294858778230055,0.01180694816979841,-0.08153355427797103,1.6279500307548321e-26,0.49105374556504344
branch_1_weight,17028,441,419,0.14019834636324924,1.758323423595066e-75,0.35886101527897807,0.0,0.7139318805081631
branch_2_weight,17028,441,419,-0.03383064839540512,1.007545479785519e-05,-0.07894966462865627,5.867062683167034e-25,0.44667360146086854
branch_3_weight,17028,441,419,0.03636583241889008,2.0681418473704063e-06,0.20945818681968426,3.934730034700512e-168,0.6238852992189617
branch_4_weight,17028,441,419,0.00413299597666932,0.5896915588839075,-0.022587167565092568,0.0032026122389438643,0.4596208130214836
mean_weight,17028,441,419,0.02616305889967366,0.0006392560637778589,0.13717652246261897,2.5951029018863207e-72,0.577509288368867
