branch,val_f1,val_auroc,val_auprc,test_f1,test_auroc,test_auprc,val_threshold
branch_0,0.8460508701472557,0.49556962025316453,0.7463764467310685,0.8634020618556701,0.5280484370599832,0.7619733980615154,0.05
branch_1,0.8502024291497976,0.6899834892680242,0.8314100481217401,0.8612191958495461,0.7152633061109547,0.8575526264967381,0.05
branch_2,0.8535911602209945,0.6227848101265823,0.7834171741364665,0.8654353562005277,0.6744015770205576,0.8477395206428638,0.3
branch_3,0.8530670470756063,0.7212162905888828,0.8772541141886876,0.876010781671159,0.7415375950436498,0.8851063358709992,0.75
branch_4,0.8485675306957708,0.6471106219042377,0.8198641717618017,0.868766404199475,0.6446916361588284,0.8243112318180978,0.1
mean,0.8579387186629527,0.6716290588882773,0.8225641204694748,0.8728246318607764,0.7255984229794423,0.8795537003395227,0.55
max_over_branches,0.8524590163934426,0.7062465602641718,0.8433935904693217,0.868766404199475,0.7097155730780061,0.8549866094081573,0.8
"topk_mean_(k=3,idx=[3, 1, 4])",0.8575380359612724,0.7015685195376995,0.8580335776369847,0.8711819389110226,0.7212616164460715,0.8739321000711338,0.45
