f1,precision,recall,auroc,auprc,timepoint,n
0.7547169811320755,0.6666666666666666,0.8695652173913043,0.49599253403601223,0.6864637911376333,14_month,204
0.8617363344051447,0.8271604938271605,0.8993288590604027,0.4632846427161469,0.8040467071201977,36_month,183
