{
  "threshold": 0.1,
  "f1": 0.8076311605723371,
  "precision": 0.7426900584795322,
  "recall": 0.8850174216027874,
  "auroc": 0.4743554006968641,
  "auprc": 0.7342172024479267
}