{
  "threshold": 0.1,
  "f1": 0.8485401459854015,
  "precision": 0.785472972972973,
  "recall": 0.9226190476190477,
  "auroc": 0.5643655785165219,
  "auprc": 0.7908632343697442
}