f1,f1_macro,f1_weighted,balanced_accuracy,precision,recall,auroc,auprc,timepoint,n
0.8035714285714286,0.5399436090225564,0.6450985258089044,0.549938070037158,0.7234726688102894,0.9036144578313253,0.5637690950718763,0.7515433875625754,14_month,356
0.8955223880597015,0.5887868350554918,0.7916119727097412,0.5763574660633484,0.8540925266903915,0.9411764705882353,0.5766968325791855,0.843990111856979,36_month,307
