f1,precision,recall,auroc,auprc,timepoint,n
0.8090277777777778,0.7147239263803681,0.932,0.5775514018691589,0.7581926675176058,14_month,357
0.8768656716417911,0.8333333333333334,0.9251968503937008,0.6189430648092066,0.8850058224201082,36_month,306
