{
  "threshold_sec": 0.75,
  "f1": 0.841726618705036,
  "precision": 0.7697368421052632,
  "recall": 0.9285714285714286,
  "auroc": 0.5968852949985025,
  "auprc": 0.8164553277259381
}