{
  "threshold_sec": 0.75,
  "f1": 0.8237129485179407,
  "precision": 0.7457627118644068,
  "recall": 0.9198606271777003,
  "auroc": 0.5336933797909408,
  "auprc": 0.7690347784602173
}