f1,precision,recall,auroc,auprc,timepoint,n
0.7852760736196319,0.6808510638297872,0.927536231884058,0.5376043039086518,0.7187772298195574,14_month,204
0.8634920634920635,0.8192771084337349,0.912751677852349,0.5111527832609555,0.8208762541651862,36_month,183
