f1,f1_macro,f1_weighted,balanced_accuracy,precision,recall,auroc,auprc,timepoint,n
0.32142857142857145,0.40256211180124224,0.37251265240395676,0.5376258611552729,0.7758620689655172,0.20270270270270271,0.5209989401165872,0.7162736162280984,14_month,324
0.6166219839142091,0.498787182433295,0.5729216601861881,0.6265969802555168,0.905511811023622,0.46747967479674796,0.6236207897793263,0.8787546896935632,36_month,302
