{
  "threshold": 0.23,
  "f1": 0.4900459418070444,
  "f1_macro": 0.4670596987833219,
  "f1_weighted": 0.478442662581012,
  "balanced_accuracy": 0.5918262468895381,
  "precision": 0.8648648648648649,
  "recall": 0.3418803418803419,
  "auroc": 0.5802161094882614,
  "auprc": 0.8143367403827435
}