{
  "threshold": 0.23,
  "f1": 0.4954954954954955,
  "f1_macro": 0.4696020523835093,
  "f1_weighted": 0.4829361561592881,
  "balanced_accuracy": 0.6065826065826065,
  "precision": 0.8918918918918919,
  "recall": 0.34303534303534305,
  "auroc": 0.6235858735858735,
  "auprc": 0.8272011296799305
}