f1,f1_macro,f1_weighted,balanced_accuracy,precision,recall,auroc,auprc,timepoint,n
0.3853820598006645,0.4230117296087871,0.4066510036052555,0.5596070596070596,0.8285714285714286,0.2510822510822511,0.5810855810855811,0.7804923964191289,14_month,322
0.5863013698630137,0.5038786542801659,0.5531216185421229,0.6505079365079365,0.9304347826086956,0.428,0.657968253968254,0.8625473817790463,36_month,313
