f1,f1_macro,f1_weighted,balanced_accuracy,precision,recall,auroc,auprc,timepoint,n
0.5882352941176471,0.5089324618736384,0.5434119541536421,0.5567765567765568,0.7692307692307693,0.47619047619047616,0.5641739213167785,0.776893612911731,14_month,322
0.6810551558752997,0.5223457597558316,0.6171657504086768,0.5855873015873015,0.8502994011976048,0.568,0.6064761904761905,0.8354707882784478,36_month,313
