{
  "threshold_sec": 0.75,
  "f1": 0.6371681415929203,
  "f1_macro": 0.5190016073309069,
  "f1_weighted": 0.5798527202500855,
  "balanced_accuracy": 0.5736425736425736,
  "precision": 0.8129032258064516,
  "recall": 0.5239085239085239,
  "auroc": 0.588998838998839,
  "auprc": 0.807436248249783
}