{
  "threshold_sec": 0.75,
  "f1": 0.6010362694300518,
  "f1_macro": 0.47968480138169256,
  "f1_weighted": 0.5397789788497299,
  "balanced_accuracy": 0.5200151465974251,
  "precision": 0.7631578947368421,
  "recall": 0.49572649572649574,
  "auroc": 0.5328018500486854,
  "auprc": 0.7788073139449596
}