f1,f1_macro,f1_weighted,balanced_accuracy,precision,recall,auroc,auprc,timepoint,n
0.5245901639344263,0.4537844436693408,0.4800087845082613,0.4809220985691574,0.6666666666666666,0.43243243243243246,0.49503179650238477,0.7025592880634046,14_month,324
0.6699507389162561,0.49659153107428966,0.6056585823655931,0.562137049941928,0.85,0.5528455284552846,0.5615563298490127,0.8456427202055409,36_month,302
