{
  "av_helped_fp": {
    "n_clips": 3,
    "mean_proba_delta": 0.011803312685050407,
    "mean_visual_eligibility": 0.3717589397167898
  },
  "av_helped_fn": {
    "n_clips": 8,
    "mean_proba_delta": 0.19720574999982704,
    "mean_visual_eligibility": 0.5725328102314338
  },
  "av_hurt_fp": {
    "n_clips": 6,
    "mean_proba_delta": 0.2084887673457463,
    "mean_visual_eligibility": 0.4472465760578895
  },
  "av_hurt_fn": {
    "n_clips": 6,
    "mean_proba_delta": 0.0,
    "mean_visual_eligibility": 0.28903265736791617
  },
  "off_camera_miss": {
    "n_clips": 38,
    "mean_proba_delta": 0.04459682881439986,
    "mean_visual_eligibility": 0.3488421927860342
  },
  "multi_face_ambiguous": {
    "n_clips": 22,
    "mean_proba_delta": 0.0614936885169961,
    "mean_visual_eligibility": 0.4050382522944877
  }
}