model,visual_eligible,auroc,auprc,f1,precision,recall,balanced_accuracy,threshold,n_clips
audio_only,0,0.8108354011579818,0.9274901591623212,0.8926174496644296,0.9300699300699301,0.8580645161290322,0.8008271298593879,0.12878787878787878,194
video_only,0,0.7182795698924731,0.9130061402724193,0.8882521489971347,0.7989690721649485,1.0,0.5,0.1386868686868687,194
always_fuse,0,0.850620347394541,0.9509831886981854,0.9006622516556292,0.9251700680272109,0.8774193548387097,0.7976840363937139,0.22777777777777777,194
gated_av,0,0.8108354011579818,0.9274901591623212,0.8758620689655172,0.9407407407407408,0.8193548387096774,0.8071133167907361,0.19808080808080808,194
audio_only,1,0.8318407960199004,0.920146519713268,0.8504398826979472,0.9006211180124224,0.8055555555555556,0.7833747927031509,0.12878787878787878,247
video_only,1,0.6454394693200664,0.8339348952059843,0.8430913348946136,0.728744939271255,1.0,0.5,0.1386868686868687,247
always_fuse,1,0.8464344941956883,0.939686407384198,0.8571428571428571,0.901840490797546,0.8166666666666667,0.7889303482587064,0.22777777777777777,247
gated_av,1,0.8464344941956883,0.939686407384198,0.864406779661017,0.8793103448275862,0.85,0.7682835820895522,0.19808080808080808,247
