model,age_band,auroc,auprc,f1,precision,recall,balanced_accuracy,threshold,n_clips
audio_only,14_18_months,0.8257582303637778,0.8966874932079061,0.8679245283018868,0.8903225806451613,0.8466257668711656,0.8035945735764278,0.12878787878787878,234
video_only,14_18_months,0.6238658947550333,0.7973222677716088,0.8211586901763224,0.6965811965811965,1.0,0.5,0.1386868686868687,234
always_fuse,14_18_months,0.8385034131167373,0.9138210718391189,0.8670886075949367,0.8954248366013072,0.8404907975460123,0.8075693424349779,0.22777777777777777,234
gated_av,14_18_months,0.8225179296638728,0.909442171445273,0.8562300319488818,0.8933333333333333,0.8220858895705522,0.7983668884472479,0.19808080808080808,234
audio_only,34_38_months,0.8274086378737542,0.9492638139956718,0.8722741433021807,0.9395973154362416,0.813953488372093,0.778405315614618,0.12878787878787878,207
video_only,34_38_months,0.6877076411960132,0.9194265109945898,0.9076517150395779,0.8309178743961353,1.0,0.5,0.1386868686868687,207
always_fuse,34_38_months,0.8503322259136212,0.9652453575356295,0.8875379939209727,0.9299363057324841,0.8488372093023255,0.7672757475083056,0.22777777777777777,207
gated_av,34_38_months,0.8205980066445182,0.9551337024523543,0.8821752265861027,0.9182389937106918,0.8488372093023255,0.738704318936877,0.19808080808080808,207
