{
  "audio_only": {
    "auroc": 0.826034919740918,
    "auprc": 0.922791163208275,
    "f1": 0.8701095461658842,
    "precision": 0.9144736842105263,
    "recall": 0.8298507462686567,
    "balanced_accuracy": 0.7922838637003662,
    "threshold": 0.12878787878787878,
    "n_clips": 441
  },
  "video_only": {
    "auroc": 0.6807659814136864,
    "auprc": 0.8747553945568627,
    "f1": 0.8634020618556701,
    "precision": 0.7596371882086168,
    "recall": 1.0,
    "balanced_accuracy": 0.5,
    "threshold": 0.1386868686868687,
    "n_clips": 441
  },
  "always_fuse": {
    "auroc": 0.8511686848774993,
    "auprc": 0.9440698994956007,
    "f1": 0.8775193798449612,
    "precision": 0.9129032258064517,
    "recall": 0.844776119402985,
    "balanced_accuracy": 0.7950295691354548,
    "threshold": 0.22777777777777777,
    "n_clips": 441
  },
  "gated_av": {
    "auroc": 0.8264010137989299,
    "auprc": 0.9342370959795439,
    "f1": 0.8695652173913043,
    "precision": 0.9061488673139159,
    "recall": 0.835820895522388,
    "balanced_accuracy": 0.7811179949310053,
    "threshold": 0.19808080808080808,
    "n_clips": 441
  }
}