{
  "threshold_sec": 0.5,
  "f1": 0.8310249307479224,
  "precision": 0.7389162561576355,
  "recall": 0.9493670886075949,
  "auroc": 0.7222222222222222,
  "auprc": 0.8422912892397976
}