f1,precision,recall,auroc,auprc,timepoint,n
0.8247978436657682,0.7355769230769231,0.9386503067484663,0.7224574440508079,0.8439303494921079,14_month,234
