{
  "threshold": 0.1,
  "f1": 0.819672131147541,
  "precision": 0.7839721254355401,
  "recall": 0.8587786259541985,
  "auroc": 0.6615910004017678,
  "auprc": 0.8102874108340861
}