{
  "threshold": 0.1,
  "f1": 0.8218954248366013,
  "precision": 0.7859375,
  "recall": 0.8613013698630136,
  "auroc": 0.680638511978186,
  "auprc": 0.8311484955240918
}