f1,f1_macro,f1_weighted,balanced_accuracy,precision,recall,auroc,auprc,timepoint,n
0.7739837398373983,0.5808244690376418,0.6482696301007397,0.5795980261128817,0.7190332326283988,0.8380281690140845,0.6323763750385526,0.7557209198352236,14_month,421
0.8717105263157895,0.6532465675057209,0.7861991644223041,0.6471461187214611,0.8603896103896104,0.8833333333333333,0.7273972602739726,0.897276881309955,36_month,373
