f1,precision,recall,auroc,auprc,timepoint,n
0.7670250896057348,0.7181208053691275,0.823076923076923,0.5949358974358974,0.7408937586739645,14_month,190
0.8740740740740741,0.855072463768116,0.8939393939393939,0.7408008658008658,0.8854182079311226,36_month,167
