f1,precision,recall,auroc,auprc,timepoint,n
0.7837837837837838,0.6987951807228916,0.8923076923076924,0.6097435897435898,0.7770114030215421,14_month,190
0.8763250883392226,0.8211920529801324,0.9393939393939394,0.6892857142857143,0.8762626310551891,36_month,167
