f1,precision,recall,auroc,auprc,timepoint,n
0.7969924812030075,0.6973684210526315,0.9298245614035088,0.6516526824307144,0.7926064608032479,14_month,423
0.8923556942277691,0.8362573099415205,0.9565217391304348,0.700691803729326,0.884636953483113,36_month,372
