{
  "threshold_sec": 0.1,
  "f1": 0.8437978560490046,
  "precision": 0.7631578947368421,
  "recall": 0.9434931506849316,
  "auroc": 0.680419398818412,
  "auprc": 0.8415367355994285
}