{
  "threshold_sec": 0.1,
  "f1": 0.8290155440414507,
  "precision": 0.7570977917981072,
  "recall": 0.916030534351145,
  "auroc": 0.650763358778626,
  "auprc": 0.8300710999632733
}