epoch,train_loss,loss_bce,loss_div,val_loss,val_f1,val_auroc
1,0.5769767435636814,0.5769767435636814,0.0,0.5555523991371396,0.855191256830601,0.5982277412743383
2,0.5572857584328378,0.5572857584328378,0.0,0.5608487347216481,0.8436154949784792,0.6089878835372837
3,0.550584496380474,0.550584496380474,0.0,0.546394831667652,0.8490028490028491,0.6254144312496231
4,0.5414706796801563,0.5414706796801563,0.0,0.5449284607442296,0.8467153284671532,0.6363252757851589
5,0.5309968733840051,0.5309968733840051,0.0,0.5410720897673992,0.8459302325581395,0.6434082825969015
6,0.5252367751057453,0.5252367751057453,0.0,0.5287225426559232,0.8428781204111601,0.681475676653204
