{
  "audio_pseudo_only": {
    "n": 441,
    "n_pos": 335,
    "f1": 0.8676277850589778,
    "precision": 0.7733644859813084,
    "recall": 0.9880597014925373,
    "threshold": 0.57,
    "auroc": 0.8307519008729936,
    "auprc": 0.9371897746786694
  },
  "audio_speaker_only": {
    "n": 441,
    "n_pos": 335,
    "f1": 0.8778523489932886,
    "precision": 0.7975609756097561,
    "recall": 0.9761194029850746,
    "threshold": 0.145,
    "auroc": 0.630484370599831,
    "auprc": 0.8250346445046792
  },
  "joint_speaker_visual": {
    "n": 441,
    "n_pos": 335,
    "f1": 0.8778523489932886,
    "precision": 0.7975609756097561,
    "recall": 0.9761194029850746,
    "threshold": 0.075,
    "auroc": 0.6965221064488876,
    "auprc": 0.877519872234714
  },
  "fused_pseudo_plus_joint": {
    "n": 441,
    "n_pos": 335,
    "f1": 0.8849797023004059,
    "precision": 0.8094059405940595,
    "recall": 0.9761194029850746,
    "threshold": 0.48999999999999994,
    "auroc": 0.803323007603492,
    "auprc": 0.9254887051419244,
    "alpha": 0.5
  }
}