{
  "n": 94,
  "audio_pseudo": {
    "n": 94,
    "n_pos": 62,
    "f1": 0.8,
    "precision": 0.6666666666666666,
    "recall": 1.0,
    "threshold": 0.57,
    "auroc": 0.8180443548387096,
    "auprc": 0.8874221071570217
  },
  "audio_speaker_only": {
    "n": 94,
    "n_pos": 62,
    "f1": 0.8187919463087249,
    "precision": 0.7011494252873564,
    "recall": 0.9838709677419355,
    "threshold": 0.145,
    "auroc": 0.754032258064516,
    "auprc": 0.8489278744250552
  },
  "speaker_x_visual": {
    "n": 94,
    "n_pos": 62,
    "f1": 0.8187919463087249,
    "precision": 0.7011494252873564,
    "recall": 0.9838709677419355,
    "threshold": 0.075,
    "auroc": 0.7469758064516129,
    "auprc": 0.8480909527950093
  },
  "fused": {
    "n": 94,
    "n_pos": 62,
    "f1": 0.8243243243243243,
    "precision": 0.7093023255813954,
    "recall": 0.9838709677419355,
    "threshold": 0.48999999999999994,
    "auroc": 0.8130040322580645,
    "auprc": 0.895097080143567
  }
}