{
  "threshold_sec": 0.1,
  "f1": 0.9112903225806451,
  "precision": 0.9162162162162162,
  "recall": 0.9064171122994652,
  "auroc": 0.897891645480845,
  "auprc": 0.9584328683604472
}