{
  "threshold_sec": 0.1,
  "f1": 0.8896103896103896,
  "precision": 0.9133333333333333,
  "recall": 0.8670886075949367,
  "auroc": 0.8616660073839663,
  "auprc": 0.947138857141751
}