f1,precision,recall,auroc,auprc,timepoint,n
0.9014084507042254,0.897196261682243,0.9056603773584906,0.8950305607228275,0.9581882232545218,14_month,283
0.9245283018867925,0.9423076923076923,0.9074074074074074,0.90359477124183,0.9598904693561182,36_month,213
