f1,precision,recall,auroc,auprc,timepoint,n
0.9078014184397163,0.9078014184397163,0.9078014184397163,0.89572063949994,0.9479187318696243,14_month,200
0.874251497005988,0.9182389937106918,0.8342857142857143,0.8236293436293437,0.9517656410581794,36_month,212
