{
  "0": {
    "precision": 0.5405405405405406,
    "recall": 0.37735849056603776,
    "f1-score": 0.4444444444444444,
    "support": 106.0
  },
  "1": {
    "precision": 0.8201634877384196,
    "recall": 0.8985074626865671,
    "f1-score": 0.8575498575498576,
    "support": 335.0
  },
  "accuracy": 0.7732426303854876,
  "macro avg": {
    "precision": 0.6803520141394801,
    "recall": 0.6379329766263024,
    "f1-score": 0.650997150997151,
    "support": 441.0
  },
  "weighted avg": {
    "precision": 0.7529525299085439,
    "recall": 0.7732426303854876,
    "f1-score": 0.7582546788895995,
    "support": 441.0
  }
}