prob_bin,n,mean_prob,actual_pos_rate,accuracy
"(-0.001, 0.2]",96,0.08766880370628355,0.5520833333333334,0.59375
"(0.2, 0.4]",257,0.309072630515702,0.8210116731517509,0.8210116731517509
"(0.4, 0.5]",70,0.4368258000394833,0.8285714285714286,0.8285714285714286
"(0.5, 0.6]",12,0.5242310191740931,0.75,0.75
"(0.6, 0.8]",4,0.6384640289915113,1.0,1.0
