feature,outcome,n,mean,median,std
prob,TP,301,0.3373911259861215,0.3318807473581855,0.08975158331485829
prob,FP,66,0.3278952392667375,0.3045463357913178,0.09182620924786077
prob,FN,34,0.07423024827205327,0.08402658047358535,0.061653410723474814
prob,TN,40,0.03728211491725989,0.0,0.059642085630963154
