multi_child,has_interaction,n,accuracy,n_fp,n_fn,fp_rate,fn_rate
False,False,77,0.7142857142857143,7,15,0.2413793103448276,0.3125
False,True,270,0.8,35,19,0.7777777777777778,0.08444444444444445
True,False,17,0.5882352941176471,7,0,0.6363636363636364,0.0
True,True,77,0.7792207792207793,17,0,0.8095238095238095,0.0
