epoch,train_loss,loss_bce,loss_div,val_loss,val_f1,val_auroc
1,0.6169876352570574,0.6169876352570574,0.0,0.5482516712283046,0.8686030428769018,0.6945872890295358
2,0.5731786683819811,0.5731786683819811,0.0,0.5709317250231516,0.8441754916792739,0.663732858649789
3,0.5463845002967092,0.5463845002967092,0.0,0.5608976573222181,0.8270440251572327,0.6940928270042195
4,0.5313472585400678,0.5313472585400678,0.0,0.505938460580209,0.8558692421991084,0.7353309599156118
5,0.5192446217696238,0.5192446217696238,0.0,0.47366521270149975,0.868421052631579,0.7614055907172997
6,0.5002304446724702,0.5002304446724702,0.0,0.4826161333820918,0.8535825545171339,0.7782502637130801
