{
  "auroc_mean": 0.915715141312506,
  "auroc_n": 15,
  "auprc_mean": 0.8984473178399034,
  "auprc_n": 15,
  "pearson_mean": 0.7892172262072563,
  "pearson_n": 16,
  "spearman_mean": 0.6549601922540553,
  "spearman_n": 16,
  "n_clips_total": 16,
  "n_pos_clips": 16
}