{
  "threshold": 0.165,
  "f1": 0.8716981132075472,
  "precision": 0.8619402985074627,
  "recall": 0.8816793893129771,
  "auroc": 0.7703696263559663,
  "auprc": 0.8535477525863213
}