{
  "threshold": 0.165,
  "f1": 0.8913226621735467,
  "precision": 0.8772802653399668,
  "recall": 0.9058219178082192,
  "auroc": 0.8234029085243135,
  "auprc": 0.8975551698379425
}