f1,f1_macro,f1_weighted,balanced_accuracy,precision,recall,auroc,auprc,timepoint,n
0.8739205526770294,0.7981770063765374,0.8246242778876356,0.7921378636784209,0.8576271186440678,0.8908450704225352,0.8153207566567287,0.8593182379260982,14_month,421
0.9078947368421053,0.751048817696415,0.8465019642006286,0.7408219178082192,0.8961038961038961,0.92,0.8227853881278538,0.9305985219656353,36_month,373
