f1,precision,recall,auroc,auprc,timepoint,n
0.8401486988847584,0.8129496402877698,0.8692307692307693,0.738525641025641,0.7994323245954926,14_month,190
0.9042145593869731,0.9147286821705426,0.8939393939393939,0.8106060606060606,0.916775380894653,36_month,167
