{
  "threshold_sec": 0.1,
  "f1": 0.8770642201834863,
  "precision": 0.8445229681978799,
  "recall": 0.9122137404580153,
  "auroc": 0.799517878666131,
  "auprc": 0.9032729974999749
}