f1,precision,recall,auroc,auprc,timepoint,n
0.8530465949820788,0.7986577181208053,0.9153846153846154,0.7831410256410256,0.8705772667718805,14_month,190
0.9022556390977443,0.8955223880597015,0.9090909090909091,0.80995670995671,0.9288744571317358,36_month,167
