{
  "threshold_sec": 0.1,
  "f1": 0.8986928104575164,
  "precision": 0.859375,
  "recall": 0.9417808219178082,
  "auroc": 0.8301832435239889,
  "auprc": 0.9125038640803169
}