f1,precision,recall,auroc,auprc,timepoint,n
0.8770764119601329,0.832807570977918,0.9263157894736842,0.8249682176455633,0.8852743300105809,14_month,423
0.9196141479099679,0.8854489164086687,0.9565217391304348,0.8229028267741788,0.9342573284728488,36_month,372
