f1,precision,recall,auroc,auprc,timepoint,n
0.8206896551724138,0.74375,0.9153846153846154,0.6064102564102565,0.7344187647242899,14_month,190
0.9014084507042254,0.8421052631578947,0.9696969696969697,0.7311688311688312,0.8860503824904229,36_month,167
