{
  "threshold": 0.1,
  "f1": 0.8606271777003485,
  "precision": 0.7916666666666666,
  "recall": 0.9427480916030534,
  "auroc": 0.666693451185215,
  "auprc": 0.8108868373705518
}