{
  "threshold": 0.1,
  "f1": 0.8498808578236696,
  "precision": 0.7925925925925926,
  "recall": 0.916095890410959,
  "auroc": 0.6800785561254301,
  "auprc": 0.814469086589991
}