f1,f1_macro,f1_weighted,balanced_accuracy,precision,recall,auroc,auprc,timepoint,n
0.8082408874801902,0.6173905859201899,0.68402952732,0.6131772386141667,0.7348703170028819,0.897887323943662,0.6460882080806004,0.7397448766354313,14_month,421
0.8931419457735247,0.6650583678447455,0.8038652637960401,0.6447488584474885,0.8562691131498471,0.9333333333333333,0.7027853881278538,0.8748745539297754,36_month,373
