f1,precision,recall,auroc,auprc,timepoint,n
0.8211920529801324,0.7209302325581395,0.9538461538461539,0.6300000000000001,0.7752606899361396,14_month,190
0.8888888888888888,0.8205128205128205,0.9696969696969697,0.6508658008658008,0.8557913311828708,36_month,167
