{
  "threshold_sec": 0.5,
  "f1": 0.8542372881355932,
  "precision": 0.7682926829268293,
  "recall": 0.9618320610687023,
  "auroc": 0.6471876255524307,
  "auprc": 0.8164103522242676
}