f1,precision,recall,auroc,auprc,timepoint,n
0.8139183055975794,0.7154255319148937,0.9438596491228071,0.668929570302568,0.7872747052608748,14_month,423
0.8940809968847352,0.8367346938775511,0.959866220735786,0.6804416548311724,0.8720876777520379,36_month,372
