{
  "threshold_sec": 0.5,
  "f1": 0.8534151957022257,
  "precision": 0.7732962447844228,
  "recall": 0.952054794520548,
  "auroc": 0.6833530805687204,
  "auprc": 0.8330466218865986
}