{
  "threshold": 0.1,
  "f1": 0.8829015544041451,
  "precision": 0.9240780911062907,
  "recall": 0.8452380952380952,
  "auroc": 0.839791105121294,
  "auprc": 0.9195571719675298
}