f1,precision,recall,auroc,auprc,timepoint,n
0.8970588235294118,0.9104477611940298,0.8840579710144928,0.8980017566974088,0.9416153924184338,14_month,204
0.9052631578947369,0.9485294117647058,0.8657718120805369,0.8795894196604817,0.9628222695447195,36_month,183
