f1,precision,recall,auroc,auprc,timepoint,n
0.8647540983606558,0.8865546218487395,0.844,0.8508224299065421,0.9163973978470566,14_month,357
0.9072164948453608,0.9523809523809523,0.8661417322834646,0.8875302846759539,0.9618608761430201,36_month,306
