{
  "threshold_sec": 0.1,
  "f1": 0.9012567324955116,
  "precision": 0.9296296296296296,
  "recall": 0.8745644599303136,
  "auroc": 0.8901567944250872,
  "auprc": 0.9513816538271973
}