{
  "threshold_sec": 0.1,
  "f1": 0.8859198355601233,
  "precision": 0.9189765458422174,
  "recall": 0.8551587301587301,
  "auroc": 0.8678683737646002,
  "auprc": 0.9402352037573349
}