{
  "auroc_mean": 0.9223355546007708,
  "auroc_n": 9,
  "auprc_mean": 0.8849586720175773,
  "auprc_n": 9,
  "pearson_mean": 0.7385118669933743,
  "pearson_n": 9,
  "spearman_mean": 0.6277813120614562,
  "spearman_n": 9,
  "n_clips_total": 20,
  "n_pos_clips": 14
}