epoch,train_loss,val_loss,val_f1,val_auroc,val_threshold
1,0.3919440627682443,0.33166467554088847,0.7761194029850746,0.7651324289405684,0.95
2,0.298961045841376,0.3089290105584842,0.8111273792093704,0.7822189922480621,0.95
3,0.28234094337505455,0.30372254500415785,0.8023255813953488,0.7671996124031009,0.95
4,0.26202331781022103,0.2890652861279338,0.7850746268656716,0.7714308785529715,0.95
5,0.26346502369087116,0.2852583030488954,0.801762114537445,0.776388888888889,0.95
6,0.2590867246628976,0.2730450879282026,0.8075801749271136,0.7926356589147288,0.95
7,0.2532126976944068,0.2768634326978406,0.7941176470588235,0.7843184754521964,0.95
