f1,f1_macro,f1_weighted,balanced_accuracy,precision,recall,auroc,auprc,timepoint,n
0.8075949367088607,0.6380632026201647,0.7061279880535445,0.6311514572384138,0.7723970944309927,0.8461538461538461,0.6739459940359491,0.7946342087031941,14_month,538
0.8714285714285714,0.6422360248447205,0.7738426824534161,0.6284062194094748,0.8375286041189931,0.9081885856079405,0.7103603706148838,0.8735479066241584,36_month,512
