{
  "threshold": 0.155,
  "f1": 0.8404907975460123,
  "f1_macro": 0.643649654092155,
  "f1_weighted": 0.7392582094840285,
  "balanced_accuracy": 0.6335470085470085,
  "precision": 0.8058823529411765,
  "recall": 0.8782051282051282,
  "auroc": 0.6953038936372269,
  "auprc": 0.8371887596247507
}