f1,f1_macro,f1_weighted,balanced_accuracy,precision,recall,auroc,auprc,timepoint,n
0.7783505154639175,0.6204252577319588,0.6722985175709234,0.6159221213569039,0.7330097087378641,0.8296703296703297,0.6230291447682752,0.7242985130538798,14_month,274
0.8728179551122195,0.70667924782638,0.7988343120239941,0.7028563871991537,0.8663366336633663,0.8793969849246231,0.7358282641276559,0.8899747193637018,36_month,256
