{
  "threshold": 0.155,
  "f1": 0.826362484157161,
  "f1_macro": 0.6604137144033038,
  "f1_weighted": 0.7330554400314073,
  "balanced_accuracy": 0.652653737074812,
  "precision": 0.7990196078431373,
  "recall": 0.8556430446194225,
  "auroc": 0.6763462453099404,
  "auprc": 0.8139858395659165
}