f1,f1_macro,f1_weighted,balanced_accuracy,precision,recall,auroc,auprc,timepoint,n
0.8305882352941176,0.5967100468505986,0.6906090964859147,0.5954989538197933,0.7463002114164905,0.9363395225464191,0.6336721749015602,0.7777293715021283,14_month,538
0.888135593220339,0.5879526886965004,0.7603233409035484,0.5793361713752362,0.8153526970954357,0.9751861042183623,0.6523664261160562,0.8518785886732176,36_month,512
