f1,f1_macro,f1_weighted,balanced_accuracy,precision,recall,auroc,auprc,timepoint,n
0.7924528301886793,0.5413877054169203,0.6238543522397609,0.5593645484949833,0.6942148760330579,0.9230769230769231,0.6592809364548495,0.7880643215567873,14_month,274
0.8951048951048951,0.67646811020305,0.7977432018282922,0.6490787269681741,0.8347826086956521,0.964824120603015,0.7440271533104117,0.8846194540595187,36_month,256
