{
  "threshold_sec": 0.75,
  "f1": 0.8599423631123919,
  "f1_macro": 0.5970944692274288,
  "f1_weighted": 0.7247634462572682,
  "balanced_accuracy": 0.5911680911680912,
  "precision": 0.7811518324607329,
  "recall": 0.9564102564102565,
  "auroc": 0.6481244064577398,
  "auprc": 0.818702411174675
}