{
  "threshold_sec": 0.75,
  "f1": 0.8440797186400938,
  "f1_macro": 0.6007838206727039,
  "f1_weighted": 0.7072831571414482,
  "balanced_accuracy": 0.5966020187073932,
  "precision": 0.7627118644067796,
  "recall": 0.9448818897637795,
  "auroc": 0.6946925258503761,
  "auprc": 0.8331807767393137
}