{
  "audio_only": {
    "n": 441,
    "n_pos": 335,
    "f1": 0.8676277850589778,
    "precision": 0.7733644859813084,
    "recall": 0.9880597014925373,
    "threshold": 0.57,
    "auroc": 0.8307519008729936,
    "auprc": 0.9371897746786694
  },
  "visual_student": {
    "n": 441,
    "n_pos": 335,
    "f1": 0.8507853403141361,
    "precision": 0.7575757575757576,
    "recall": 0.9701492537313433,
    "threshold": 0.6599999999999999,
    "auroc": 0.6485497043086454,
    "auprc": 0.8491321918619474
  },
  "fused": {
    "n": 441,
    "n_pos": 335,
    "f1": 0.8695652173913043,
    "precision": 0.7783018867924528,
    "recall": 0.9850746268656716,
    "threshold": 0.695,
    "auroc": 0.737904815544917,
    "auprc": 0.8920695329668892,
    "alpha": 0.25
  }
}