{
  "best_student": "gbr",
  "test_pearson_student_vs_teacher": 0.16547594966356588,
  "test_spearman_student_vs_teacher": 0.1611826641114193,
  "val_pearson_student_vs_teacher": 0.6863896750434026,
  "n_test": 441
}