f1,precision,recall,auroc,auprc,timepoint,n
0.7913279132791328,0.6919431279620853,0.9240506329113924,0.5319971870604783,0.7138364545505731,14_month,230
0.877906976744186,0.8118279569892473,0.9556962025316456,0.5590226670591698,0.7902083830338142,36_month,201
