timepoint_norm,f1,precision,recall,auroc,auprc,threshold,n
14_month,0.8138297872340425,0.7183098591549296,0.9386503067484663,0.5830381059362308,0.7653559130261771,0.1,234
36_month,0.8760330578512396,0.8324607329842932,0.9244186046511628,0.4284883720930233,0.7972185681343287,0.1,207
