f1,precision,recall,auroc,auprc,timepoint,n
0.7880434782608695,0.6904761904761905,0.9177215189873418,0.5172292545710266,0.7092546747288208,14_month,230
0.8818443804034583,0.8095238095238095,0.9683544303797469,0.5148660582867236,0.7773702268165252,36_month,201
