{
  "threshold": 0.1,
  "f1": 0.8443843031123139,
  "precision": 0.7722772277227723,
  "recall": 0.9313432835820895,
  "auroc": 0.5278513094902845,
  "auprc": 0.7808221971908499
}