{
  "threshold": 0.1,
  "f1": 0.8408163265306122,
  "precision": 0.7725,
  "recall": 0.9223880597014925,
  "auroc": 0.5214024218529991,
  "auprc": 0.7673840444571396
}