f1,precision,recall,auroc,auprc,timepoint,n
0.8085106382978723,0.7136150234741784,0.9325153374233128,0.5631642616434805,0.7428472422443722,14_month,234
0.8746518105849582,0.839572192513369,0.9127906976744186,0.45465116279069767,0.8012540970728316,36_month,207
