f1,f1_macro,f1_weighted,balanced_accuracy,precision,recall,auroc,auprc,timepoint,n
0.8074866310160428,0.5124389676819344,0.6276721752501914,0.536471917927317,0.7122641509433962,0.9320987654320988,0.5607285689445314,0.7393054933693026,14_month,233
0.8753462603878116,0.5285822211029967,0.7586468240900375,0.5280759702725021,0.8404255319148937,0.9132947976878613,0.45747316267547483,0.8043363915301791,36_month,208
