{
  "threshold": 0.1,
  "f1": 0.8330995792426368,
  "precision": 0.7481108312342569,
  "recall": 0.939873417721519,
  "auroc": 0.5413318657127133,
  "auprc": 0.7453467131586485
}