{
  "threshold": 0.1,
  "f1": 0.8335664335664336,
  "precision": 0.7468671679197995,
  "recall": 0.9430379746835443,
  "auroc": 0.520335718216841,
  "auprc": 0.7411891920501764
}