{
  "threshold_sec": 0.1,
  "f1": 0.8321775312066574,
  "precision": 0.7407407407407407,
  "recall": 0.9493670886075949,
  "auroc": 0.6086543753439736,
  "auprc": 0.7996661869554536
}