f1,precision,recall,auroc,auprc,timepoint,n
0.8083989501312336,0.7064220183486238,0.9447852760736196,0.5913332757279877,0.7649716125534946,14_month,234
0.8834688346883469,0.8274111675126904,0.9476744186046512,0.5377906976744187,0.8718028796753002,36_month,207
