{
  "threshold_sec": 0.1,
  "f1": 0.8453333333333334,
  "precision": 0.763855421686747,
  "recall": 0.9462686567164179,
  "auroc": 0.5748943959448043,
  "auprc": 0.814233272474633
}