f1,precision,recall,auroc,auprc,timepoint,n
0.7870619946091644,0.6854460093896714,0.9240506329113924,0.5837728551336145,0.7559950034316603,14_month,230
0.88,0.8020833333333334,0.9746835443037974,0.6371798645863999,0.8527186526354544,36_month,201
