f1,precision,recall,auroc,auprc,timepoint,n
0.8837209302325582,0.8172043010752689,0.9620253164556962,0.724315572564027,0.8967264183188017,36_month,201
