{
  "threshold_sec": 0.1,
  "f1": 0.9105691056910569,
  "precision": 0.8527918781725888,
  "recall": 0.9767441860465116,
  "auroc": 0.7637043189368771,
  "auprc": 0.9336545971379454
}