{
  "threshold_sec": 0.1,
  "f1": 0.8837209302325582,
  "precision": 0.8172043010752689,
  "recall": 0.9620253164556962,
  "auroc": 0.724315572564027,
  "auprc": 0.8967264183188017
}