epoch,loss,eer,elapsed_sec
1,12.71359613418579,0.273,16.1
2,12.259246125221253,0.2875,15.9
3,11.865331192016601,0.278,15.0
4,11.526727690696717,0.281,14.7
5,11.281606345176696,0.2855,14.6
6,10.998551750183106,0.272,14.7
7,10.771943359375,0.2865,14.6
8,10.531762762069702,0.271,14.5
9,10.348457832336425,0.29300000000000004,14.5
10,10.196882667541503,0.279,14.4
