{
  "threshold": 0.7821212121212121,
  "val_balanced_acc": 0.6354075797227876
}