{
  "n_rows": 17028,
  "n_branches": 5,
  "k_frac": 0.1,
  "per_branch": {
    "branch_0_weight": {
      "mean_attn": 0.02589852001242042,
      "std_attn": 0.04929263649996675,
      "min_attn": 7.554183412139537e-07,
      "max_attn": 1.0
    },
    "branch_1_weight": {
      "mean_attn": 0.02589852021135919,
      "std_attn": 0.09881765766563187,
      "min_attn": 8.10781997095944e-12,
      "max_attn": 1.0
    },
    "branch_2_weight": {
      "mean_attn": 0.025898520087407898,
      "std_attn": 0.12647795359574118,
      "min_attn": 1.214867253698142e-14,
      "max_attn": 1.0
    },
    "branch_3_weight": {
      "mean_attn": 0.025898520192155702,
      "std_attn": 0.09080818057066414,
      "min_attn": 8.983151028596481e-11,
      "max_attn": 1.0
    },
    "branch_4_weight": {
      "mean_attn": 0.025898520065726228,
      "std_attn": 0.11041311735150376,
      "min_attn": 1.882767830529985e-10,
      "max_attn": 1.0
    }
  },
  "pairwise_cosine": {
    "0_0": 0.9999999999997247,
    "0_1": 0.2763591000699699,
    "0_2": 0.0900824290794084,
    "0_3": 0.2859499040098134,
    "0_4": 0.2961289812564349,
    "1_0": 0.2763591000699699,
    "1_1": 0.99999999999985,
    "1_2": 0.021184080193292133,
    "1_3": 0.2975957327243805,
    "1_4": 0.02678141756697653,
    "2_0": 0.0900824290794084,
    "2_1": 0.021184080193292133,
    "2_2": 0.9999999999998812,
    "2_3": 0.01769491027087213,
    "2_4": 0.5625377614468654,
    "3_0": 0.2859499040098134,
    "3_1": 0.2975957327243805,
    "3_2": 0.01769491027087213,
    "3_3": 0.9999999999998379,
    "3_4": 0.02571891394100557,
    "4_0": 0.2961289812564349,
    "4_1": 0.02678141756697653,
    "4_2": 0.5625377614468654,
    "4_3": 0.02571891394100557,
    "4_4": 0.9999999999998649
  },
  "pairwise_topk_overlap": {
    "0_0": 1.0,
    "0_1": 0.07341630012074928,
    "0_2": 0.02813053191454552,
    "0_3": 0.045578882166327085,
    "0_4": 0.17324207332156225,
    "1_0": 0.07341630012074928,
    "1_1": 1.0,
    "1_2": 0.006644350862037936,
    "1_3": 0.1701043869272792,
    "1_4": 0.006802721088435374,
    "2_0": 0.02813053191454552,
    "2_1": 0.006644350862037936,
    "2_2": 1.0,
    "2_3": 0.004606009070294784,
    "2_4": 0.4056457078121915,
    "3_0": 0.045578882166327085,
    "3_1": 0.1701043869272792,
    "3_2": 0.004606009070294784,
    "3_3": 1.0,
    "3_4": 0.006802721088435374,
    "4_0": 0.17324207332156225,
    "4_1": 0.006802721088435374,
    "4_2": 0.4056457078121915,
    "4_3": 0.006802721088435374,
    "4_4": 1.0
  },
  "mean_off_diag_cosine": 0.1900033230559019,
  "mean_off_diag_overlap": 0.09209736843718583
}