{
  "branch_0": {
    "mean_of_clip_means": 0.06028375029563904,
    "std_of_clip_means": 0.08573190122842789,
    "mean_of_clip_stds": 0.05322246626019478
  },
  "branch_1": {
    "mean_of_clip_means": 0.06028375029563904,
    "std_of_clip_means": 0.08573190122842789,
    "mean_of_clip_stds": 0.12103012204170227
  },
  "branch_2": {
    "mean_of_clip_means": 0.06028375029563904,
    "std_of_clip_means": 0.08573190122842789,
    "mean_of_clip_stds": 0.16019870340824127
  },
  "branch_3": {
    "mean_of_clip_means": 0.06028375029563904,
    "std_of_clip_means": 0.08573190122842789,
    "mean_of_clip_stds": 0.11639571934938431
  },
  "branch_4": {
    "mean_of_clip_means": 0.06028375029563904,
    "std_of_clip_means": 0.08573190122842789,
    "mean_of_clip_stds": 0.13558831810951233
  }
}