epoch,train_loss,loss_bce,loss_div,val_loss,val_f1,val_auroc
1,0.4213341437920262,0.4213341437920262,0.0,0.6361827359571535,0.8460508701472557,0.5345074298293891
2,0.3819628355838999,0.3819628355838999,0.0,0.6061038640079255,0.8471849865951743,0.5466978536048432
3,0.3703805312283875,0.3703805312283875,0.0,0.6131601034903471,0.8460508701472557,0.557347275729224
4,0.3637668379291226,0.3637668379291226,0.0,0.6004237445144808,0.8456375838926175,0.5638139790864062
5,0.35798216646991643,0.35798216646991643,0.0,0.6203880452933417,0.8456375838926175,0.5665382498624106
6,0.35344835204357133,0.35344835204357133,0.0,0.6122621293687488,0.8456375838926175,0.5695376995046781
7,0.35349760245518996,0.35349760245518996,0.0,0.6149812716333813,0.8456375838926175,0.5744221243808475
