{
  "threshold": 0.125,
  "f1": 0.9022556390977443,
  "precision": 0.898876404494382,
  "recall": 0.9056603773584906,
  "auroc": 0.8390566037735849,
  "auprc": 0.8991169892907731
}