{
  "threshold": 0.125,
  "f1": 0.9227941176470589,
  "precision": 0.9261992619926199,
  "recall": 0.9194139194139194,
  "auroc": 0.8381653807185722,
  "auprc": 0.8918923766820294
}