f1,precision,recall,auroc,auprc,timepoint,n
0.9084249084249084,0.9185185185185185,0.8985507246376812,0.8192153923038481,0.8568303314668939,14_month,196
0.9372693726937269,0.9338235294117647,0.9407407407407408,0.8646090534979424,0.9279137027944822,36_month,171
