f1,f1_macro,f1_weighted,balanced_accuracy,precision,recall,auroc,auprc,timepoint,n
0.8735632183908046,0.8026352677319877,0.8284944164096814,0.8039669628331874,0.8769230769230769,0.8702290076335878,0.8208609685896635,0.8594749615072742,14_month,384
0.9298892988929889,0.8292303637322087,0.8867919248945316,0.819464322224494,0.9197080291970803,0.9402985074626866,0.8594356982212226,0.9383921798022135,36_month,341
