f1,precision,recall,auroc,auprc,timepoint,n
0.8864059590316573,0.8686131386861314,0.9049429657794676,0.8500280496166552,0.9086423221072709,14_month,385
0.9267399267399268,0.9068100358422939,0.947565543071161,0.875891437073521,0.9516969729697019,36_month,340
