f1,precision,recall,auroc,auprc,timepoint,n
0.9136690647482014,0.9071428571428571,0.9202898550724637,0.875624687656172,0.9291549610493529,14_month,196
0.9338235294117647,0.927007299270073,0.9407407407407408,0.8786008230452674,0.9594714430498106,36_month,171
