{
  "threshold_sec": 0.1,
  "f1": 0.9067405355493998,
  "precision": 0.8878842676311031,
  "recall": 0.9264150943396227,
  "auroc": 0.8653991291727141,
  "auprc": 0.9323058570582348
}