{
  "threshold_sec": 0.1,
  "f1": 0.9236363636363636,
  "precision": 0.9169675090252708,
  "recall": 0.9304029304029304,
  "auroc": 0.8783220325773518,
  "auprc": 0.944444583665794
}