{
  "variant": "per_child_offset",
  "seed": 42,
  "offset_mean": 0.0009448016829044554,
  "offset_std": 0.10488496722226144,
  "n_children_with_offset": 130
}