{
  "0": {
    "precision": 0.7009345794392523,
    "recall": 0.6147540983606558,
    "f1-score": 0.6550218340611353,
    "support": 122.0
  },
  "1": {
    "precision": 0.8791773778920309,
    "recall": 0.9144385026737968,
    "f1-score": 0.8964613368283093,
    "support": 374.0
  },
  "accuracy": 0.8407258064516129,
  "macro avg": {
    "precision": 0.7900559786656416,
    "recall": 0.7645963005172263,
    "f1-score": 0.7757415854447223,
    "support": 496.0
  },
  "weighted avg": {
    "precision": 0.8353353992403394,
    "recall": 0.8407258064516129,
    "f1-score": 0.8370750075186415,
    "support": 496.0
  }
}