prob_bin,n,mean_prob,actual_pos_rate,accuracy
"(-0.001, 0.2]",107,0.006922354523328392,0.29906542056074764,0.7009345794392523
"(0.6, 0.8]",1,0.6347823143005371,1.0,1.0
"(0.8, 1.0]",388,0.9992217429212689,0.8788659793814433,0.8788659793814433
