multi_child,has_interaction,n,accuracy,n_fp,n_fn,fp_rate,fn_rate
False,False,66,0.8181818181818182,7,5,0.30434782608695654,0.11627906976744186
False,True,347,0.8587896253602305,24,25,0.34285714285714286,0.09025270758122744
True,False,15,0.6666666666666666,4,1,0.5,0.14285714285714285
True,True,68,0.8088235294117647,12,1,0.5714285714285714,0.02127659574468085
