task,n,pos_rate,accuracy,fp_rate,fn_rate,mean_n_children,pct_interaction
specialoccasion,13,0.46153846153846156,0.6153846153846154,0.5714285714285714,0.16666666666666666,2.076923076923077,0.8461538461538461
other,36,0.6111111111111112,0.6666666666666666,0.5714285714285714,0.18181818181818182,1.1111111111111112,0.3611111111111111
motorplay,83,0.6144578313253012,0.8072289156626506,0.375,0.0784313725490196,1.5060240963855422,0.7951807228915663
toyplay,97,0.6804123711340206,0.8556701030927835,0.3548387096774194,0.045454545454545456,1.1958762886597938,0.7731958762886598
dailyroutine,50,0.82,0.86,0.3333333333333333,0.0975609756097561,1.06,0.86
socialroutine,22,0.9545454545454546,0.8636363636363636,0.0,0.14285714285714285,1.1818181818181819,0.9545454545454546
generalsocialcommunicationinteraction,184,0.8641304347826086,0.8858695652173914,0.36,0.07547169811320754,1.1793478260869565,0.9619565217391305
bookshare,10,0.7,0.9,0.0,0.14285714285714285,1.1,0.8
unknown,1,1.0,1.0,0.0,0.0,1.0,1.0
