{
  "auroc_mean": 0.9439566653392634,
  "auroc_n": 3,
  "auprc_mean": 0.9601710554744581,
  "auprc_n": 3,
  "pearson_mean": 0.8340282241503397,
  "pearson_n": 3,
  "spearman_mean": 0.7415298252934361,
  "spearman_n": 3,
  "n_clips_total": 5,
  "n_pos_clips": 3
}