{
  "auroc_mean": 0.7266366609802336,
  "auroc_n": 12,
  "auprc_mean": 0.6176432867352748,
  "auprc_n": 12,
  "pearson_mean": 0.38848334550857544,
  "pearson_n": 12,
  "spearman_mean": 0.3328350929354621,
  "spearman_n": 12,
  "n_clips_total": 20,
  "n_pos_clips": 12
}