epoch,train_loss,loss_bce,loss_div,val_loss,val_f1,val_auroc
1,0.627736824515134,0.627736824515134,0.0,0.5822276022393726,0.8682385575589459,0.5855419303797469
2,0.6122719210253658,0.6122719210253658,0.0,0.5750930208748984,0.8670360110803325,0.5945411392405063
3,0.6051921762885211,0.6051921762885211,0.0,0.5688673145164853,0.8615384615384616,0.6133966244725738
4,0.5995720689022644,0.5995720689022644,0.0,0.5486760024813194,0.8631284916201117,0.6554588607594937
5,0.5975082217541849,0.5975082217541849,0.0,0.5494874895197673,0.8607594936708861,0.6654469936708861
6,0.5937361983934645,0.5937361983934645,0.0,0.5392089562978849,0.8611898016997167,0.673918776371308
