epoch,train_loss,loss_bce,loss_div,val_loss,val_f1,val_auroc
1,0.5481272337535408,0.5481272337535408,0.0,0.5461506731197482,0.855191256830601,0.6622732426303855
2,0.5188996940851212,0.5188996940851212,0.0,0.540554653879351,0.8591160220994475,0.6875283446712018
3,0.49847128018279746,0.49847128018279746,0.0,0.5563448362872528,0.8638888888888889,0.7024943310657596
4,0.4758701517355223,0.4758701517355223,0.0,0.5158641802919134,0.8530670470756063,0.7124149659863945
5,0.4733174426332573,0.4733174426332573,0.0,0.517721270448779,0.8353293413173652,0.7228741496598639
6,0.45063017422984714,0.45063017422984714,0.0,0.5212053805131649,0.8595505617977528,0.7332766439909297
7,0.44149551595464076,0.44149551595464076,0.0,0.5034253711395611,0.8528974739970282,0.7474206349206349
8,0.43686731895603287,0.43686731895603287,0.0,0.5070824323557928,0.8540706605222734,0.7666950113378684
