{
  "mcd_mean": 1233.0075513370664,
  "mcd_std": 242.17012769288021,
  "speaker_similarity_mean": NaN,
  "age_classifier_accuracy": 0.0,
  "f0_stats": {
    "mean": 71.4221203489832,
    "std": 8.913300719105179,
    "median": 68.10519982075922
  },
  "n_generated": 500,
  "n_reference": 500,
  "age_group": "12_16m"
}