{
  "auroc_mean": 0.8760102791679858,
  "auroc_n": 5,
  "auprc_mean": 0.8130562707326916,
  "auprc_n": 5,
  "pearson_mean": 0.5752685606479645,
  "pearson_n": 5,
  "spearman_mean": 0.48859614247913835,
  "spearman_n": 5,
  "n_clips_total": 11,
  "n_pos_clips": 5
}