{
  "fold": 0,
  "k": 5,
  "seed": 42,
  "n_total": 3145,
  "n_train": 1995,
  "n_val": 589,
  "n_test": 561,
  "n_children_train": 85,
  "n_children_val": 24,
  "n_children_test": 21,
  "test_children": [
    "A2M5H0V6E3",
    "A3G3T7I1A5",
    "B2R3Q8L2Y3",
    "C1G1X2G4C6",
    "C3A8Q4J6E5",
    "F3N4H0K1Z1",
    "F6J0V8B6S4",
    "F8N7H3T0O1",
    "G3A6S5R9F7",
    "G3D3S2N7W8",
    "K6I1Q4G2V4",
    "L4M1H7J7G3",
    "M2N1C8G1C8",
    "R6G4I3H3J0",
    "R6R8Q6A7K0",
    "S9B3J7I4R1",
    "T8P2Z1M9O9",
    "W3I4D2X4Z4",
    "W3O7N1N8U2",
    "W9K7Y8Y0V6",
    "Z7I5F2E1L4"
  ],
  "val_children": [
    "A1H3H9Y3T1",
    "A4E8K1L5Y2",
    "A5S7G5T0S5",
    "A6S0V1J3G6",
    "A8P5O6Z7X6",
    "B1S3L8Q7Y6",
    "B4Q3G8H2N3",
    "B9P5V1I5O5",
    "D8G5K7I0D6",
    "D8O8B2C4X2",
    "G8Q8I6N0I3",
    "K6O1J5K7Z0",
    "L0C6T6H2C6",
    "L5Q0Z1W8S2",
    "L7Z6Q2U6Y6",
    "M5H7X4O2M2",
    "O6F1J9U1J2",
    "O7X6W5O8E0",
    "Q9W9P7Z3J7",
    "R7K7C0J8C1",
    "S2C4T1Y7V7",
    "S7F0B6H3A3",
    "T4J4L5S2E8",
    "W2E0Z9B7Z8"
  ],
  "labels_train": {
    "1": 1506,
    "0": 489
  },
  "labels_val": {
    "1": 444,
    "0": 145
  },
  "labels_test": {
    "1": 380,
    "0": 181
  },
  "test_prevalence": 0.6773618538324421,
  "train_prevalence": 0.7548872180451128
}