model,age_band,auroc,auprc,f1,precision,recall,balanced_accuracy,threshold,n_clips
audio_only,14_18_months,0.8257582303637778,0.8966874932079061,0.8679245283018868,0.8903225806451613,0.8466257668711656,0.8035945735764278,0.12878787878787878,234
video_only,14_18_months,0.5866672427201244,0.7597542554156222,0.8211586901763224,0.6965811965811965,1.0,0.5,0.01,234
always_fuse,14_18_months,0.8366456407154585,0.9105792223858008,0.8670886075949367,0.8954248366013072,0.8404907975460123,0.8075693424349779,0.1782828282828283,234
gated_av,14_18_months,0.833794176099542,0.9035545585288209,0.8672566371681416,0.8352272727272727,0.901840490797546,0.746694893286097,0.10898989898989898,234
audio_only,34_38_months,0.8274086378737542,0.9492638139956718,0.8722741433021807,0.9395973154362416,0.813953488372093,0.778405315614618,0.12878787878787878,207
video_only,34_38_months,0.6550664451827242,0.8754610405902314,0.9076517150395779,0.8309178743961353,1.0,0.5,0.01,207
always_fuse,34_38_months,0.8490033222591361,0.9599822533914287,0.8955223880597015,0.9202453987730062,0.872093023255814,0.7503322259136213,0.1782828282828283,207
gated_av,34_38_months,0.8235880398671096,0.9545622607405777,0.8876080691642652,0.88,0.8953488372093024,0.6476744186046512,0.10898989898989898,207
