{
  "audio_only": {
    "auroc": 0.826034919740918,
    "auprc": 0.922791163208275,
    "f1": 0.8701095461658842,
    "precision": 0.9144736842105263,
    "recall": 0.8298507462686567,
    "balanced_accuracy": 0.7922838637003662,
    "threshold": 0.12878787878787878,
    "n_clips": 441
  },
  "video_only": {
    "auroc": 0.6793297662630245,
    "auprc": 0.8481162322187932,
    "f1": 0.8634020618556701,
    "precision": 0.7596371882086168,
    "recall": 1.0,
    "balanced_accuracy": 0.5,
    "threshold": 0.01,
    "n_clips": 441
  },
  "always_fuse": {
    "auroc": 0.8528161081385525,
    "auprc": 0.9408416641074152,
    "f1": 0.8817204301075269,
    "precision": 0.9082278481012658,
    "recall": 0.8567164179104477,
    "balanced_accuracy": 0.7915657561250351,
    "threshold": 0.1782828282828283,
    "n_clips": 441
  },
  "gated_av": {
    "auroc": 0.8320332300760349,
    "auprc": 0.9327413287169747,
    "f1": 0.8775510204081632,
    "precision": 0.8575498575498576,
    "recall": 0.8985074626865671,
    "balanced_accuracy": 0.71340467473951,
    "threshold": 0.10898989898989898,
    "n_clips": 441
  }
}