model,stratum,auroc,auprc,f1,precision,recall,balanced_accuracy,threshold,n_clips
audio_only,multi_person,0.7701119724375538,0.8900297079677892,0.8387096774193549,0.8739495798319328,0.8062015503875969,0.7364341085271318,0.12878787878787878,174
video_only,multi_person,0.7152454780361758,0.8453691085467608,0.8514851485148515,0.7413793103448276,1.0,0.5,0.01,174
always_fuse,multi_person,0.7995693367786391,0.9076374909742679,0.8492063492063492,0.8699186991869918,0.8294573643410853,0.7369509043927649,0.1782828282828283,174
gated_av,multi_person,0.7821705426356589,0.8992255598878061,0.8582089552238806,0.8273381294964028,0.8914728682170543,0.6790697674418604,0.10898989898989898,174
audio_only,low_face_visibility,0.8597368421052631,0.9211939301288993,0.8715083798882681,0.9285714285714286,0.8210526315789474,0.8355263157894737,0.12878787878787878,135
video_only,low_face_visibility,0.6998684210526315,0.8257521843600882,0.8260869565217391,0.7037037037037037,1.0,0.5,0.01,135
always_fuse,low_face_visibility,0.9002631578947369,0.9502606677750343,0.8839779005524862,0.9302325581395349,0.8421052631578947,0.8460526315789474,0.1782828282828283,135
gated_av,low_face_visibility,0.8597368421052631,0.9211939301288993,0.8666666666666667,0.9176470588235294,0.8210526315789474,0.8230263157894737,0.10898989898989898,135
