model,visual_eligible,auroc,auprc,f1,precision,recall,balanced_accuracy,threshold,n_clips
audio_only,0,0.8127434179778782,0.9037828448346097,0.8489795918367347,0.9122807017543859,0.7938931297709924,0.7949057485589656,0.12878787878787878,180
video_only,0,0.708755257828322,0.8579275074486887,0.842443729903537,0.7277777777777777,1.0,0.5,0.01,180
always_fuse,0,0.856208132107805,0.9347241270103872,0.872,0.9159663865546218,0.8320610687022901,0.8139897180246145,0.1782828282828283,180
gated_av,0,0.8127434179778782,0.9037828448346097,0.8455284552845529,0.9043478260869565,0.7938931297709924,0.7847016669263125,0.10898989898989898,180
audio_only,1,0.8349673202614379,0.9350502723490264,0.883248730964467,0.9157894736842105,0.8529411764705882,0.7861197110423117,0.12878787878787878,261
video_only,1,0.6441778465772274,0.8419891987207699,0.8774193548387097,0.7816091954022989,1.0,0.5,0.01,261
always_fuse,1,0.8522961816305469,0.9460997643195671,0.8877805486284289,0.9035532994923858,0.8725490196078431,0.7696078431372548,0.1782828282828283,261
gated_av,1,0.8522961816305469,0.9460997643195671,0.8954545454545455,0.8347457627118644,0.9656862745098039,0.6407378740970072,0.10898989898989898,261
