{
  "auroc_mean": 0.8314144214987451,
  "auroc_n": 532,
  "auprc_mean": 0.7379669636930983,
  "auprc_n": 532,
  "pearson_mean": 0.5430649340312594,
  "pearson_n": 536,
  "spearman_mean": 0.5067044322602587,
  "spearman_n": 536,
  "n_clips_total": 795,
  "n_pos_clips": 584
}