{
  "n_rows": 17028,
  "n_branches": 5,
  "k_frac": 0.1,
  "per_branch": {
    "branch_0_weight": {
      "mean_attn": 0.02589852015420477,
      "std_attn": 0.1548224376044668,
      "min_attn": 0.0,
      "max_attn": 1.0
    },
    "branch_1_weight": {
      "mean_attn": 0.025898520109946203,
      "std_attn": 0.15656629109965473,
      "min_attn": 0.0,
      "max_attn": 1.0
    },
    "branch_2_weight": {
      "mean_attn": 0.02589852019501421,
      "std_attn": 0.05706661120006344,
      "min_attn": 1.2880082778110593e-08,
      "max_attn": 1.0
    },
    "branch_3_weight": {
      "mean_attn": 0.02589852012315953,
      "std_attn": 0.07755731604988066,
      "min_attn": 9.145223467399432e-10,
      "max_attn": 1.0
    },
    "branch_4_weight": {
      "mean_attn": 0.025898520218719853,
      "std_attn": 0.1309626642572224,
      "min_attn": 9.347207581693484e-31,
      "max_attn": 1.0
    }
  },
  "pairwise_cosine": {
    "0_0": 0.9999999999999026,
    "0_1": 0.3836413782011125,
    "0_2": 0.039260177475439036,
    "0_3": 0.03888857308492626,
    "0_4": 0.08914225394131509,
    "1_0": 0.3836413782011125,
    "1_1": 0.9999999999999036,
    "1_2": 0.04363481589843978,
    "1_3": 0.03625956952453165,
    "1_4": 0.011463725633015377,
    "2_0": 0.039260177475439036,
    "2_1": 0.04363481589843978,
    "2_2": 0.9999999999997552,
    "2_3": 0.4481786117966542,
    "2_4": 0.10601593745253368,
    "3_0": 0.03888857308492626,
    "3_1": 0.03625956952453165,
    "3_2": 0.4481786117966542,
    "3_3": 0.9999999999998124,
    "3_4": 0.03797809454012669,
    "4_0": 0.08914225394131509,
    "4_1": 0.011463725633015377,
    "4_2": 0.10601593745253368,
    "4_3": 0.03797809454012669,
    "4_4": 0.9999999999998852
  },
  "pairwise_topk_overlap": {
    "0_0": 1.0,
    "0_1": 0.266776430692873,
    "0_2": 0.01804105032604786,
    "0_3": 0.027893591018793233,
    "0_4": 0.10679257277941052,
    "1_0": 0.266776430692873,
    "1_1": 1.0,
    "1_2": 0.02403366627428828,
    "1_3": 0.027771404032187044,
    "1_4": 0.032163114217632675,
    "2_0": 0.01804105032604786,
    "2_1": 0.02403366627428828,
    "2_2": 1.0,
    "2_3": 0.15292327440139397,
    "2_4": 0.029216344951454892,
    "3_0": 0.027893591018793233,
    "3_1": 0.027771404032187044,
    "3_2": 0.15292327440139397,
    "3_3": 1.0,
    "3_4": 0.013605442176870748,
    "4_0": 0.10679257277941052,
    "4_1": 0.032163114217632675,
    "4_2": 0.029216344951454892,
    "4_3": 0.013605442176870748,
    "4_4": 1.0
  },
  "mean_off_diag_cosine": 0.12344631375480941,
  "mean_off_diag_overlap": 0.06992168908709522
}