{
  "threshold": 0.1,
  "f1": 0.24864864864864866,
  "precision": 0.8518518518518519,
  "recall": 0.14556962025316456,
  "auroc": 0.5369840396257567,
  "auprc": 0.7540595326196018
}