f1,precision,recall,auroc,auprc,timepoint,n
0.2553191489361702,0.8,0.1518987341772152,0.5433808016877637,0.7190905625580757,14_month,230
0.2962962962962963,0.9032258064516129,0.17721518987341772,0.5426111274654107,0.8137707046355693,36_month,201
