{
  "threshold": 0.1,
  "f1": 0.27586206896551724,
  "precision": 0.8524590163934426,
  "recall": 0.16455696202531644,
  "auroc": 0.5427077600440287,
  "auprc": 0.7636789853569059
}