{
  "threshold": 0.1,
  "f1": 0.3357664233576642,
  "precision": 0.9078947368421053,
  "recall": 0.20597014925373133,
  "auroc": 0.5686426358772176,
  "auprc": 0.7905159972081945
}