f1,f1_macro,f1_weighted,balanced_accuracy,precision,recall,auroc,auprc,timepoint,n
0.2631578947368421,0.37795575896262396,0.33312054160405674,0.5560337332637801,0.8928571428571429,0.15432098765432098,0.5678142931664057,0.7179124631281373,14_month,233
0.29411764705882354,0.3074361820199778,0.2985998463245966,0.5724194880264244,0.967741935483871,0.17341040462427745,0.5661436829066887,0.8644030861440593,36_month,208
