f1,precision,recall,auroc,auprc,timepoint,n
0.22826086956521738,0.8076923076923077,0.13291139240506328,0.5341947960618846,0.7055226071716175,14_month,230
0.26881720430107525,0.8928571428571429,0.15822784810126583,0.5384162496320283,0.8097613498176665,36_month,201
