{
  "threshold": 0.1,
  "f1": 0.27918781725888325,
  "precision": 0.9322033898305084,
  "recall": 0.16417910447761194,
  "auroc": 0.5684595888482117,
  "auprc": 0.7860939144380772
}