f1,precision,recall,auroc,auprc,timepoint,n
0.31,0.8378378378378378,0.1901840490797546,0.5402661366974856,0.7166075326326821,14_month,234
0.36018957345971564,0.9743589743589743,0.22093023255813954,0.606810631229236,0.8767712482792086,36_month,207
