{
  "threshold_sec": 0.1,
  "f1": 0.37772397094430993,
  "precision": 0.8041237113402062,
  "recall": 0.2468354430379747,
  "auroc": 0.5423087506879471,
  "auprc": 0.7634473817650869
}