f1,precision,recall,auroc,auprc,timepoint,n
0.4,0.8269230769230769,0.26380368098159507,0.5721938995938823,0.7517219254006194,14_month,234
0.47161572052401746,0.9473684210526315,0.313953488372093,0.6230066445182725,0.8804628407652322,36_month,207
