f1,precision,recall,auroc,auprc,timepoint,n
0.36363636363636365,0.7450980392156863,0.24050632911392406,0.526854781997187,0.7053104414276193,14_month,230
0.39215686274509803,0.8695652173913043,0.25316455696202533,0.5629231675007359,0.8231857740938704,36_month,201
