{
  "threshold_sec": 0.1,
  "f1": 0.4369369369369369,
  "precision": 0.8899082568807339,
  "recall": 0.28955223880597014,
  "auroc": 0.5946212334553647,
  "auprc": 0.8160063624926971
}