{
  "threshold": 0.14500000000000002,
  "f1": 0.8714733542319749,
  "precision": 0.9174917491749175,
  "recall": 0.8298507462686567,
  "auroc": 0.826034919740918,
  "auprc": 0.922791163208275
}