{
  "threshold": 0.12000000000000001,
  "f1": 0.8910891089108911,
  "precision": 0.9310344827586207,
  "recall": 0.8544303797468354,
  "auroc": 0.8634837644468905,
  "auprc": 0.9259185474535276
}