{
  "av_vs_baseline": 0.8840346837691017,
  "av_vs_metadata_stacker": 0.9905314974329096,
  "metadata_stacker_vs_baseline": 0.8917940625705827,
  "n": 441
}