{
  "branch_0": {
    "mean_of_clip_means": 0.056093841791152954,
    "std_of_clip_means": 0.07003132253885269,
    "mean_of_clip_stds": 0.13324376940727234
  },
  "branch_1": {
    "mean_of_clip_means": 0.056093841791152954,
    "std_of_clip_means": 0.07003132253885269,
    "mean_of_clip_stds": 0.10821007192134857
  },
  "branch_2": {
    "mean_of_clip_means": 0.056093841791152954,
    "std_of_clip_means": 0.07003132253885269,
    "mean_of_clip_stds": 0.17614752054214478
  },
  "branch_3": {
    "mean_of_clip_means": 0.056093841791152954,
    "std_of_clip_means": 0.07003132253885269,
    "mean_of_clip_stds": 0.08592824637889862
  },
  "branch_4": {
    "mean_of_clip_means": 0.056093841791152954,
    "std_of_clip_means": 0.07003132253885269,
    "mean_of_clip_stds": 0.007778782397508621
  }
}