epoch,train_loss,loss_bce,loss_div,val_loss,val_f1,val_auroc
1,0.5641297118832148,0.5456383000741634,0.018491411809051454,0.5691158261870136,0.8514190317195326,0.6660907995178786
2,0.5300474958025034,0.5198334612010062,0.010214034601497326,0.5413190404824516,0.8441558441558441,0.6865407794294898
3,0.5056252335324566,0.49716869320056234,0.00845654033189423,0.648212967748318,0.8465266558966075,0.6946966653274408
4,0.5155643181543249,0.5065577224243519,0.009006595729972965,0.5285078471093452,0.8397212543554007,0.7077541181197269
5,0.5062584845825684,0.49680162354033125,0.009456861042237096,0.5205907780750125,0.8457538994800693,0.720249096022499
6,0.49278552506422235,0.48201726377010345,0.010768261294118887,0.5546018070272621,0.8474025974025974,0.7436721574929691
