{
  "auroc_mean": 0.8521976563347975,
  "auroc_n": 370,
  "auprc_mean": 0.7868011141780478,
  "auprc_n": 370,
  "pearson_mean": 0.5963050963517319,
  "pearson_n": 372,
  "spearman_mean": 0.5416658955823177,
  "spearman_n": 372,
  "n_clips_total": 549,
  "n_pos_clips": 416
}