epoch,train_loss,val_loss,val_f1,val_auroc,val_threshold
1,0.37757527768794746,0.345033495731297,0.8773747841105354,0.7568570425713282,0.55
2,0.2948162715676372,0.3174872001012166,0.8745762711864407,0.7555533269818984,0.2
3,0.2855143021860737,0.31530598267203286,0.8773747841105354,0.7462267462267463,0.35
4,0.2536232311941363,0.29728654825261663,0.8773747841105354,0.7533470390613248,0.35
5,0.24532101321622637,0.3182090044553791,0.875,0.7531966103394674,0.3
6,0.24168898384629584,0.31464620608659016,0.8771331058020477,0.7669357669357669,0.45
