{
  "auroc_mean": 0.8799532932328107,
  "auroc_n": 10,
  "auprc_mean": 0.8434255112233149,
  "auprc_n": 10,
  "pearson_mean": 0.7444073256105185,
  "pearson_n": 10,
  "spearman_mean": 0.6691759560843488,
  "spearman_n": 10,
  "n_clips_total": 15,
  "n_pos_clips": 10
}