epoch,train_loss,val_loss,val_f1,val_auroc,val_threshold
1,0.4060500152600117,0.3314717719821553,0.7707558859975217,0.7790003957020668,0.95
2,0.3014694693760994,0.3038690135275063,0.7796610169491526,0.7737040757312877,0.95
3,0.2859782443978848,0.296119942280807,0.8108747044917257,0.7877514991020609,0.9
4,0.27413626336134395,0.28958841648541,0.8188235294117647,0.787934130825191,0.95
5,0.2576899736546553,0.28513547150712265,0.7906976744186046,0.7965634797430979,0.95
6,0.2438816634317239,0.2824171462929563,0.7921760391198044,0.7886494384074513,0.95
7,0.24632839147861188,0.2704744117432519,0.8066825775656324,0.7960460231942288,0.95
8,0.24252525948179074,0.2689368219457959,0.8117647058823529,0.7923325114905793,0.95
9,0.22167137584243066,0.2722315045661832,0.7883211678832117,0.793671810793535,0.95
