{
  "threshold": 0.5,
  "f1": 0.0,
  "f1_macro": 0.20160701241782322,
  "f1_weighted": 0.10181799712226754,
  "balanced_accuracy": 0.5,
  "precision": 0.0,
  "recall": 0.0,
  "auroc": 0.5,
  "auprc": 0.747483989021043
}