f1,f1_macro,f1_weighted,balanced_accuracy,precision,recall,auroc,auprc,timepoint,n
0.8471337579617835,0.7945346209163756,0.8096831723854531,0.8006839276990718,0.869281045751634,0.8260869565217391,0.8630748831041941,0.9157411226786634,14_month,250
0.8757396449704142,0.7599037207902919,0.8249344150668516,0.7957303370786517,0.925,0.8314606741573034,0.8363483146067414,0.941180216055802,36_month,228
