{
  "threshold_sec": 0.75,
  "f1": 0.860313315926893,
  "f1_macro": 0.7665480952723149,
  "f1_weighted": 0.8129588769503815,
  "balanced_accuracy": 0.8018554981994926,
  "precision": 0.9216783216783216,
  "recall": 0.806609547123623,
  "auroc": 0.8653899029677328,
  "auprc": 0.9414509820836316
}