f1,f1_macro,f1_weighted,balanced_accuracy,precision,recall,auroc,auprc,timepoint,n
0.8529411764705882,0.7779557367501455,0.8084416204397682,0.7978595989645714,0.8992248062015504,0.8111888111888111,0.8659609267344074,0.9327537492351635,14_month,610
0.8687150837988827,0.7463575418994414,0.8205827174202205,0.8112995116657624,0.948170731707317,0.8015463917525774,0.8672137818773739,0.9530610861982479,36_month,483
