f1,f1_macro,f1_weighted,balanced_accuracy,precision,recall,auroc,auprc,timepoint,n
0.0,0.19648093841642228,0.09608921805766638,0.5,0.0,0.0,0.5,0.7554744525547445,14_month,274
0.0,0.19921875,0.0991234756097561,0.5,0.0,0.0,0.5,0.751219512195122,36_month,205
