{
  "threshold_sec": 0.1,
  "f1": 0.8929663608562691,
  "precision": 0.863905325443787,
  "recall": 0.9240506329113924,
  "auroc": 0.8274657172995781,
  "auprc": 0.9260591003225684
}