{
  "threshold_sec": 0.1,
  "f1": 0.9026548672566371,
  "precision": 0.8561151079136691,
  "recall": 0.9545454545454546,
  "auroc": 0.85126457438415,
  "auprc": 0.9352758495005813
}