f1,precision,recall,auroc,auprc,timepoint,n
0.8888888888888888,0.8403361344537815,0.9433962264150944,0.8334440605899549,0.9252355852883973,14_month,283
0.9208211143695014,0.8770949720670391,0.9691358024691358,0.871036068748487,0.9475387061739302,36_month,213
