f1,precision,recall,auroc,auprc,timepoint,n
0.8791946308724832,0.8343949044585988,0.9290780141843972,0.8296069239091237,0.8999501892112697,14_month,200
0.9044943820224719,0.8895027624309392,0.92,0.8186100386100386,0.9458711856103402,36_month,212
