{
  "n_rows": 17028,
  "n_branches": 5,
  "k_frac": 0.1,
  "per_branch": {
    "branch_0_weight": {
      "mean_attn": 0.025898520262148273,
      "std_attn": 0.14301188196903106,
      "min_attn": 0.0,
      "max_attn": 1.0
    },
    "branch_1_weight": {
      "mean_attn": 0.02589852008030123,
      "std_attn": 0.07877683214624687,
      "min_attn": 1.1303345005863123e-13,
      "max_attn": 1.0
    },
    "branch_2_weight": {
      "mean_attn": 0.025898520171684702,
      "std_attn": 0.15233060804926352,
      "min_attn": 0.0,
      "max_attn": 1.0
    },
    "branch_3_weight": {
      "mean_attn": 0.025898520093739903,
      "std_attn": 0.08527466662175698,
      "min_attn": 6.177011159513857e-12,
      "max_attn": 1.0
    },
    "branch_4_weight": {
      "mean_attn": 0.02589852016167197,
      "std_attn": 0.11286378903149424,
      "min_attn": 1.0523355356952666e-16,
      "max_attn": 1.0
    }
  },
  "pairwise_cosine": {
    "0_0": 0.9999999999998945,
    "0_1": 0.09630585184786755,
    "0_2": 0.03335595963458536,
    "0_3": 0.03639431202815635,
    "0_4": 0.05516747515380527,
    "1_0": 0.09630585184786755,
    "1_1": 0.999999999999815,
    "1_2": 0.014654723918946068,
    "1_3": 0.3662314134253086,
    "1_4": 0.07471690876246391,
    "2_0": 0.03335595963458536,
    "2_1": 0.014654723918946068,
    "2_2": 0.999999999999901,
    "2_3": 0.033828343513907934,
    "2_4": 0.3556974747248756,
    "3_0": 0.03639431202815635,
    "3_1": 0.3662314134253086,
    "3_2": 0.033828343513907934,
    "3_3": 0.9999999999998279,
    "3_4": 0.04033977893945529,
    "4_0": 0.05516747515380527,
    "4_1": 0.07471690876246391,
    "4_2": 0.3556974747248756,
    "4_3": 0.04033977893945529,
    "4_4": 0.9999999999998676
  },
  "pairwise_topk_overlap": {
    "0_0": 1.0,
    "0_1": 0.0601602573188332,
    "0_2": 0.05577636725959747,
    "0_3": 0.01855287569573284,
    "0_4": 0.05349118617911515,
    "1_0": 0.0601602573188332,
    "1_1": 1.0,
    "1_2": 0.007313597375709178,
    "1_3": 0.13581874110667375,
    "1_4": 0.04254328193213195,
    "2_0": 0.05577636725959747,
    "2_1": 0.007313597375709178,
    "2_2": 1.0,
    "2_3": 0.03023143250982374,
    "2_4": 0.2601264373480333,
    "3_0": 0.01855287569573284,
    "3_1": 0.13581874110667375,
    "3_2": 0.03023143250982374,
    "3_3": 1.0,
    "3_4": 0.02718854769919725,
    "4_0": 0.05349118617911515,
    "4_1": 0.04254328193213195,
    "4_2": 0.2601264373480333,
    "4_3": 0.02718854769919725,
    "4_4": 1.0
  },
  "mean_off_diag_cosine": 0.11066922419493722,
  "mean_off_diag_overlap": 0.06912027244248478
}