f1,f1_macro,f1_weighted,balanced_accuracy,precision,recall,auroc,auprc,timepoint,n
0.8333333333333334,0.7291666666666667,0.7721445221445222,0.7357967939651108,0.8505154639175257,0.8168316831683168,0.7735148514851485,0.8506034015583173,14_month,286
0.9065420560747663,0.7645917827543642,0.8491239679901095,0.7609546165884195,0.9023255813953488,0.9107981220657277,0.7387410885063468,0.8691369764757628,36_month,267
