{
  "threshold": 0.23500000000000001,
  "f1": 0.8713592233009708,
  "f1_macro": 0.7477363492391379,
  "f1_weighted": 0.8096595610205622,
  "balanced_accuracy": 0.7513707001920726,
  "precision": 0.8777506112469438,
  "recall": 0.8650602409638555,
  "auroc": 0.7650602409638554,
  "auprc": 0.8601160794900545
}