f1,f1_macro,f1_weighted,balanced_accuracy,precision,recall,auroc,auprc,timepoint,n
0.8571428571428571,0.7815126050420168,0.8084577960738951,0.783863700366094,0.8636363636363636,0.8507462686567164,0.8088895146906975,0.8595401741053297,14_month,494
0.8843537414965986,0.7388275884516486,0.8202235723581461,0.7396530100334449,0.885558583106267,0.8831521739130435,0.7579300794314381,0.8761384099746832,36_month,472
