{
  "threshold": 0.23500000000000001,
  "f1": 0.8714285714285714,
  "f1_macro": 0.7665413533834586,
  "f1_weighted": 0.8143160696772989,
  "balanced_accuracy": 0.7684556679953918,
  "precision": 0.8751793400286944,
  "recall": 0.8677098150782361,
  "auroc": 0.7901335395832094,
  "auprc": 0.8681417820427435
}