f1,f1_macro,f1_weighted,balanced_accuracy,precision,recall,auroc,auprc,timepoint,n
0.8567208271787297,0.7724118605347025,0.8024490632256919,0.769313808316906,0.847953216374269,0.8656716417910447,0.8229231202478176,0.8684291928876853,14_month,494
0.8837209302325582,0.7423299486843542,0.8214130400587734,0.7465510033444815,0.8898071625344353,0.8777173913043478,0.8007681856187291,0.9130650801457605,36_month,472
