{
  "threshold_sec": 1.0,
  "f1": 0.8707386363636364,
  "f1_macro": 0.7617051960444137,
  "f1_weighted": 0.8113684607860886,
  "balanced_accuracy": 0.7610836772333671,
  "precision": 0.8695035460992908,
  "recall": 0.871977240398293,
  "auroc": 0.8148591857817393,
  "auprc": 0.893043266279758
}