f1,f1_macro,f1_weighted,balanced_accuracy,precision,recall,auroc,auprc,timepoint,n
0.850632911392405,0.7586497890295358,0.7966008674869435,0.767032060348892,0.8704663212435233,0.8316831683168316,0.8274693540782648,0.9027004943072733,14_month,286
0.8988235294117647,0.752164058283864,0.8395005972701419,0.7539123630672926,0.9009433962264151,0.8967136150234741,0.8292905581637975,0.9338094009452594,36_month,267
