{
  "threshold_sec": 1.0,
  "f1": 0.875609756097561,
  "f1_macro": 0.7594831997271021,
  "f1_weighted": 0.8176514747987425,
  "balanced_accuracy": 0.7658634538152611,
  "precision": 0.8864197530864197,
  "recall": 0.8650602409638555,
  "auroc": 0.8338920900995285,
  "auprc": 0.9201978954428128
}