{
  "threshold_sec": 0.1,
  "f1": 0.9021739130434783,
  "precision": 0.8469387755102041,
  "recall": 0.9651162790697675,
  "auroc": 0.6745847176079736,
  "auprc": 0.9064550639419544
}