f1,precision,recall,auroc,auprc,timepoint,n
0.8895348837209303,0.8225806451612904,0.9683544303797469,0.7178392699440683,0.8786778775293251,36_month,201
