{
  "threshold_sec": 0.1,
  "f1": 0.8895348837209303,
  "precision": 0.8225806451612904,
  "recall": 0.9683544303797469,
  "auroc": 0.7178392699440683,
  "auprc": 0.8786778775293251
}