f1,f1_macro,f1_weighted,balanced_accuracy,precision,recall,auroc,auprc,timepoint,n
0.8153310104529616,0.634469628937821,0.7004086742818827,0.6268927543486422,0.75,0.8931297709923665,0.6885871605556252,0.7970860680384866,14_month,384
0.8780487804878049,0.6149503161698284,0.7654025171727767,0.6002862400327131,0.8235294117647058,0.9402985074626866,0.6856726640768759,0.8673379674126682,36_month,341
