{
  "threshold": 0.115,
  "f1": 0.8466898954703833,
  "precision": 0.7864077669902912,
  "recall": 0.9169811320754717,
  "auroc": 0.6957764876632802,
  "auprc": 0.8347857592606718
}