f1,precision,recall,auroc,auprc,timepoint,n
0.825503355704698,0.76875,0.8913043478260869,0.7208895552223888,0.8304847713450516,14_month,196
0.9,0.8689655172413793,0.9333333333333333,0.7520576131687243,0.8829211689785731,36_month,171
