{
  "threshold": 0.115,
  "f1": 0.8615916955017301,
  "precision": 0.8163934426229508,
  "recall": 0.9120879120879121,
  "auroc": 0.7438625204582652,
  "auprc": 0.8596212687630695
}