{
  "threshold_sec": 0.5,
  "f1": 0.8535564853556485,
  "precision": 0.7669172932330827,
  "recall": 0.9622641509433962,
  "auroc": 0.6751185292694727,
  "auprc": 0.83674959145814
}