f1,precision,recall,auroc,auprc,timepoint,n
0.832258064516129,0.75,0.9347826086956522,0.650112443778111,0.8129413912039101,14_month,196
0.8927335640138409,0.8376623376623377,0.9555555555555556,0.7269547325102881,0.8702363443256314,36_month,171
