f1,precision,recall,auroc,auprc,timepoint,n
0.8289473684210527,0.7304347826086957,0.9581749049429658,0.6481798915414823,0.7814868230238936,14_month,385
0.879045996592845,0.80625,0.9662921348314607,0.692114309168334,0.8802075286538473,36_month,340
