{
  "threshold_sec": 0.5,
  "f1": 0.8614357262103506,
  "precision": 0.7914110429447853,
  "recall": 0.945054945054945,
  "auroc": 0.6907684514067491,
  "auprc": 0.843593309755235
}