{
  "threshold": 0.135,
  "f1": 0.8874538745387454,
  "precision": 0.868231046931408,
  "recall": 0.9075471698113208,
  "auroc": 0.8077213352685051,
  "auprc": 0.8897593646740446
}