f1,precision,recall,auroc,auprc,timepoint,n
0.8654545454545455,0.8686131386861314,0.8623188405797102,0.8074712643678159,0.866035808648213,14_month,196
0.935251798561151,0.9090909090909091,0.9629629629629629,0.8201646090534979,0.897166023240749,36_month,171
