f1,f1_macro,f1_weighted,balanced_accuracy,precision,recall,auroc,auprc,timepoint,n
0.8603351955307262,0.7678299354277007,0.8015558115069288,0.7605118258040295,0.84,0.8816793893129771,0.789638343136028,0.8614209989468743,14_month,384
0.9140767824497258,0.7829643171507888,0.8579406536120578,0.7677877734614598,0.8960573476702509,0.9328358208955224,0.8245501942343079,0.9174066184551831,36_month,341
