{
  "threshold": 0.135,
  "f1": 0.9005424954792043,
  "precision": 0.8892857142857142,
  "recall": 0.9120879120879121,
  "auroc": 0.8198503624035539,
  "auprc": 0.8837814744447011
}