{
  "threshold_sec": 0.1,
  "f1": 0.8911070780399274,
  "precision": 0.8583916083916084,
  "recall": 0.9264150943396227,
  "auroc": 0.835273343009192,
  "auprc": 0.9207156403608777
}