f1,precision,recall,auroc,auprc,timepoint,n
0.8680555555555556,0.8333333333333334,0.9057971014492754,0.8308970514742628,0.9156017462185447,14_month,196
0.9290780141843972,0.891156462585034,0.9703703703703703,0.8334362139917695,0.9244558371382758,36_month,171
