{
  "threshold_sec": 0.1,
  "f1": 0.8982456140350877,
  "precision": 0.8619528619528619,
  "recall": 0.9377289377289377,
  "auroc": 0.8404839841010053,
  "auprc": 0.9208328117128552
}