f1,precision,recall,auroc,auprc,timepoint,n
0.8679927667269439,0.8275862068965517,0.9125475285171103,0.8220875148039644,0.8998651108191569,14_month,385
0.9143897996357013,0.8900709219858156,0.9400749063670412,0.8417474731927557,0.9383245108278192,36_month,340
