{
  "threshold": 0.5,
  "f1": 0.0,
  "f1_macro": 0.19912663755458515,
  "f1_weighted": 0.09902044353859414,
  "balanced_accuracy": 0.5,
  "precision": 0.0,
  "recall": 0.0,
  "auroc": 0.5,
  "auprc": 0.7513631406761178
}