f1,f1_macro,f1_weighted,balanced_accuracy,precision,recall,auroc,auprc,timepoint,n
0.0,0.24662162162162163,0.16146527693612897,0.5,0.0,0.0,0.5,0.672645739910314,14_month,223
0.0,0.14410480349344978,0.04852508689065146,0.5,0.0,0.0,0.5,0.8316326530612245,36_month,196
