{
  "threshold_sec": 1.0,
  "f1": 0.6806187443130118,
  "f1_macro": 0.6015338619524243,
  "f1_weighted": 0.6412919107727416,
  "balanced_accuracy": 0.6924604690245206,
  "precision": 0.9121951219512195,
  "recall": 0.5428156748911466,
  "auroc": 0.70732755328088,
  "auprc": 0.8639403838106818
}