{
  "threshold_sec": 1.0,
  "f1": 0.8512110726643599,
  "f1_macro": 0.7602209209475645,
  "f1_weighted": 0.8051730961393943,
  "balanced_accuracy": 0.8033486044969558,
  "precision": 0.9283018867924528,
  "recall": 0.7859424920127795,
  "auroc": 0.836352402194225,
  "auprc": 0.9206849250561187
}