f1,f1_macro,f1_weighted,balanced_accuracy,precision,recall,auroc,auprc,timepoint,n
0.65234375,0.6058748452970297,0.6237318916457694,0.6641161599212475,0.8564102564102564,0.526813880126183,0.6875181779537778,0.8179663739262899,14_month,458
0.7052810902896082,0.5913112400088525,0.6620768333204328,0.73224879495736,0.9627906976744186,0.5564516129032258,0.7310746508466197,0.9033044048206711,36_month,459
