f1,f1_macro,f1_weighted,balanced_accuracy,precision,recall,auroc,auprc,timepoint,n
0.8380281690140845,0.777038775865067,0.7980978936788532,0.7939269406392694,0.8880597014925373,0.7933333333333333,0.8368036529680365,0.9020957799095075,14_month,223
0.8639455782312925,0.727891156462585,0.8181313341663194,0.8289644915411787,0.9694656488549618,0.7791411042944786,0.8339840118981222,0.939916938298861,36_month,196
