f1,f1_macro,f1_weighted,balanced_accuracy,precision,recall,auroc,auprc,timepoint,n
0.0,0.2353923205342237,0.14493588294901982,0.5,0.0,0.0,0.5,0.6921397379912664,14_month,458
0.0,0.15934065934065933,0.06040364863894275,0.5,0.0,0.0,0.5,0.8104575163398693,36_month,459
