{
  "threshold_sec": 0.4,
  "f1": 0.8706952566601689,
  "f1_macro": 0.5980594927368641,
  "f1_weighted": 0.735120656497653,
  "balanced_accuracy": 0.5914750592009778,
  "precision": 0.788235294117647,
  "recall": 0.9724238026124818,
  "auroc": 0.6720234003004608,
  "auprc": 0.8353051562699522
}