f1,f1_macro,f1_weighted,balanced_accuracy,precision,recall,auroc,auprc,timepoint,n
0.8093841642228738,0.5951682725876274,0.6691351948114569,0.5969863013698631,0.7225130890052356,0.92,0.6379908675799086,0.776692315937157,14_month,223
0.8973607038123167,0.6055430970041975,0.7990955913157052,0.5905372745863544,0.8595505617977528,0.9386503067484663,0.7514407882506042,0.9266771921806269,36_month,196
