{
  "threshold_sec": 0.4,
  "f1": 0.8533724340175953,
  "f1_macro": 0.6061733964959771,
  "f1_weighted": 0.7282979806653684,
  "balanced_accuracy": 0.596931701730062,
  "precision": 0.7886178861788617,
  "recall": 0.9297124600638977,
  "auroc": 0.683118331424438,
  "auprc": 0.8519862983490726
}