f1,f1_macro,f1_weighted,balanced_accuracy,precision,recall,auroc,auprc,timepoint,n
0.835820895522388,0.5799216209455516,0.6782584600842486,0.5886412958364096,0.7333333333333333,0.9716088328075709,0.6415419379376692,0.7711476500142613,14_month,458
0.9027431421446384,0.615164674520595,0.793726468143367,0.5957545420837969,0.8418604651162791,0.9731182795698925,0.6931621554813991,0.8867163579704704,36_month,459
