{
  "threshold": 0.43565656565656563,
  "val_balanced_acc": 0.5704296424452134
}