{
  "auroc_mean": 0.8525324889186603,
  "auroc_n": 572,
  "auprc_mean": 0.7666883747403072,
  "auprc_n": 572,
  "pearson_mean": 0.5750438371218056,
  "pearson_n": 577,
  "spearman_mean": 0.5270983440453906,
  "spearman_n": 577,
  "n_clips_total": 846,
  "n_pos_clips": 618
}