{
  "audio_pseudo_only": {
    "n": 441,
    "n_pos": 335,
    "f1": 0.8676277850589778,
    "precision": 0.7733644859813084,
    "recall": 0.9880597014925373,
    "threshold": 0.57,
    "auroc": 0.8307519008729936,
    "auprc": 0.9371897746786694
  },
  "audio_speaker_only": {
    "n": 441,
    "n_pos": 335,
    "f1": 0.8714733542319749,
    "precision": 0.9174917491749175,
    "recall": 0.8298507462686567,
    "threshold": 0.145,
    "auroc": 0.826034919740918,
    "auprc": 0.922791163208275
  },
  "joint_speaker_visual": {
    "n": 441,
    "n_pos": 335,
    "f1": 0.8701095461658842,
    "precision": 0.9144736842105263,
    "recall": 0.8298507462686567,
    "threshold": 0.09,
    "auroc": 0.8398056885384397,
    "auprc": 0.932575104320897
  },
  "fused_pseudo_plus_joint": {
    "n": 441,
    "n_pos": 335,
    "f1": 0.903954802259887,
    "precision": 0.8579088471849866,
    "recall": 0.9552238805970149,
    "threshold": 0.08499999999999999,
    "auroc": 0.870825119684596,
    "auprc": 0.9532791856992207,
    "alpha": 0.1
  }
}