{
  "n": 94,
  "audio_pseudo": {
    "n": 94,
    "n_pos": 62,
    "f1": 0.8,
    "precision": 0.6666666666666666,
    "recall": 1.0,
    "threshold": 0.57,
    "auroc": 0.8180443548387096,
    "auprc": 0.8874221071570217
  },
  "audio_speaker_only": {
    "n": 94,
    "n_pos": 62,
    "f1": 0.8292682926829268,
    "precision": 0.8360655737704918,
    "recall": 0.8225806451612904,
    "threshold": 0.145,
    "auroc": 0.7777217741935485,
    "auprc": 0.8571265400842525
  },
  "speaker_x_visual": {
    "n": 94,
    "n_pos": 62,
    "f1": 0.8225806451612904,
    "precision": 0.8225806451612904,
    "recall": 0.8225806451612904,
    "threshold": 0.09,
    "auroc": 0.7797379032258065,
    "auprc": 0.8476551394304654
  },
  "fused": {
    "n": 94,
    "n_pos": 62,
    "f1": 0.8333333333333334,
    "precision": 0.7317073170731707,
    "recall": 0.967741935483871,
    "threshold": 0.08499999999999999,
    "auroc": 0.7943548387096774,
    "auprc": 0.8705436313057929
  }
}