{
  "auroc_mean": 0.89599633510819,
  "auroc_n": 23,
  "auprc_mean": 0.8944843733144754,
  "auprc_n": 23,
  "pearson_mean": 0.6009618448822395,
  "pearson_n": 23,
  "spearman_mean": 0.5339068240429067,
  "spearman_n": 23,
  "n_clips_total": 44,
  "n_pos_clips": 35
}