epoch,train_loss,val_loss,val_f1,val_auroc,val_threshold
1,0.37890685045527756,0.32382119581103325,0.800718132854578,0.7704035550417283,0.9
2,0.2863587108568861,0.3009550495445728,0.8202443280977313,0.7687055168178041,0.9
3,0.2578737749419081,0.2862662899494171,0.8071428571428572,0.7697171140575887,0.9
4,0.25680122562094565,0.28341565407812597,0.774074074074074,0.7648397702229126,0.95
5,0.242006293335639,0.27827577844262125,0.7964285714285714,0.7617688500307092,0.9
6,0.23330235585501982,0.29281797021627426,0.7920433996383364,0.7603598395895805,0.9
7,0.23421622963126645,0.29962137915194037,0.7876588021778584,0.7643701000758697,0.85
