{
  "threshold": 0.5,
  "f1": 0.0,
  "f1_macro": 0.21507607192254496,
  "f1_weighted": 0.11786547730028456,
  "balanced_accuracy": 0.5,
  "precision": 0.0,
  "recall": 0.0,
  "auroc": 0.5,
  "auprc": 0.7259911894273128
}