f1,f1_macro,f1_weighted,balanced_accuracy,precision,recall,auroc,auprc,timepoint,n
0.7686832740213523,0.5806033192536668,0.6445892832467969,0.5794471153846155,0.7152317880794702,0.8307692307692308,0.6829927884615384,0.8055525567118114,14_month,194
0.8715596330275229,0.6175979983319433,0.7688117960896167,0.6054888507718696,0.8370044052863436,0.9090909090909091,0.6953597544461498,0.889346896820864,36_month,262
