f1,f1_macro,f1_weighted,balanced_accuracy,precision,recall,auroc,auprc,timepoint,n
0.7732997481108312,0.5675009378852028,0.6386507124241748,0.5689195128076343,0.7106481481481481,0.8480662983425414,0.6215940482169764,0.7513191862533012,14_month,538
0.8738647830474269,0.6290506181246986,0.763144808961771,0.6130591630591631,0.8185255198487713,0.9372294372294372,0.7150392817059484,0.8725613909696317,36_month,597
