{
  "threshold_sec": 1.0,
  "f1": 0.8291316526610645,
  "f1_macro": 0.6001328366398107,
  "f1_weighted": 0.7036362662599898,
  "balanced_accuracy": 0.5937236599756501,
  "precision": 0.7700312174817898,
  "recall": 0.8980582524271845,
  "auroc": 0.6770069147441701,
  "auprc": 0.8237500195772726
}