{
  "threshold_sec": 1.0,
  "f1": 0.8312412831241283,
  "f1_macro": 0.6053642313056539,
  "f1_weighted": 0.7153306907435952,
  "balanced_accuracy": 0.5976476817184782,
  "precision": 0.7883597883597884,
  "recall": 0.8790560471976401,
  "auroc": 0.7006403953306608,
  "auprc": 0.8568060257251214
}