{
  "fold": 1,
  "k": 3,
  "seed": 42,
  "n_total": 3145,
  "n_train": 1809,
  "n_val": 419,
  "n_test": 917,
  "n_children_train": 70,
  "n_children_val": 18,
  "n_children_test": 42,
  "test_children": [
    "A2M5H0V6E3",
    "A5S7G5T0S5",
    "A6S0V1J3G6",
    "A6Z2B3J2A9",
    "B2R3Q8L2Y3",
    "B4Q3G8H2N3",
    "B9P5V1I5O5",
    "C3A8Q4J6E5",
    "C5L2D6N1W6",
    "E2P5Q8S5A7",
    "F8V2U5P1A0",
    "G3A6S5R9F7",
    "G7P6U6U2J5",
    "G8Q8I6N0I3",
    "H7C3T0K5E5",
    "K6I1Q4G2V4",
    "K7C7T5A2H9",
    "L4M8P2T7S0",
    "M2N1C8G1C8",
    "M4R4B8C7G8",
    "M5H7X4O2M2",
    "M5O1K4W9O1",
    "N1B1A2T8S1",
    "N2Z6J3E5Q5",
    "N5I9D3R2M1",
    "O2U2C6W2S9",
    "R7K7C0J8C1",
    "S6T9X3C8Y2",
    "S7F0B6H3A3",
    "T4R5V7C3L6",
    "T8P2Z1M9O9",
    "W2E0Z9B7Z8",
    "W3I4D2X4Z4",
    "W3O7N1N8U2",
    "W4O4B5W7K0",
    "W9K7Y8Y0V6",
    "X1U1P0D1X3",
    "X2N4R2N5V8",
    "Y5C5R8P9Z5",
    "Z1J6X4Y3Z4",
    "Z2E7T3I3H2",
    "Z7I5F2E1L4"
  ],
  "val_children": [
    "A2P7X9N8L7",
    "A8P5O6Z7X6",
    "C5U1P3X9F0",
    "C5Z9H8S3N8",
    "D8O8B2C4X2",
    "E3O3H8O7H4",
    "E7T7O3G7J5",
    "F8N7H3T0O1",
    "J3J0V4T8C3",
    "K6O1J5K7Z0",
    "L3F0P2N3D1",
    "L5V8G4A3K7",
    "N3C7S2N8O0",
    "O7X6W5O8E0",
    "R2C7W8X7N9",
    "R4O0P4P3J4",
    "U6O5F2B7T5",
    "Z6Z0I5G6A6"
  ],
  "labels_train": {
    "1": 1328,
    "0": 481
  },
  "labels_val": {
    "1": 313,
    "0": 106
  },
  "labels_test": {
    "1": 689,
    "0": 228
  },
  "test_prevalence": 0.7513631406761178,
  "train_prevalence": 0.7341072415699281
}