f1,precision,recall,auroc,auprc,timepoint,n
0.9230769230769231,0.8982035928143712,0.9493670886075949,0.878863703267589,0.9538751135748504,36_month,201
