f1,precision,recall,auroc,auprc,timepoint,n
0.9142857142857143,0.898876404494382,0.9302325581395349,0.8108803986710964,0.9458911757268231,36_month,207
