{
  "threshold_sec": 0.1,
  "f1": 0.9142857142857143,
  "precision": 0.898876404494382,
  "recall": 0.9302325581395349,
  "auroc": 0.8108803986710964,
  "auprc": 0.9458911757268231
}