{
  "threshold_sec": 0.1,
  "f1": 0.9230769230769231,
  "precision": 0.8982035928143712,
  "recall": 0.9493670886075949,
  "auroc": 0.878863703267589,
  "auprc": 0.9538751135748504
}