timepoint,n_clips,n_single_child,n_multi_child,pct_multi_child,mean_n_children,max_n_children
14m,322,259,63,19.565217391304348,1.24,7
36m,313,248,65,20.766773162939298,1.26,8
all,635,507,128,20.15748031496063,1.25,8
