{
  "auroc_mean": 0.805766783867039,
  "auroc_n": 7,
  "auprc_mean": 0.6674613044964468,
  "auprc_n": 7,
  "pearson_mean": 0.33654018864035606,
  "pearson_n": 7,
  "spearman_mean": 0.39498603762034834,
  "spearman_n": 7,
  "n_clips_total": 12,
  "n_pos_clips": 8
}