epoch,train_loss,val_loss,val_f1,val_auroc,val_threshold
1,0.3812791074670496,0.3757435256053531,0.8272108843537415,0.7861313516382764,0.95
2,0.2983357351095903,0.3176609975478006,0.7687776141384389,0.7859624571731891,0.95
3,0.2830433609939757,0.31253657052441247,0.8089887640449438,0.7918013801090577,0.95
4,0.25671659456122486,0.2957586485242087,0.795355587808418,0.7960719972976885,0.95
5,0.2515151670468705,0.31995176683579174,0.7794117647058824,0.7848767070404865,0.9
6,0.24519655644184069,0.2800485139328336,0.7912408759124088,0.7999324422139651,0.95
