{"gap_ratio": 0.8261898152059771, "word_count": 23, "covered_sec": 3.6000000000000005, "words_per_sec": 1.1104539584062572, "clip_duration": 20.71225, "text": "It's a birthday party. So pop up in. I like so much. And don't cry. They gotta step there. I know I cry."}