{"gap_ratio": 0.7165247018739352, "word_count": 7, "covered_sec": 3.12, "words_per_sec": 0.6360022714366838, "clip_duration": 11.00625, "text": "Mama Hey Mama, hey Mama, hey Mama"}