{"gap_ratio": 0.8001561280249805, "word_count": 5, "covered_sec": 1.9999999999999998, "words_per_sec": 0.4996096799375488, "clip_duration": 10.0078125, "text": "Antony, Batek Juice? Juice! Yazabi."}