{"gap_ratio": 0.8365384615384615, "word_count": 3, "covered_sec": 1.3600000000000005, "words_per_sec": 0.3605769230769231, "clip_duration": 8.32, "text": "Hi, baby. Woo!"}