{"gap_ratio": 0.9827562050718313, "word_count": 2, "covered_sec": 0.7999999999999989, "words_per_sec": 0.04310948732042204, "clip_duration": 46.3935, "text": "Two three."}