{"gap_ratio": 0.8436316548168781, "word_count": 7, "covered_sec": 2.3999999999999995, "words_per_sec": 0.45607434011743914, "clip_duration": 15.348375, "text": "Don't take them off, Corey. Corey, Corey."}