{"gap_ratio": 0.6459699398256835, "word_count": 14, "covered_sec": 3.279999999999999, "words_per_sec": 1.511103915378181, "clip_duration": 9.26475, "text": "Ah, what is that? Mom, what is that? It looks like a baby goat."}