{"gap_ratio": 0.8819444444444444, "word_count": 5, "covered_sec": 1.3599999999999999, "words_per_sec": 0.4340277777777778, "clip_duration": 11.52, "text": "You ain't got no teeth."}