{"gap_ratio": 0.7566221820817836, "word_count": 9, "covered_sec": 2.56, "words_per_sec": 0.8556251411187299, "clip_duration": 10.518625, "text": "Mommy and Big Boy Pie now. Okay, my turn."}