{"gap_ratio": 0.9426404859971866, "word_count": 15, "covered_sec": 3.679999999999996, "words_per_sec": 0.23380236685929384, "clip_duration": 64.15675, "text": "The puppy likes to go for a ride the puppy likes to go for a"}