{"gap_ratio": 0.8297613619091047, "word_count": 15, "covered_sec": 1.6800000000000006, "words_per_sec": 1.5199878400972793, "clip_duration": 9.8685, "text": "There, just because I'm going to be able to do it. And here's the wind-up."}