{"gap_ratio": 0.9772108177399541, "word_count": 3, "covered_sec": 0.88, "words_per_sec": 0.07769039406833841, "clip_duration": 38.6148125, "text": "Go Ninja Warrior."}