{"gap_ratio": 0.8766440277348049, "word_count": 24, "covered_sec": 4.560000000000004, "words_per_sec": 0.6492419592905003, "clip_duration": 36.9661875, "text": "If I'm honest, he doesn't read fiction. How do you get out of here, Judy? No, we don't need to climb. No, no, no."}