{"gap_ratio": 0.9713580178157109, "word_count": 16, "covered_sec": 3.5999999999999908, "words_per_sec": 0.12729769859684123, "clip_duration": 125.689625, "text": "I'm trying. You like your supposed both hands, Dad. And now it's the eyelid game. Great."}