{"gap_ratio": 0.9449632801885007, "word_count": 5, "covered_sec": 0.40000000000000036, "words_per_sec": 0.6879589976437405, "clip_duration": 7.267875, "text": "So now that's the same."}