{"gap_ratio": 0.7063028398962176, "word_count": 6, "covered_sec": 2.08, "words_per_sec": 0.8472033464532186, "clip_duration": 7.082125, "text": "Go ahead. Grandma and Grandpa's house."}