{"gap_ratio": 0.9843459544075923, "word_count": 3, "covered_sec": 0.8799999999999955, "words_per_sec": 0.05336606451957201, "clip_duration": 56.2155, "text": "Good job, buddy."}