{"gap_ratio": 0.9562653991731427, "word_count": 3, "covered_sec": 0.72, "words_per_sec": 0.18222750344523875, "clip_duration": 16.4629375, "text": "Do it again."}