{"gap_ratio": 0.7718778665967763, "word_count": 18, "covered_sec": 5.440000000000001, "words_per_sec": 0.7548158825841961, "clip_duration": 23.846875, "text": "No, thank you. Where are you flailing, Jude? Whoa waving your arms like you just don't care. Woo!"}