{"gap_ratio": 0.9724689738240164, "word_count": 5, "covered_sec": 0.5600000000000023, "words_per_sec": 0.2458127337141382, "clip_duration": 20.3406875, "text": "You got a good price."}