{"gap_ratio": 0.8549342198464343, "word_count": 10, "covered_sec": 1.920000000000001, "words_per_sec": 0.7555509382998216, "clip_duration": 13.235375, "text": "I want to play Mushroom. I want to play Mushroom."}