{"gap_ratio": 0.8265518558212301, "word_count": 4, "covered_sec": 1.7600000000000002, "words_per_sec": 0.39420032767902236, "clip_duration": 10.147125, "text": "Hello, hello, hello, ahoy."}