{"gap_ratio": 0.5600416333841649, "word_count": 20, "covered_sec": 5.679999999999998, "words_per_sec": 1.549149178224772, "clip_duration": 12.9103125, "text": "No. Not even a smile. You're supposed to laugh. You're supposed to laugh. He's like, oh, let me outta here."}