{"gap_ratio": 0.9693204479214603, "word_count": 4, "covered_sec": 0.8000000000000007, "words_per_sec": 0.15339776039269826, "clip_duration": 26.076, "text": "What are you doing?"}