{"gap_ratio": 0.8029728796495444, "word_count": 16, "covered_sec": 2.9600000000000026, "words_per_sec": 1.0650114613538126, "clip_duration": 15.0233125, "text": "Run, run, run, Anthony, run! Yes? Yeah, I can see the water. One, two, three, go!"}