{"gap_ratio": 0.9697575515248447, "word_count": 3, "covered_sec": 1.0399999999999991, "words_per_sec": 0.08723783213987132, "clip_duration": 34.38875, "text": "You say mamma?"}