{"gap_ratio": 0.9491092124253038, "word_count": 4, "covered_sec": 0.8000000000000007, "words_per_sec": 0.25445393787348075, "clip_duration": 15.7199375, "text": "Look at Jude out."}