{"gap_ratio": 0.7571589494278769, "word_count": 9, "covered_sec": 2.5600000000000005, "words_per_sec": 0.8537380684176202, "clip_duration": 10.541875, "text": "What do you got? Okay, it's almost your turn."}