{"gap_ratio": 0.747422426125993, "word_count": 15, "covered_sec": 5.119999999999997, "words_per_sec": 0.7399733609590055, "clip_duration": 20.271, "text": "Lizard, you got your lizard? Yeah. Yeah. Fuzzy, fuzzy lizard. What are you doing, weirdo?"}