{"gap_ratio": 0.9508689101918224, "word_count": 8, "covered_sec": 0.6399999999999988, "words_per_sec": 0.6141386226022205, "clip_duration": 13.026375, "text": "That is the main that he see me."}