{"gap_ratio": 0.9868374033693162, "word_count": 2, "covered_sec": 0.31999999999999984, "words_per_sec": 0.0822662289417735, "clip_duration": 24.3113125, "text": "Hey, Bug."}