{"gap_ratio": 0.76740488358887, "word_count": 5, "covered_sec": 1.2799999999999996, "words_per_sec": 0.9085746734809768, "clip_duration": 5.503125, "text": "Go, go, go. Good job."}