{"gap_ratio": 0.8398160599671656, "word_count": 15, "covered_sec": 4.720000000000002, "words_per_sec": 0.5090591314602785, "clip_duration": 29.466125, "text": "Oh my goodness. Excuse me. He looks like an ice skater, dude. Oh my gosh."}