{"gap_ratio": 0.7240189736955585, "word_count": 8, "covered_sec": 2.479999999999999, "words_per_sec": 0.890261375175618, "clip_duration": 8.986125, "text": "Say egg. Egg. Egg. Egg. Egg. Egg. Egg."}