{"gap_ratio": 0.9793074460861974, "word_count": 1, "covered_sec": 0.16000000000000014, "words_per_sec": 0.12932846196126613, "clip_duration": 7.73225, "text": "Okay."}