{"gap_ratio": 0.9383345351468283, "word_count": 17, "covered_sec": 2.480000000000005, "words_per_sec": 0.4227068155257727, "clip_duration": 40.217, "text": "You gonna read a book? What is that? We didn't learn the problem. Yes, there it is."}