{"gap_ratio": 0.7318023718727735, "word_count": 22, "covered_sec": 5.200000000000003, "words_per_sec": 1.1346822728459571, "clip_duration": 19.3886875, "text": "And it's a dog. Can you say thank you, Daddy? Thank you, Daddy. Bless you, Theo. It is a dog like Cowdie."}