{"gap_ratio": 0.8910097211381538, "word_count": 7, "covered_sec": 1.4399999999999995, "words_per_sec": 0.5298138555784195, "clip_duration": 13.2121875, "text": "Oh, that works too. Come on, bud."}