{"gap_ratio": 0.8021833667463714, "word_count": 10, "covered_sec": 2.880000000000001, "words_per_sec": 0.6868633099084325, "clip_duration": 14.5589375, "text": "Oh, there she goes. You jump. Oh, that was good."}