{"gap_ratio": 0.9052020820363038, "word_count": 9, "covered_sec": 2.5599999999999987, "words_per_sec": 0.33327393034111974, "clip_duration": 27.0048125, "text": "Now, you tell me, keep going, don't look back."}