{"gap_ratio": 0.8582474226804124, "word_count": 4, "covered_sec": 0.8799999999999999, "words_per_sec": 0.6443298969072164, "clip_duration": 6.208, "text": "Hey, Bobo, we wait."}