{"gap_ratio": 0.734306092448413, "word_count": 15, "covered_sec": 4.879999999999999, "words_per_sec": 0.8166820928839766, "clip_duration": 18.367, "text": "I got fire tea. I'm warm. You're thirsty? Your hands are spiky? No, they're loose."}