{"gap_ratio": 0.8597265667808054, "word_count": 15, "covered_sec": 4.5600000000000005, "words_per_sec": 0.46142576716840317, "clip_duration": 32.5079375, "text": "Green. I charge Queen Elza of Green with treason and sentence her to death. Green."}