{"gap_ratio": 0.822107257524704, "word_count": 18, "covered_sec": 3.9200000000000026, "words_per_sec": 0.8168544297335012, "clip_duration": 22.03575, "text": "You're so smart. Look how she's turning there. Oh, you match it. I don't even have to look."}