{"gap_ratio": 0.6509159898025731, "word_count": 20, "covered_sec": 3.6799999999999997, "words_per_sec": 1.8971957075947117, "clip_duration": 10.541875, "text": "What's he the feet bread? Some people on the other side see the feet. Oh no, the feet are buried."}