{"gap_ratio": 0.5654572459155527, "word_count": 14, "covered_sec": 4.480000000000001, "words_per_sec": 1.3579461065138976, "clip_duration": 10.3096875, "text": "Woo, that spinning girl. Woo, look at you. One, two, three, go. All right."}