{"gap_ratio": 0.5459666986604348, "word_count": 7, "covered_sec": 4.08, "words_per_sec": 0.7789787032786658, "clip_duration": 8.986125, "text": "Dog! Yay! Dog, but some dogina dog!"}