{"gap_ratio": 0.8667956708593029, "word_count": 19, "covered_sec": 2.9600000000000004, "words_per_sec": 0.8550277884031231, "clip_duration": 22.2215, "text": "Did you find more in the books? Which one? Which one did one? No, they didn't all down here."}