{"gap_ratio": 0.9673042967390506, "word_count": 12, "covered_sec": 1.2800000000000002, "words_per_sec": 0.30652221807140057, "clip_duration": 39.148875, "text": "I'm sure it's mom, and I sure can help you make it."}