{"gap_ratio": 0.7897224310816531, "word_count": 6, "covered_sec": 2.080000000000001, "words_per_sec": 0.6065699103413852, "clip_duration": 9.8916875, "text": "Where's Gavin? Gavin! Where'd Gavin go?"}