{"gap_ratio": 0.8837209302325582, "word_count": 6, "covered_sec": 2.1599999999999993, "words_per_sec": 0.32299741602067183, "clip_duration": 18.576, "text": "Penelope, be nice. Penelope, no, no."}