{"gap_ratio": 0.9429854075095726, "word_count": 7, "covered_sec": 2.240000000000002, "words_per_sec": 0.17817060153258535, "clip_duration": 39.2881875, "text": "Put it on the square look square"}