{"gap_ratio": 0.8506846858913015, "word_count": 17, "covered_sec": 4.319999999999995, "words_per_sec": 0.5875834120018232, "clip_duration": 28.9320625, "text": "Trey, you tell Jethro sit? No. You tell him, lay down? Good boy, Judo. Good boy, Judge."}