{"gap_ratio": 0.648438064674675, "word_count": 18, "covered_sec": 4.5600000000000005, "words_per_sec": 1.387744481547335, "clip_duration": 12.9706875, "text": "I am my little minister. Yay! Look at you go! Jump, jumpy, jump. Jumpy jump. Oh, you okay?"}