{"gap_ratio": 0.8343599565194886, "word_count": 10, "covered_sec": 2.0, "words_per_sec": 0.8282002174025571, "clip_duration": 12.074375, "text": "All done? Are you all done? Are you all done?"}