{"gap_ratio": 0.8716530621837154, "word_count": 20, "covered_sec": 2.5599999999999996, "words_per_sec": 1.0027104516897238, "clip_duration": 19.9459375, "text": "I'm gonna put that in. No money. Just gonna hit the button. Hit the button. What do you hit that?"}