{"gap_ratio": 0.8504994412310437, "word_count": 21, "covered_sec": 3.5199999999999996, "words_per_sec": 0.8919067426557054, "clip_duration": 23.5450625, "text": "Dang shippers host the way on the rocks. What you doing, Harry? Hey! Might you decide to get on your head?"}