{"gap_ratio": 0.7596296794749411, "word_count": 14, "covered_sec": 4.800000000000001, "words_per_sec": 0.7010801015314219, "clip_duration": 19.9691875, "text": "Can you grab the piano? Ding ding ding, ding ding ding ding. Happy boy."}