{"gap_ratio": 0.5168146531208456, "word_count": 11, "covered_sec": 3.6799999999999997, "words_per_sec": 1.4443040259974724, "clip_duration": 7.616125, "text": "Claire, do you want some Cheerios? Cheerios. What was that, Cheerios?"}