{"gap_ratio": 0.4677987614066569, "word_count": 3, "covered_sec": 1.52, "words_per_sec": 1.0503971814342297, "clip_duration": 2.8560625, "text": "I'm not naughty."}