{"gap_ratio": 0.979896064222651, "word_count": 9, "covered_sec": 1.2800000000000082, "words_per_sec": 0.14135579843448454, "clip_duration": 63.669125, "text": "What are you doing? Talking to your pencils? No."}