{"gap_ratio": 0.8396327071680298, "word_count": 11, "covered_sec": 2.4800000000000013, "words_per_sec": 0.7113065407869638, "clip_duration": 15.4645, "text": "Woo! Wow! Oh my god, you love it. You love it."}