{"gap_ratio": 0.9950498386225292, "word_count": 2, "covered_sec": 0.5600000000000023, "words_per_sec": 0.017679147776681427, "clip_duration": 113.127625, "text": "No, no."}