{"gap_ratio": 0.9728229136809028, "word_count": 4, "covered_sec": 1.7600000000000007, "words_per_sec": 0.061766105270675484, "clip_duration": 64.7604375, "text": "What's this? Okay Whoopsies."}