{"gap_ratio": 0.8348338491002565, "word_count": 20, "covered_sec": 4.559999999999999, "words_per_sec": 0.7244129425427347, "clip_duration": 27.6085625, "text": "I will name that street for my name. Alright, buddy, last one. Yeah, last one. Nice work, buddy. Job, buddy."}