{"gap_ratio": 0.9303564113068414, "word_count": 2, "covered_sec": 1.36, "words_per_sec": 0.10241704219582139, "clip_duration": 19.528, "text": "She's disappeared."}