{"gap_ratio": 0.4499075451106349, "word_count": 15, "covered_sec": 6.079999999999999, "words_per_sec": 1.3571359906809997, "clip_duration": 11.0526875, "text": "Darby, Darby Barrett, is that no-no? No no. Uh oh. Did you make a mess?"}