{"gap_ratio": 0.6874999999999998, "word_count": 5, "covered_sec": 1.5200000000000007, "words_per_sec": 1.0279605263157896, "clip_duration": 4.864, "text": "Keep jumping. No, mom jumping."}