{"gap_ratio": 0.9136427664572476, "word_count": 9, "covered_sec": 2.6399999999999997, "words_per_sec": 0.29439965980483757, "clip_duration": 30.5706875, "text": "She's not ready. That's a couch. That's not edible."}