{"gap_ratio": 0.8805235476429498, "word_count": 16, "covered_sec": 3.9199999999999995, "words_per_sec": 0.48765898921244977, "clip_duration": 32.8098125, "text": "Recording. Hold on, Sarah Mooney. We're teaching him to crawl. Oh, now you're making him sad."}