{"gap_ratio": 0.6950067952768413, "word_count": 9, "covered_sec": 2.16, "words_per_sec": 1.2708050196798277, "clip_duration": 7.082125, "text": "A bridge! Okay, you wanna open the little one?"}