{"gap_ratio": 0.9396521426061016, "word_count": 5, "covered_sec": 0.8800000000000003, "words_per_sec": 0.34288555337442245, "clip_duration": 14.582125, "text": "Say ready, set, go, set."}