{"gap_ratio": 0.8679957452200021, "word_count": 13, "covered_sec": 5.600000000000001, "words_per_sec": 0.30643844859642355, "clip_duration": 42.422875, "text": "What's the sea? Let's go a little bit of birth. What's the go-shoot?"}