{"gap_ratio": 0.9337121212121211, "word_count": 11, "covered_sec": 1.6800000000000044, "words_per_sec": 0.43402777777777773, "clip_duration": 25.344, "text": "Watch out, watch out. I know, I got me no more."}