{"gap_ratio": 0.9625879170663401, "word_count": 2, "covered_sec": 0.8799999999999999, "words_per_sec": 0.0850274612128636, "clip_duration": 23.5218125, "text": "Who's that?"}