{"gap_ratio": 0.5038929357181128, "word_count": 7, "covered_sec": 2.7199999999999993, "words_per_sec": 1.2767461213136806, "clip_duration": 5.4826875, "text": "Hey, hey, good job, Dylan. Good job."}