{"gap_ratio": 0.7708646065186258, "word_count": 8, "covered_sec": 6.640000000000002, "words_per_sec": 0.27606673913418567, "clip_duration": 28.9785, "text": "Booby Booby Booby Booby Booby Booby Hi Booby"}