{"gap_ratio": 0.9668965078203022, "word_count": 4, "covered_sec": 1.0399999999999991, "words_per_sec": 0.12732112376806867, "clip_duration": 31.416625, "text": "You love your bear?"}