{"gap_ratio": 0.7722115940739422, "word_count": 10, "covered_sec": 1.9200000000000002, "words_per_sec": 1.186397947531551, "clip_duration": 8.428875, "text": "Can I have one? No Can I have one? No."}