{"gap_ratio": 0.6774193548387097, "word_count": 2, "covered_sec": 1.28, "words_per_sec": 0.5040322580645161, "clip_duration": 3.968, "text": "Ugh, ooh."}