{"gap_ratio": 0.9405980503431521, "word_count": 11, "covered_sec": 2.8000000000000114, "words_per_sec": 0.23336480222333011, "clip_duration": 47.1365, "text": "Come on, bro. Oh, try again. No hands. Yeah. My dad."}