{"gap_ratio": 0.7952853598014886, "word_count": 13, "covered_sec": 5.280000000000006, "words_per_sec": 0.5040322580645161, "clip_duration": 25.792, "text": "Sharam. Sharam. Sharam. Hm? Yikya kiye? Sharam, what's this? Tell me, what's this?"}