{"gap_ratio": 0.9596725071518288, "word_count": 9, "covered_sec": 2.4000000000000004, "words_per_sec": 0.15122809818064198, "clip_duration": 59.51275, "text": "You're gonna bring it back? Come back this way."}