{"gap_ratio": 0.49199629580632365, "word_count": 19, "covered_sec": 6.239999999999999, "words_per_sec": 1.54680615058972, "clip_duration": 12.283375, "text": "Good morning. Mary, mommy. What are you doing? I got it. You've got it? Yeah. Yeah, squeeze the lemon."}