{"gap_ratio": 0.9944336767096826, "word_count": 9, "covered_sec": 1.8400000000000318, "words_per_sec": 0.027226581311334257, "clip_duration": 330.5593125, "text": "No, no more. That's it. Give me. Leave it."}