{"gap_ratio": 0.839414226895836, "word_count": 5, "covered_sec": 0.8799999999999999, "words_per_sec": 0.9124191653645685, "clip_duration": 5.4799375, "text": "Which we have or damn."}