{"gap_ratio": 0.8062476591169754, "word_count": 9, "covered_sec": 6.239999999999996, "words_per_sec": 0.27945049165820873, "clip_duration": 32.2060625, "text": "Tomas Tomas Setapazengu Satamican Pagua Secabia Su Eh Tomas"}