{"gap_ratio": 0.8038900618448833, "word_count": 15, "covered_sec": 3.2800000000000002, "words_per_sec": 0.8968442293679116, "clip_duration": 16.7253125, "text": "Oh no, see, I'm a bicycle. Yeah, I'll start. Careful, Nelly. Careful, Nellie. Careful, Nellie."}