{"gap_ratio": 0.6875176053031867, "word_count": 11, "covered_sec": 3.12, "words_per_sec": 1.1017007505336365, "clip_duration": 9.9845625, "text": "I saw you. I did. I saw you go down it."}