{"gap_ratio": 0.983993897673488, "word_count": 5, "covered_sec": 0.9599999999999999, "words_per_sec": 0.08336511628391657, "clip_duration": 59.977125, "text": "You ready? Here we go."}