{"gap_ratio": 0.8612843796231191, "word_count": 10, "covered_sec": 3.439999999999995, "words_per_sec": 0.4032430824909333, "clip_duration": 24.7989375, "text": "Ha dada. I miss you. I love you, dada. Yeah."}