{"gap_ratio": 0.9111769455064687, "word_count": 10, "covered_sec": 4.160000000000009, "words_per_sec": 0.21351695791714206, "clip_duration": 46.8346875, "text": "What do monkeys say? Where's Jude? Where's Jude? Where's Jude?"}