{"gap_ratio": 0.972367687009518, "word_count": 4, "covered_sec": 1.519999999999996, "words_per_sec": 0.07271661313284757, "clip_duration": 55.0080625, "text": "Number one, number two."}