{"gap_ratio": 0.6413049570228312, "word_count": 10, "covered_sec": 4.3999999999999995, "words_per_sec": 0.8152160067662929, "clip_duration": 12.2666875, "text": "Bam Ben, happy birthday, to Bam Ben, Happy Birthday, Hoover."}