{"gap_ratio": 0.9502896286360418, "word_count": 3, "covered_sec": 1.04, "words_per_sec": 0.14339530201141787, "clip_duration": 20.9211875, "text": "Is it yummy?"}