{"gap_ratio": 0.9436035263817737, "word_count": 3, "covered_sec": 0.8800000000000008, "words_per_sec": 0.19226070551668062, "clip_duration": 15.6038125, "text": "Is that good?"}