{"gap_ratio": 0.663705141472255, "word_count": 12, "covered_sec": 3.9200000000000017, "words_per_sec": 1.0294740567175864, "clip_duration": 11.6564375, "text": "Why do we work with the local line? Everyone knows what's inside."}