{"gap_ratio": 0.7230468310499121, "word_count": 7, "covered_sec": 2.0000000000000004, "words_per_sec": 0.9693360913253074, "clip_duration": 7.2214375, "text": "What's wrong, Me? Yeah, where's the dragon?"}