{"gap_ratio": 0.6535027934033444, "word_count": 25, "covered_sec": 11.280000000000001, "words_per_sec": 0.7679459366060629, "clip_duration": 32.554375, "text": "Mm-mm Mm-mm Mm-mm-mm Mm-mm Mm-mm Mm-mm Mm mm mm Mm mm Mm mm mm mm When the music stops, I want you to stop dancing."}