{"gap_ratio": 0.8441539240902638, "word_count": 15, "covered_sec": 4.479999999999999, "words_per_sec": 0.521806057733492, "clip_duration": 28.7463125, "text": "What does that say? What does it say? What does it say? That's right, big."}