{"gap_ratio": 0.8179835995639191, "word_count": 8, "covered_sec": 3.3599999999999994, "words_per_sec": 0.43337238199066896, "clip_duration": 18.459875, "text": "What a good sport! Well, let's keep going."}