{"gap_ratio": 0.5919156653583018, "word_count": 27, "covered_sec": 4.880000000000003, "words_per_sec": 2.2578436547798866, "clip_duration": 11.9583125, "text": "Here I am, here I am, how do you do? Pink colour, pink colour, where are you? Here I am, here I am, how do we do?"}