{"gap_ratio": 0.8588056121922494, "word_count": 26, "covered_sec": 7.43999999999999, "words_per_sec": 0.493421247715258, "clip_duration": 52.6933125, "text": "B C D E F G H I J K L M N O P U R S P U E W X Y Z Y"}