{"gap_ratio": 0.9641339373277916, "word_count": 2, "covered_sec": 0.7199999999999989, "words_per_sec": 0.09962795186724575, "clip_duration": 20.0746875, "text": "Where's Woody?"}