{"gap_ratio": 0.7763691655883688, "word_count": 6, "covered_sec": 2.559999999999998, "words_per_sec": 0.5241347681522611, "clip_duration": 11.4474375, "text": "Mm-hmm. Bunk. Oh dear. Uh oh."}