{"gap_ratio": 0.9398755663354414, "word_count": 10, "covered_sec": 2.6399999999999983, "words_per_sec": 0.22774406691120685, "clip_duration": 43.9089375, "text": "With a message alright. We don't come with no food."}