{"gap_ratio": 0.8562234527172353, "word_count": 11, "covered_sec": 2.16, "words_per_sec": 0.7321953796807462, "clip_duration": 15.0233125, "text": "Here, try the pipe person. Put it in the cup. Yay!"}