{"gap_ratio": 0.9565351742498073, "word_count": 8, "covered_sec": 2.4000000000000017, "words_per_sec": 0.14488275250064236, "clip_duration": 55.2170625, "text": "I forgot you could get through the bedtime."}