{"gap_ratio": 0.8685998907736592, "word_count": 14, "covered_sec": 4.000000000000002, "words_per_sec": 0.45990038229219277, "clip_duration": 30.441375, "text": "Oh no! I'm gonna get you. I'm gonna get you. I'm gonna get you."}