{"gap_ratio": 0.8685181662545177, "word_count": 17, "covered_sec": 4.320000000000002, "words_per_sec": 0.5174053642762031, "clip_duration": 32.85625, "text": "It goes round and round around where does it go? Goes around and around around and around."}