{"gap_ratio": 0.8139852274953085, "word_count": 6, "covered_sec": 1.8400000000000007, "words_per_sec": 0.6065699103413852, "clip_duration": 9.8916875, "text": "Where's Gavin? Gavin! Where'd Gavin go?"}