{"gap_ratio": 0.960020283826588, "word_count": 11, "covered_sec": 1.3599999999999994, "words_per_sec": 0.32336535140259726, "clip_duration": 34.01725, "text": "Here we go again, go behind your feet, go behind yourself."}