{"gap_ratio": 0.7638607318664014, "word_count": 13, "covered_sec": 14.640000000000006, "words_per_sec": 0.20968650858857793, "clip_duration": 61.9973125, "text": "Hey, Jamie's looking at those, Dad. Instead of the face, his little face."}