{"gap_ratio": 0.8611590965699547, "word_count": 7, "covered_sec": 2.160000000000002, "words_per_sec": 0.44994737222699843, "clip_duration": 15.557375, "text": "We're going to mommy's room, not Bubby's."}