{"gap_ratio": 0.8690900300466892, "word_count": 18, "covered_sec": 5.280000000000007, "words_per_sec": 0.4462839884771954, "clip_duration": 40.3330625, "text": "Good job. You wet? Got it. You're so cute. Jack's turn. Jack's turn. Okay. Are you getting wet?"}