{"gap_ratio": 0.7753056504020268, "word_count": 20, "covered_sec": 4.079999999999998, "words_per_sec": 1.1014428901861437, "clip_duration": 18.158, "text": "Ollie, are you gonna have chicken, nuggets and fries? I say it, mummy. No, because I say it for me."}