{"gap_ratio": 0.9120685590453695, "word_count": 13, "covered_sec": 3.5199999999999907, "words_per_sec": 0.3247467989801701, "clip_duration": 40.0311875, "text": "Spaghetti. And meatballs. Yeah. Yum, yum. Good job, baby. You like those meatballs?"}