{"gap_ratio": 0.8013000873192977, "word_count": 13, "covered_sec": 4.479999999999999, "words_per_sec": 0.5765845680466811, "clip_duration": 22.5465625, "text": "Good book. Do you like that book, Dinny? Yeah, it's a good one."}