{"gap_ratio": 0.9066177741087028, "word_count": 6, "covered_sec": 4.559999999999995, "words_per_sec": 0.12287134985697008, "clip_duration": 48.8315625, "text": "Gibson English English English English English"}