{"gap_ratio": 0.8925736757547418, "word_count": 4, "covered_sec": 1.1200000000000003, "words_per_sec": 0.3836654437330647, "clip_duration": 10.42575, "text": "H Seven A N"}