{"gap_ratio": 0.680143935229147, "word_count": 9, "covered_sec": 2.8, "words_per_sec": 1.0281087796205994, "clip_duration": 8.7539375, "text": "Radio A B P D E F G A."}