{"gap_ratio": 0.7763294235945479, "word_count": 10, "covered_sec": 4.560000000000003, "words_per_sec": 0.49050565001195606, "clip_duration": 20.387125, "text": "Moin Moy Claire Moy Ash Mike Moy I'm not moving"}