{"gap_ratio": 0.942816403799582, "word_count": 7, "covered_sec": 1.9199999999999982, "words_per_sec": 0.2084818611473576, "clip_duration": 33.5760625, "text": "What do you want? Show me more."}