{"gap_ratio": 0.8735427781070935, "word_count": 15, "covered_sec": 3.919999999999999, "words_per_sec": 0.4838924307126526, "clip_duration": 30.998625, "text": "It's literally a video of you that you got standing at the soap or something."}