{"gap_ratio": 0.7685187132264807, "word_count": 10, "covered_sec": 3.4400000000000004, "words_per_sec": 0.6729107173648816, "clip_duration": 14.8608125, "text": "Ollie, where's your thumtman? Where's your thumtam? Where'd she get?"}