{"gap_ratio": 0.9712449255751016, "word_count": 7, "covered_sec": 1.3599999999999988, "words_per_sec": 0.1480040595399188, "clip_duration": 47.296, "text": "So many toys. You go to friends."}