{"gap_ratio": 0.5572274830284947, "word_count": 10, "covered_sec": 2.5600000000000005, "words_per_sec": 1.7295801444199421, "clip_duration": 5.78175, "text": "We're gonna cook him up for dinner. Don't cook him."}