{"gap_ratio": 0.8164031421239591, "word_count": 20, "covered_sec": 5.120000000000002, "words_per_sec": 0.7171752260782842, "clip_duration": 27.8871875, "text": "Drink the juice. No, near you. Put this try back inside. You can do it other way. There you go."}