{"gap_ratio": 0.960412630844971, "word_count": 3, "covered_sec": 0.8800000000000008, "words_per_sec": 0.13495694030123515, "clip_duration": 22.2293125, "text": "Is he laughing?"}