{"gap_ratio": 0.8027224738954055, "word_count": 9, "covered_sec": 4.48, "words_per_sec": 0.3963164586922658, "clip_duration": 22.709125, "text": "Blah blah blah. And the experience of my face."}