{"gap_ratio": 0.9001936866268896, "word_count": 9, "covered_sec": 2.0000000000000013, "words_per_sec": 0.4491284101789964, "clip_duration": 20.0388125, "text": "What's going on? Are you thirsty? Grammy's got yours."}