{"gap_ratio": 0.9945543038017767, "word_count": 3, "covered_sec": 0.24, "words_per_sec": 0.06807120247779178, "clip_duration": 44.0715, "text": "And come back!"}