{"gap_ratio": 0.9548021147987763, "word_count": 5, "covered_sec": 1.7600000000000016, "words_per_sec": 0.12840308295802183, "clip_duration": 38.939875, "text": "I sounded saying right now."}