{"gap_ratio": 0.7835636765187983, "word_count": 7, "covered_sec": 3.920000000000001, "words_per_sec": 0.3864934347878599, "clip_duration": 18.1115625, "text": "Push push push No push push push"}