{"gap_ratio": 0.9474695639295766, "word_count": 16, "covered_sec": 3.679999999999987, "words_per_sec": 0.22839320030618962, "clip_duration": 70.054625, "text": "Can you see? Can we stop good? Maybe that's such a pretty song. Good job, dear."}