{"gap_ratio": 0.7920154858035026, "word_count": 17, "covered_sec": 3.6800000000000015, "words_per_sec": 0.9607980275381669, "clip_duration": 17.693625, "text": "Wakey sink, a sleepy sink is like a big'em all together. Now again, a big gizzard."}