{"gap_ratio": 0.9026749190224912, "word_count": 5, "covered_sec": 0.7999999999999998, "words_per_sec": 0.6082817561094299, "clip_duration": 8.219875, "text": "Do you have an apple?"}