{"gap_ratio": 0.8474737845567206, "word_count": 11, "covered_sec": 1.3599999999999999, "words_per_sec": 1.233667919026524, "clip_duration": 8.9165, "text": "Tommy and Tuffy and I'm gonna go to the next step."}