{"gap_ratio": 0.9566418260461723, "word_count": 9, "covered_sec": 1.04, "words_per_sec": 0.37521496690812445, "clip_duration": 23.98625, "text": "You can have pain if you need your dinner."}