{"gap_ratio": 0.8071973542028226, "word_count": 7, "covered_sec": 1.8399999999999999, "words_per_sec": 0.7334883264023053, "clip_duration": 9.5434375, "text": "Come on. Stand up. There you go."}