{"gap_ratio": 0.9159679882084113, "word_count": 13, "covered_sec": 2.479999999999998, "words_per_sec": 0.44049038439139265, "clip_duration": 29.5125625, "text": "Good boy. And no Steven has cardinals on my sleep. Was that it?"}