{"gap_ratio": 0.9297629499561018, "word_count": 9, "covered_sec": 3.0400000000000036, "words_per_sec": 0.20793863499838272, "clip_duration": 43.282, "text": "Good cat. Yeah. Be nice to the cat. Booba."}