{"gap_ratio": 0.5561719833564494, "word_count": 6, "covered_sec": 4.720000000000001, "words_per_sec": 0.5641881567502762, "clip_duration": 10.63475, "text": "Aye, B. I breeze Bay B."}