{"gap_ratio": 0.8431153899764958, "word_count": 15, "covered_sec": 4.080000000000007, "words_per_sec": 0.576781654498176, "clip_duration": 26.006375, "text": "Jamie, Ellie. Are you really gonna stop us today? Jamie, A E Allie, where's Allie?"}