{"gap_ratio": 0.8143072679064036, "word_count": 15, "covered_sec": 5.200000000000003, "words_per_sec": 0.5356521118084507, "clip_duration": 28.00325, "text": "Dicklin. What? Egg. What? Egg. What? You can't have everything. No. No. Hello. No. Hello."}