{"gap_ratio": 0.8742591440453191, "word_count": 3, "covered_sec": 1.2000000000000002, "words_per_sec": 0.31435213988670224, "clip_duration": 9.5434375, "text": "Dinny Bo Binny."}