{"gap_ratio": 0.851527994646442, "word_count": 13, "covered_sec": 3.120000000000001, "words_per_sec": 0.6186333556398245, "clip_duration": 21.0140625, "text": "Turkey, that's right. Get away in Description Turkey. United States, USA, that's right."}