{"gap_ratio": 0.7957849772265252, "word_count": 10, "covered_sec": 2.4800000000000013, "words_per_sec": 0.8234476724736882, "clip_duration": 12.1440625, "text": "Say we heel we heal Say mommy help me help"}