{"gap_ratio": 0.9127471029311519, "word_count": 8, "covered_sec": 2.9600000000000026, "words_per_sec": 0.2358186407266162, "clip_duration": 33.924375, "text": "I see you hi grandma hi grandma greetings"}