{"gap_ratio": 0.8502038754819714, "word_count": 5, "covered_sec": 1.5200000000000005, "words_per_sec": 0.4927504095987779, "clip_duration": 10.147125, "text": "Corey, what are you doing?"}