{"gap_ratio": 0.8715307954278468, "word_count": 19, "covered_sec": 3.5199999999999956, "words_per_sec": 0.6934417292246912, "clip_duration": 27.3995625, "text": "I don't have them I can't No, dang it You win the rock Oh oh oh oh oh Tommy"}