{"gap_ratio": 0.48014873171905015, "word_count": 10, "covered_sec": 8.239999999999998, "words_per_sec": 0.6308874615060073, "clip_duration": 15.8506875, "text": "Oh Mel, Letaman, Leton, Meli Hafa, Leta Mac Moore's Way."}