{"gap_ratio": 0.4748489444762166, "word_count": 22, "covered_sec": 5.279999999999999, "words_per_sec": 2.1881293980157643, "clip_duration": 10.05425, "text": "Oh I thought we were taking a picture, we're taking a video. Say hi. Hi. Who is it? Everybody. Who is it?"}