{"gap_ratio": 0.689556781434278, "word_count": 9, "covered_sec": 4.080000000000002, "words_per_sec": 0.6848012174243865, "clip_duration": 13.1425, "text": "Athena's turn, Athena's turn. Yay! Hooray! Good job! Yay!"}