{"gap_ratio": 0.5978823666298214, "word_count": 29, "covered_sec": 6.48, "words_per_sec": 1.7996005197122191, "clip_duration": 16.1146875, "text": "And T U V W X Y N Z Sing with me Q R S and T U V W X Y N Z Sing with me with me"}