{"gap_ratio": 0.7972151942852705, "word_count": 30, "covered_sec": 8.000000000000004, "words_per_sec": 0.7604430214302349, "clip_duration": 39.4506875, "text": "W E E R R E P E U F Y F F F G G I I R R R L L L S S Y Power Puff Girls"}