{"gap_ratio": 0.8947995644044463, "word_count": 7, "covered_sec": 1.6000000000000014, "words_per_sec": 0.4602519057305472, "clip_duration": 15.2090625, "text": "Push the button. Push the button, yeah."}