{"gap_ratio": 0.9692154139384429, "word_count": 3, "covered_sec": 0.96, "words_per_sec": 0.09620183144236608, "clip_duration": 31.1844375, "text": "Pop pop pop"}