{"gap_ratio": 0.9795833325025771, "word_count": 3, "covered_sec": 0.639999999999997, "words_per_sec": 0.09570312889417029, "clip_duration": 31.3469375, "text": "No, no, Josie."}