{"gap_ratio": 0.979224404831949, "word_count": 1, "covered_sec": 0.3200000000000003, "words_per_sec": 0.06492373490015947, "clip_duration": 15.4026875, "text": "Oh"}