{"gap_ratio": 0.7096959167429799, "word_count": 24, "covered_sec": 4.239999999999998, "words_per_sec": 1.6432306599453967, "clip_duration": 14.605375, "text": "Corey says she gonna get it first. No, I got it. I got it. He took it from me, Corey. Get out from me."}