{"gap_ratio": 0.774906689635372, "word_count": 21, "covered_sec": 3.9199999999999973, "words_per_sec": 1.2058570198105083, "clip_duration": 17.415, "text": "Or fine, like a smile, just be the colour. I'll make our blue white, and I won't see that I'm ready."}