{"gap_ratio": 0.8015201961392401, "word_count": 19, "covered_sec": 4.240000000000001, "words_per_sec": 0.8894142154137824, "clip_duration": 21.362375, "text": "That is a big circle. Look at that. You want to turn, you say my turn. Oh, nice sharing."}