{"gap_ratio": 0.7123581141478859, "word_count": 11, "covered_sec": 3.6000000000000005, "words_per_sec": 0.8789057623259042, "clip_duration": 12.5155625, "text": "All right, Nixon. Okay. And coming in the score is Jack."}