{"gap_ratio": 0.7884472357656391, "word_count": 6, "covered_sec": 1.12, "words_per_sec": 1.1333183798269328, "clip_duration": 5.2941875, "text": "And you know what shout, hooray!"}