{"gap_ratio": 0.9538917817704434, "word_count": 6, "covered_sec": 1.4400000000000013, "words_per_sec": 0.19211757595648538, "clip_duration": 31.230875, "text": "Go get it. Go get it."}