{"gap_ratio": 0.7865741821455964, "word_count": 8, "covered_sec": 2.8000000000000007, "words_per_sec": 0.6097880510125817, "clip_duration": 13.1193125, "text": "Lucas, look at hamun hawanyan. See, babuna hawanyan."}