{"gap_ratio": 0.9464460043698573, "word_count": 1, "covered_sec": 0.7200000000000006, "words_per_sec": 0.07438054948630933, "clip_duration": 13.444375, "text": "Woohoo!"}