{"gap_ratio": 0.9875799781485239, "word_count": 4, "covered_sec": 0.40000000000000213, "words_per_sec": 0.12420021851475944, "clip_duration": 32.2060625, "text": "I'm gonna be okay."}