{"gap_ratio": 0.9411611479705192, "word_count": 4, "covered_sec": 1.200000000000001, "words_per_sec": 0.19612950676493573, "clip_duration": 20.3946875, "text": "Nice and gold is"}