{"gap_ratio": 0.9368155185912933, "word_count": 12, "covered_sec": 2.8799999999999955, "words_per_sec": 0.2632686725362783, "clip_duration": 45.5808125, "text": "You missed it. Don't eat it. No, no, no, no mouth. December."}