{"gap_ratio": 0.9586148921723948, "word_count": 7, "covered_sec": 1.2800000000000011, "words_per_sec": 0.22632480843221572, "clip_duration": 30.929, "text": "You can fall. Got your puppy dog."}