{"gap_ratio": 0.677734375, "word_count": 7, "covered_sec": 2.6399999999999997, "words_per_sec": 0.8544921875, "clip_duration": 8.192, "text": "Hey, BB, come here. Whoa, good job."}