{"gap_ratio": 0.7112317769514414, "word_count": 13, "covered_sec": 2.320000000000001, "words_per_sec": 1.6180978015651986, "clip_duration": 8.034125, "text": "Uh oh, where you going, Holland? Going to house. Going to your house."}