{"gap_ratio": 0.8186675301546182, "word_count": 9, "covered_sec": 2.24, "words_per_sec": 0.7285679592001943, "clip_duration": 12.353, "text": "Oh wait, was that recording? I saw that boy."}