{"gap_ratio": 0.9600414847085837, "word_count": 2, "covered_sec": 0.72, "words_per_sec": 0.11099587580948946, "clip_duration": 18.0186875, "text": "Bye, Kristen."}