{"gap_ratio": 0.8406355605620442, "word_count": 8, "covered_sec": 1.6799999999999997, "words_per_sec": 0.7588782830378847, "clip_duration": 10.541875, "text": "Do you guys like it? No. Cheers. Cheers."}