{"gap_ratio": 0.8813220608310022, "word_count": 17, "covered_sec": 5.200000000000006, "words_per_sec": 0.38798557036018466, "clip_duration": 43.8160625, "text": "Dancing kids and clay Dancing kids. You're eating an apple too. You're both eating apples and spinning."}