{"gap_ratio": 0.9618748422555922, "word_count": 9, "covered_sec": 1.5199999999999996, "words_per_sec": 0.22574106559188836, "clip_duration": 39.8686875, "text": "Oh oh, is that so hard? Bubby's mocking you."}