{"gap_ratio": 0.5993823811709721, "word_count": 15, "covered_sec": 15.599999999999993, "words_per_sec": 0.38520924887406544, "clip_duration": 38.939875, "text": "Farm is hindered apple Apple Apple A Apple A Baby F Baby F Baby Black"}