{"gap_ratio": 0.7548792748511881, "word_count": 7, "covered_sec": 2.8800000000000003, "words_per_sec": 0.5957795402922511, "clip_duration": 11.7493125, "text": "Yay, Jack! Clap your hands! Yay! Yay!"}