{"gap_ratio": 0.9373582812678423, "word_count": 2, "covered_sec": 0.48, "words_per_sec": 0.26100716138399044, "clip_duration": 7.662625, "text": "First door."}