{"gap_ratio": 0.923417341584583, "word_count": 5, "covered_sec": 2.4, "words_per_sec": 0.15954720503211886, "clip_duration": 31.3386875, "text": "Okay, done it. Basketball, basketball."}