{"gap_ratio": 0.8718371578004995, "word_count": 2, "covered_sec": 1.3599999999999999, "words_per_sec": 0.188474767940442, "clip_duration": 10.6115, "text": "Tape shaduo."}