{"gap_ratio": 0.8396640580263408, "word_count": 14, "covered_sec": 6.720000000000002, "words_per_sec": 0.33403321244512313, "clip_duration": 41.912, "text": "Say hi to Daddy. Hey, Benjamin, Benjamin, Benjamin, Benjamin Here we go ready, Benjamin."}