{"gap_ratio": 0.9282229574384567, "word_count": 1, "covered_sec": 0.08000000000000007, "words_per_sec": 0.8972130320192901, "clip_duration": 1.1145625, "text": "Yeah."}