{"gap_ratio": 0.9832887700534759, "word_count": 2, "covered_sec": 0.3999999999999999, "words_per_sec": 0.08355614973262032, "clip_duration": 23.936, "text": "No, Max."}