{"gap_ratio": 0.968619221217329, "word_count": 6, "covered_sec": 0.8000000000000005, "words_per_sec": 0.2353558408700321, "clip_duration": 25.4933125, "text": "I stayed out of the way."}