{"gap_ratio": 0.898406374501992, "word_count": 7, "covered_sec": 8.159999999999998, "words_per_sec": 0.08715139442231076, "clip_duration": 80.32, "text": "Dylan, Dylan Delaney, High Day, stay high."}