{"gap_ratio": 0.48200084701896384, "word_count": 12, "covered_sec": 3.4399999999999995, "words_per_sec": 1.806973789468731, "clip_duration": 6.6409375, "text": "Uncle, is Coco gonna be there? Is Coco gonna be there, Uncle?"}