{"gap_ratio": 0.6368693823043017, "word_count": 13, "covered_sec": 3.2800000000000002, "words_per_sec": 1.4392372042817307, "clip_duration": 9.0325625, "text": "You gonna swim? You gonna swim? Are you gonna swim? Not your turn."}