{"gap_ratio": 0.5286715469867558, "word_count": 18, "covered_sec": 14.720000000000002, "words_per_sec": 0.5763527278694561, "clip_duration": 31.230875, "text": "Boom Ah ha ha ha ha Athena Boom Athena Boomer Athena Boom Ahi example Mghat Haiji Tonga. Ah"}