{"gap_ratio": 0.9759069027664711, "word_count": 6, "covered_sec": 1.2800000000000011, "words_per_sec": 0.11293639328216688, "clip_duration": 53.12725, "text": "Right, you know you good job."}