{"gap_ratio": 0.8961214621445237, "word_count": 7, "covered_sec": 1.9200000000000004, "words_per_sec": 0.3787238359314239, "clip_duration": 18.483125, "text": "I'm just sitting here eating table tacks."}