{"gap_ratio": 0.939961176818664, "word_count": 2, "covered_sec": 1.040000000000001, "words_per_sec": 0.11545927534872309, "clip_duration": 17.322125, "text": "Hey, careful."}