{"gap_ratio": 0.9577125846791582, "word_count": 1, "covered_sec": 1.5199999999999996, "words_per_sec": 0.027820667974238062, "clip_duration": 35.9445, "text": "Benjamin"}