{"gap_ratio": 0.9104144643312797, "word_count": 14, "covered_sec": 3.8400000000000043, "words_per_sec": 0.3266139321255422, "clip_duration": 42.8640625, "text": "Yeah. You say hi to everybody That's for the fire for the grill. Yeah."}