{"gap_ratio": 0.9240197483154164, "word_count": 9, "covered_sec": 2.3199999999999967, "words_per_sec": 0.2947509763626092, "clip_duration": 30.53425, "text": "Here. Oh my god, hey, Mommy! My cat dog!"}