{"gap_ratio": 0.9458661417322834, "word_count": 11, "covered_sec": 1.7600000000000011, "words_per_sec": 0.33833661417322836, "clip_duration": 32.512, "text": "Done? Yep, yep, yep, yep, yep, yep, yep. Yep, wash, okay."}