{"gap_ratio": 0.8788200548354103, "word_count": 17, "covered_sec": 4.079999999999997, "words_per_sec": 0.5049164381857907, "clip_duration": 33.6689375, "text": "Gals, welcome our dear friend Joshua. Oh, she's beautiful. Just because I don't ask for your money."}