{"gap_ratio": 0.8891630947742131, "word_count": 3, "covered_sec": 0.48, "words_per_sec": 0.6927306576611681, "clip_duration": 4.3306875, "text": "I'll summon you."}