{"gap_ratio": 0.5562382330423393, "word_count": 20, "covered_sec": 5.760000000000001, "words_per_sec": 1.5408394686029883, "clip_duration": 12.9799375, "text": "What is daddy putting on you? Lotion. What was he putting on your back? What does it feel like? Sunscreen."}