{"gap_ratio": 0.9834359956519488, "word_count": 2, "covered_sec": 0.31999999999999995, "words_per_sec": 0.10352502717531964, "clip_duration": 19.319, "text": "Come on!"}