{"gap_ratio": 0.8946848774066151, "word_count": 4, "covered_sec": 1.12, "words_per_sec": 0.3761254378335175, "clip_duration": 10.63475, "text": "Okay, let's do it."}