{"gap_ratio": 0.8367989935937936, "word_count": 14, "covered_sec": 3.600000000000004, "words_per_sec": 0.6346705804685795, "clip_duration": 22.0586875, "text": "That was funny. Hey, you're almost as tall. She's almost as tall as him."}