{"gap_ratio": 0.9156938897829336, "word_count": 8, "covered_sec": 2.400000000000002, "words_per_sec": 0.2810203673902209, "clip_duration": 28.4676875, "text": "Go around and around truck ain't no bite."}