{"gap_ratio": 0.7703125652046905, "word_count": 17, "covered_sec": 3.4400000000000004, "words_per_sec": 1.135083253348913, "clip_duration": 14.976875, "text": "Ah Ah Ah Ah Ah Ah Ah Ah Ah Ah Ah Ah Ah Ah Ah Ah Ah"}