{"gap_ratio": 0.7995802219678866, "word_count": 12, "covered_sec": 3.360000000000001, "words_per_sec": 0.715784921543262, "clip_duration": 16.7648125, "text": "Watch out, Luna. He's right behind you. Evby, don't go right there."}