{"gap_ratio": 0.7899692653342001, "word_count": 13, "covered_sec": 4.159999999999999, "words_per_sec": 0.6563460458306248, "clip_duration": 19.806625, "text": "You ready? Okay, here we go. Good job. Good job. Okay, now let's."}