{"gap_ratio": 0.93360211412713, "word_count": 6, "covered_sec": 1.4400000000000004, "words_per_sec": 0.2766578578036248, "clip_duration": 21.6874375, "text": "Let me let me see this."}