{"gap_ratio": 0.9671353516421092, "word_count": 9, "covered_sec": 1.9199999999999988, "words_per_sec": 0.1540530391776135, "clip_duration": 58.4214375, "text": "What? You growling at me. Silly girl. Yum, num."}