{"gap_ratio": 0.8642369129907502, "word_count": 15, "covered_sec": 4.240000000000004, "words_per_sec": 0.4802939398912134, "clip_duration": 31.230875, "text": "We're flying. Lay up, lay up, lay, lay up, let go. Okay, okay, that's enough."}