{"gap_ratio": 0.8636421743391616, "word_count": 5, "covered_sec": 1.2000000000000006, "words_per_sec": 0.5681576069201596, "clip_duration": 8.800375, "text": "I will make them black."}