{"gap_ratio": 0.6799712474167601, "word_count": 11, "covered_sec": 5.120000000000001, "words_per_sec": 0.6875617731280544, "clip_duration": 15.9985625, "text": "Cheese. Dada. Dada. Are we gonna say cheese? Cheese. Cheese. Cheese."}