{"gap_ratio": 0.9186659177153258, "word_count": 15, "covered_sec": 3.9999999999999893, "words_per_sec": 0.30500280856752887, "clip_duration": 49.179875, "text": "Will you knock it down? A puck a puck. Yes, you did. You're a man."}