{"gap_ratio": 0.9114423238483054, "word_count": 9, "covered_sec": 1.6800000000000015, "words_per_sec": 0.4744161222412208, "clip_duration": 18.9706875, "text": "I've got some lookout so that we can go."}