{"gap_ratio": 0.8972257118540012, "word_count": 20, "covered_sec": 5.1999999999999975, "words_per_sec": 0.3952857236384568, "clip_duration": 50.5963125, "text": "I can't. I saw it. Goody Dude. I can get out. He did that one. Jill's doing his frog technique."}