{"gap_ratio": 0.7607959803114837, "word_count": 16, "covered_sec": 4.959999999999999, "words_per_sec": 0.7716258699629559, "clip_duration": 20.7354375, "text": "Woohoo, buddy. Are you having fun? You having fun on the swing, huh? Swing, yeah. Swing!"}