{"gap_ratio": 0.9676584734799483, "word_count": 10, "covered_sec": 1.5999999999999996, "words_per_sec": 0.20213454075032342, "clip_duration": 49.472, "text": "Well, I am with you. Well, I'll teach you around."}