{"gap_ratio": 0.81081718675834, "word_count": 25, "covered_sec": 4.159999999999999, "words_per_sec": 1.136915944961899, "clip_duration": 21.9893125, "text": "I have a 60 poo chip. There's a soft stairway. There's a clip. What are you gonna do, man? Oh my god! There you go."}