{"gap_ratio": 0.982773438025713, "word_count": 1, "covered_sec": 0.5599999999999987, "words_per_sec": 0.030761717811226875, "clip_duration": 32.5079375, "text": "More."}