{"gap_ratio": 0.9056079102537711, "word_count": 21, "covered_sec": 5.759999999999993, "words_per_sec": 0.3441378271997935, "clip_duration": 61.0220625, "text": "Out came the sun out came the sun A B C D A B C D U the world so high"}