{"gap_ratio": 0.8574356232736345, "word_count": 11, "covered_sec": 2.3999999999999986, "words_per_sec": 0.653420059995842, "clip_duration": 16.8345, "text": "I don't think your sister is quite sure about it, bud."}