{"gap_ratio": 0.5865633074935399, "word_count": 13, "covered_sec": 3.120000000000001, "words_per_sec": 1.7226528854435832, "clip_duration": 7.5465, "text": "Hey George, who did you play with at Trisha's house? Aiden! This one?"}