{"gap_ratio": 0.8368256766453108, "word_count": 10, "covered_sec": 2.799999999999999, "words_per_sec": 0.5827654405524616, "clip_duration": 17.1595625, "text": "Is that where lightning goes? What does he say? Speed."}