{"gap_ratio": 0.925640767449246, "word_count": 6, "covered_sec": 2.4000000000000004, "words_per_sec": 0.1858980813768851, "clip_duration": 32.27575, "text": "Peek boo, pee-boo, pee-boo. Peek-a-boo! Pee-boo!"}