{"gap_ratio": 0.8072213117987299, "word_count": 9, "covered_sec": 3.3600000000000008, "words_per_sec": 0.5163714862534021, "clip_duration": 17.4293125, "text": "Ayell! Oh boy! Oh boy! Oh boy! Oh boy!"}