{"gap_ratio": 0.8382483645814467, "word_count": 13, "covered_sec": 2.3999999999999977, "words_per_sec": 0.8761546918504977, "clip_duration": 14.8375625, "text": "Call me one, call two two is drop in all right, all right."}