{"gap_ratio": 0.9230573997141369, "word_count": 3, "covered_sec": 0.7199999999999999, "words_per_sec": 0.320594167857763, "clip_duration": 9.357625, "text": "One, two, three."}