{"gap_ratio": 0.9906883356854985, "word_count": 1, "covered_sec": 0.15999999999999992, "words_per_sec": 0.058197901965634145, "clip_duration": 17.18275, "text": "Okay."}