{"gap_ratio": 0.9111408430260077, "word_count": 12, "covered_sec": 3.5199999999999987, "words_per_sec": 0.30292894422951916, "clip_duration": 39.61325, "text": "What do you think about your bed, sweetie? Thank you. You're welcome."}