{"gap_ratio": 0.8653556997976622, "word_count": 11, "covered_sec": 1.3600000000000003, "words_per_sec": 1.0890347810483199, "clip_duration": 10.1006875, "text": "I'll get up in the middle there and say one more."}