{"gap_ratio": 0.806273202351532, "word_count": 22, "covered_sec": 5.600000000000001, "words_per_sec": 0.7610695621904101, "clip_duration": 28.9066875, "text": "Did you help Alina climb up? No, I let this. Ooh. Look at you guys on the seesaw. Are you having fun?"}