{"gap_ratio": 0.802318783025008, "word_count": 3, "covered_sec": 1.12, "words_per_sec": 0.5295032597544429, "clip_duration": 5.6656875, "text": "Hey, Holly. Hey."}