{"gap_ratio": 0.9645483375109056, "word_count": 7, "covered_sec": 1.4399999999999977, "words_per_sec": 0.17233447043309807, "clip_duration": 40.6186875, "text": "I get the lady all fell down."}