{"gap_ratio": 0.8715036829754927, "word_count": 11, "covered_sec": 1.2800000000000005, "words_per_sec": 1.1042652244293583, "clip_duration": 9.961375, "text": "What do you feel like if you've got a good idea?"}