{"gap_ratio": 0.7240768576455646, "word_count": 9, "covered_sec": 2.96, "words_per_sec": 0.8389555004019995, "clip_duration": 10.727625, "text": "He's getting mad because he can't open the book"}