{"gap_ratio": 0.7957323668448097, "word_count": 11, "covered_sec": 3.6000000000000014, "words_per_sec": 0.6241511013075256, "clip_duration": 17.6239375, "text": "So wow, before the evening, and I'm going to be daddy."}