{"gap_ratio": 0.885970996417504, "word_count": 3, "covered_sec": 1.1199999999999997, "words_per_sec": 0.305434831024543, "clip_duration": 9.8220625, "text": "Ah Ah Ah"}