{"gap_ratio": 0.712041884816754, "word_count": 17, "covered_sec": 3.5199999999999996, "words_per_sec": 1.3907068062827226, "clip_duration": 12.224, "text": "Can you splash your feet in it, Holden? Splash your feet in it? Yeah, there you go."}