{"gap_ratio": 0.9652529082939887, "word_count": 6, "covered_sec": 1.0400000000000027, "words_per_sec": 0.2004639906116031, "clip_duration": 29.9305625, "text": "That's all you have to say."}