{"gap_ratio": 0.9003425724073497, "word_count": 2, "covered_sec": 1.1200000000000006, "words_per_sec": 0.17795969212973262, "clip_duration": 11.2385, "text": "Corey Corey."}