{"gap_ratio": 0.5537719404921156, "word_count": 11, "covered_sec": 3.4399999999999995, "words_per_sec": 1.4268920507519558, "clip_duration": 7.7090625, "text": "Slap at work. Where? Mamma, please get him up. Get what?"}