{"gap_ratio": 0.7006446345653394, "word_count": 15, "covered_sec": 4.3999999999999995, "words_per_sec": 1.0205296548908884, "clip_duration": 14.69825, "text": "Zane, throw this away. Can you go throw it away? Good job, yeah, goes back."}