{"gap_ratio": 0.9687925141043208, "word_count": 2, "covered_sec": 0.40000000000000036, "words_per_sec": 0.15603742947839613, "clip_duration": 12.8174375, "text": "Come on."}