{"gap_ratio": 0.9030730256636194, "word_count": 1, "covered_sec": 0.8799999999999999, "words_per_sec": 0.11014428901861438, "clip_duration": 9.079, "text": "Woo!"}