{"gap_ratio": 0.7867298578199051, "word_count": 7, "covered_sec": 2.8800000000000003, "words_per_sec": 0.5183649289099527, "clip_duration": 13.504, "text": "That reason why are you weeping at?"}