{"gap_ratio": 0.6373372621796598, "word_count": 5, "covered_sec": 1.5999999999999996, "words_per_sec": 1.1333210556885633, "clip_duration": 4.4118125, "text": "She's my best friend Mommy."}