{"gap_ratio": 0.9709609292502639, "word_count": 16, "covered_sec": 1.7600000000000051, "words_per_sec": 0.2639915522703274, "clip_duration": 60.608, "text": "Yes. I think it's a good look at this yucky. Yes. I think we did that."}