{"gap_ratio": 0.49947209947992033, "word_count": 10, "covered_sec": 4.799999999999999, "words_per_sec": 1.0427664594168329, "clip_duration": 9.589875, "text": "Nova's loving California. Yeah, she loves it. So is sister."}