{"gap_ratio": 0.7983517052334034, "word_count": 7, "covered_sec": 2.8000000000000007, "words_per_sec": 0.5041207369164915, "clip_duration": 13.8855625, "text": "Logan, you can bust somebody's eardrum, but"}