{"gap_ratio": 0.9463767660581688, "word_count": 3, "covered_sec": 0.3199999999999994, "words_per_sec": 0.502717818204669, "clip_duration": 5.9675625, "text": "This is a"}