{"gap_ratio": 0.9263822028975505, "word_count": 3, "covered_sec": 0.7999999999999998, "words_per_sec": 0.27606673913418567, "clip_duration": 10.8669375, "text": "What's up, honey?"}