{"gap_ratio": 0.9855499253305293, "word_count": 4, "covered_sec": 0.5600000000000005, "words_per_sec": 0.10321481906764764, "clip_duration": 38.754125, "text": "Now, where you going?"}