{"gap_ratio": 0.9491626794258373, "word_count": 9, "covered_sec": 2.719999999999999, "words_per_sec": 0.16821172248803828, "clip_duration": 53.504, "text": "I love it. Look, Holden's having a good time."}