{"gap_ratio": 0.9714082285107987, "word_count": 2, "covered_sec": 0.6399999999999997, "words_per_sec": 0.08934928590375407, "clip_duration": 22.3840625, "text": "Lapping curious."}