{"gap_ratio": 0.9437171788235885, "word_count": 4, "covered_sec": 1.1199999999999997, "words_per_sec": 0.20101007563004095, "clip_duration": 19.8995, "text": "What are you doing?"}