{"gap_ratio": 0.9655469422911284, "word_count": 1, "covered_sec": 0.08000000000000002, "words_per_sec": 0.43066322136089574, "clip_duration": 2.322, "text": "Oh"}