{"gap_ratio": 0.9661791905522304, "word_count": 6, "covered_sec": 1.8399999999999963, "words_per_sec": 0.11028524819924868, "clip_duration": 54.404375, "text": "Where'd Charlotte go? Big a bow."}