{"gap_ratio": 0.9101642710472281, "word_count": 11, "covered_sec": 2.7999999999999945, "words_per_sec": 0.3529260780287474, "clip_duration": 31.168, "text": "I did the camera in the selfie. Bye, everybody. It's fun."}