{"gap_ratio": 0.4961434118836108, "word_count": 8, "covered_sec": 2.9600000000000004, "words_per_sec": 1.3617745624767275, "clip_duration": 5.8746875, "text": "Again, we build a castle. That was good."}