{"gap_ratio": 0.8967998015380799, "word_count": 4, "covered_sec": 1.04, "words_per_sec": 0.3969238402381543, "clip_duration": 10.0775, "text": "Ready, set, go we"}