{"gap_ratio": 0.8612815970310017, "word_count": 12, "covered_sec": 3.9199999999999946, "words_per_sec": 0.4246481723540769, "clip_duration": 28.2586875, "text": "Time out Time out Time out Time out Time out Time out"}