{"gap_ratio": 0.45032660715052575, "word_count": 19, "covered_sec": 7.199999999999998, "words_per_sec": 1.4505270089083353, "clip_duration": 13.0986875, "text": "Knees and toes, knees and toes, eyes, ears, mouth, nose, head, shoulders, knees and toes, knees and toes, head."}