{"gap_ratio": 0.861308773428628, "word_count": 13, "covered_sec": 4.160000000000002, "words_per_sec": 0.4334100830355375, "clip_duration": 29.9946875, "text": "Come on. No, you like it. You're a rascal. Come on. Come on."}