{"gap_ratio": 0.9209490234425258, "word_count": 3, "covered_sec": 0.9600000000000009, "words_per_sec": 0.24703430174210647, "clip_duration": 12.1440625, "text": "Good job, Nixon."}