{"gap_ratio": 0.804414772326571, "word_count": 6, "covered_sec": 2.0799999999999996, "words_per_sec": 0.5641881567502762, "clip_duration": 10.63475, "text": "Is that yummy? Is that yummy?"}