{"gap_ratio": 0.9351978028005011, "word_count": 2, "covered_sec": 0.9600000000000009, "words_per_sec": 0.13500457749895584, "clip_duration": 14.8143125, "text": "Steer, careful."}