{"gap_ratio": 0.9095505148811245, "word_count": 2, "covered_sec": 0.8799999999999999, "words_per_sec": 0.20556701163380806, "clip_duration": 9.7291875, "text": "Stop, wait."}