{"gap_ratio": 0.7460493814913646, "word_count": 14, "covered_sec": 4.8000000000000025, "words_per_sec": 0.7406893039835197, "clip_duration": 18.9013125, "text": "Oh, did you fall down? Here she comes. Here comes my big girl. Yay!"}