{"gap_ratio": 0.382148408737626, "word_count": 17, "covered_sec": 4.719999999999999, "words_per_sec": 2.2253129346314324, "clip_duration": 7.639375, "text": "You got then? Let's see that spin. Woo! That's spinning, girl. All right, girl. Come on, Tommy."}