{"gap_ratio": 0.8871362208268943, "word_count": 6, "covered_sec": 1.5199999999999991, "words_per_sec": 0.4455149177885753, "clip_duration": 13.4675625, "text": "Go, go again. One, two, three."}