{"gap_ratio": 0.9542968889474825, "word_count": 14, "covered_sec": 3.120000000000009, "words_per_sec": 0.20507806241514207, "clip_duration": 68.2666875, "text": "Ugh. Ugh, you wanna know the perfect gift for Bonnie? Three, two, you're too"}