{"gap_ratio": 0.780700370158298, "word_count": 11, "covered_sec": 3.039999999999999, "words_per_sec": 0.7935183974535274, "clip_duration": 13.8623125, "text": "Okay, come on. Uh oh, come on, stand up. Good job."}