{"gap_ratio": 0.9566399948058324, "word_count": 13, "covered_sec": 1.9200000000000124, "words_per_sec": 0.29358336850217437, "clip_duration": 44.2804375, "text": "Uh oh. Oh, oh, nah, night. Okay, get up. He said, What can"}