{"gap_ratio": 0.9666539534864335, "word_count": 7, "covered_sec": 1.9999999999999976, "words_per_sec": 0.11671116279748321, "clip_duration": 59.977125, "text": "Uh what? That's you say, got them."}