{"gap_ratio": 0.7679332250169099, "word_count": 9, "covered_sec": 2.0800000000000005, "words_per_sec": 1.0041350840614474, "clip_duration": 8.9629375, "text": "Mount fighting safety today. Roll out. Roll out. Yeah."}