{"gap_ratio": 0.796270718232044, "word_count": 20, "covered_sec": 4.720000000000004, "words_per_sec": 0.8632596685082873, "clip_duration": 23.168, "text": "I hate it when you hate and pitch. That's a new side. I am fine, no, but I ain't lying."}