{"gap_ratio": 0.9230429484170389, "word_count": 8, "covered_sec": 2.0799999999999947, "words_per_sec": 0.29598865993446627, "clip_duration": 27.0280625, "text": "Whoa, don't spinach these genuine. Oh, sorry, cool."}