{"gap_ratio": 0.9171418965902471, "word_count": 13, "covered_sec": 2.479999999999999, "words_per_sec": 0.434336832389834, "clip_duration": 29.9306875, "text": "Oh, he's not going down. You gonna get down? No, not this way."}