{"gap_ratio": 0.9380745041122399, "word_count": 5, "covered_sec": 0.8800000000000003, "words_per_sec": 0.351849408453182, "clip_duration": 14.210625, "text": "Look at that baby go."}