{"gap_ratio": 0.9468862036914089, "word_count": 7, "covered_sec": 1.1999999999999988, "words_per_sec": 0.30983047846678174, "clip_duration": 22.593, "text": "Not the T V Rock and Pole."}