{"gap_ratio": 0.9646226415094339, "word_count": 2, "covered_sec": 0.2400000000000002, "words_per_sec": 0.294811320754717, "clip_duration": 6.784, "text": "Yes, sir."}