{"gap_ratio": 0.6846930744227684, "word_count": 11, "covered_sec": 3.280000000000001, "words_per_sec": 1.0574317626065692, "clip_duration": 10.4025625, "text": "That's my everyone, and welcome to the Chinese Moon Earth Parade."}