{"gap_ratio": 0.7149579311212881, "word_count": 8, "covered_sec": 1.8400000000000003, "words_per_sec": 1.2393133429509213, "clip_duration": 6.4551875, "text": "Thank you, Libby. Say thank you. I see."}