{"gap_ratio": 0.9841877485248075, "word_count": 2, "covered_sec": 0.7200000000000006, "words_per_sec": 0.043922920764423536, "clip_duration": 45.5343125, "text": "Where's Leah?"}