{"gap_ratio": 0.9455121173323204, "word_count": 9, "covered_sec": 2.0799999999999983, "words_per_sec": 0.23576487692745973, "clip_duration": 38.173625, "text": "Or you can harden boiling and make it um"}