{"gap_ratio": 0.9314853756451922, "word_count": 12, "covered_sec": 1.1199999999999992, "words_per_sec": 0.7340852609443701, "clip_duration": 16.346875, "text": "If you put your hand there, his nose will go by it."}