{"gap_ratio": 0.8596931396400372, "word_count": 6, "covered_sec": 2.8800000000000034, "words_per_sec": 0.2923059590832554, "clip_duration": 20.5264375, "text": "Yep, jump Jump, Sakura Good girl."}