{"gap_ratio": 0.8210881196920481, "word_count": 6, "covered_sec": 1.999999999999999, "words_per_sec": 0.5367356409238562, "clip_duration": 11.1786875, "text": "Steven, I love you. I believe."}