{"gap_ratio": 0.8577586206896548, "word_count": 9, "covered_sec": 2.640000000000006, "words_per_sec": 0.4849137931034483, "clip_duration": 18.56, "text": "It's gonna make Ori smile. Quit squad. Quit squad."}