{"gap_ratio": 0.8330842302715391, "word_count": 15, "covered_sec": 3.119999999999999, "words_per_sec": 0.8024796621560623, "clip_duration": 18.6920625, "text": "I'm trying to guide him to some of the bigger ones where I know where"}