{"gap_ratio": 0.8719835805027167, "word_count": 10, "covered_sec": 3.6799999999999993, "words_per_sec": 0.34787070515566126, "clip_duration": 28.7463125, "text": "Ticketle Ticka tickle Ticka tickle Ticka tickle Ah Big Boo."}