{"gap_ratio": 0.9650813223266753, "word_count": 4, "covered_sec": 1.1999999999999957, "words_per_sec": 0.11639559224441619, "clip_duration": 34.3655625, "text": "Oh he shows Kanye."}