{"gap_ratio": 0.6817209141085698, "word_count": 16, "covered_sec": 10.960000000000003, "words_per_sec": 0.4646410013013578, "clip_duration": 34.4351875, "text": "Happy birthday to you Happy birthday to you Happy birthday dear Jonas Happy birthday to you"}