{"gap_ratio": 0.8204022988505748, "word_count": 7, "covered_sec": 1.9999999999999991, "words_per_sec": 0.6285919540229885, "clip_duration": 11.136, "text": "Yay, let's go. You're holding the bombing."}