{"gap_ratio": 0.8847000184445655, "word_count": 11, "covered_sec": 1.6800000000000002, "words_per_sec": 0.7549403554224878, "clip_duration": 14.5706875, "text": "So, why are you throwing yourself on the floor and then"}