{"gap_ratio": 0.758828055080155, "word_count": 15, "covered_sec": 6.720000000000002, "words_per_sec": 0.5383302341960823, "clip_duration": 27.8639375, "text": "My little jumper boy, good job, buddy. You got it. Woo, yay. Good job, Mika."}