{"gap_ratio": 0.9644819357345025, "word_count": 1, "covered_sec": 0.08000000000000007, "words_per_sec": 0.44397580331871916, "clip_duration": 2.252375, "text": "Yeah."}