{"gap_ratio": 0.40081334906718413, "word_count": 10, "covered_sec": 3.8400000000000007, "words_per_sec": 1.5603819034708746, "clip_duration": 6.4086875, "text": "On your sock. Yay! Good job. Good job. Good job."}