{"gap_ratio": 0.9777843730420309, "word_count": 4, "covered_sec": 0.8000000000000007, "words_per_sec": 0.11107813478984536, "clip_duration": 36.0106875, "text": "I think the pleasing."}