{"gap_ratio": 0.6048505815748317, "word_count": 18, "covered_sec": 9.679999999999996, "words_per_sec": 0.734781976410437, "clip_duration": 24.4970625, "text": "Happy birthday to you Happy birthday to you Happy birthday to I am happy happy birthday to you"}