{"gap_ratio": 0.909571950349349, "word_count": 4, "covered_sec": 0.7999999999999998, "words_per_sec": 0.45214024825325505, "clip_duration": 8.8468125, "text": "Three, one, two, three."}