{"gap_ratio": 0.9169034551982781, "word_count": 3, "covered_sec": 1.0400000000000003, "words_per_sec": 0.23970157154342844, "clip_duration": 12.5155625, "text": "Two three okay."}