{"gap_ratio": 0.7229905657187301, "word_count": 20, "covered_sec": 5.119999999999997, "words_per_sec": 1.0820681026612111, "clip_duration": 18.483125, "text": "Hey, what are you wearing? Are you wearing your tutu in the morning? Show me how pretty your tutu looks."}