{"gap_ratio": 0.8039258594656105, "word_count": 7, "covered_sec": 2.8, "words_per_sec": 0.4901853513359739, "clip_duration": 14.2803125, "text": "Hitch the red Hand Arrow Red Arrow."}