{"gap_ratio": 0.7833935018050543, "word_count": 9, "covered_sec": 3.8399999999999985, "words_per_sec": 0.5076714801444043, "clip_duration": 17.728, "text": "Wow, wow, wow, wow, wow, wow, wow, oh, oh."}