{"gap_ratio": 0.6179472932575962, "word_count": 12, "covered_sec": 5.199999999999999, "words_per_sec": 0.8816600924824701, "clip_duration": 13.6106875, "text": "Speedy Gonzales, Kagbistro, and Tipil Kalasach Kutakatal. What a cagboistra, what kagboistra."}