{"gap_ratio": 0.8229968966570727, "word_count": 15, "covered_sec": 3.439999999999998, "words_per_sec": 0.7718158575999743, "clip_duration": 19.4346875, "text": "Who is that? With a proud smile that she would say, I love you, baby."}