{"gap_ratio": 0.7418242011990708, "word_count": 15, "covered_sec": 4.639999999999999, "words_per_sec": 0.8346200392271419, "clip_duration": 17.97225, "text": "Denny, do you love your bear? Oh, you love your bear so much, so much."}