{"gap_ratio": 0.8677963237112175, "word_count": 12, "covered_sec": 2.640000000000002, "words_per_sec": 0.6009258013126473, "clip_duration": 19.9691875, "text": "I don't care for the more I don't care, don't get it."}