{"gap_ratio": 0.8028804628023917, "word_count": 6, "covered_sec": 1.84, "words_per_sec": 0.6427810995574185, "clip_duration": 9.3344375, "text": "Corey, what are you doing? Corey."}