{"gap_ratio": 0.8635519719523497, "word_count": 8, "covered_sec": 2.8800000000000017, "words_per_sec": 0.37902230013236166, "clip_duration": 21.1069375, "text": "Are you a farmer? Farmer Dad. Farmer Dan."}