{"gap_ratio": 0.882302786113735, "word_count": 3, "covered_sec": 0.8799999999999997, "words_per_sec": 0.40124050188499444, "clip_duration": 7.4768125, "text": "Say hi. Hi."}