{"gap_ratio": 0.9206401806120028, "word_count": 7, "covered_sec": 2.3199999999999985, "words_per_sec": 0.23944773091206067, "clip_duration": 29.2339375, "text": "Benjamin Come on, you can do it."}