{"gap_ratio": 0.8285140113877413, "word_count": 15, "covered_sec": 5.280000000000005, "words_per_sec": 0.4871761040120982, "clip_duration": 30.7896875, "text": "Asher Where is he? I found you. You're coming. Uh, where's Asher? You found me."}