{"gap_ratio": 0.8536433111964721, "word_count": 12, "covered_sec": 2.960000000000001, "words_per_sec": 0.5933379275818698, "clip_duration": 20.2245625, "text": "This boy is serious about his lasagna. Yeah, okay. You done now?"}