{"gap_ratio": 0.6798356678649218, "word_count": 17, "covered_sec": 9.040000000000001, "words_per_sec": 0.6020789431743727, "clip_duration": 28.2355, "text": "Happy birthday to you Happy birthday dear Jameson Happy birthday to you I want to leave Charlotte"}