{
  "threshold": 0.1,
  "f1": 0.9149659863945578,
  "precision": 0.9087837837837838,
  "recall": 0.9212328767123288,
  "auroc": 0.8483655781341297,
  "auprc": 0.8938204156499496
}