f1,f1_macro,f1_weighted,balanced_accuracy,precision,recall,auroc,auprc,timepoint,n
0.900523560209424,0.8443138247143774,0.8639405019537405,0.8410866659812892,0.8927335640138409,0.9084507042253521,0.8331962578390049,0.8504365873475986,14_month,421
0.9302325581395349,0.8192829457364341,0.8868045597190182,0.8159817351598173,0.9271523178807947,0.9333333333333333,0.8770319634703196,0.9431855477862091,36_month,373
