{
  "threshold": 0.1,
  "f1": 0.9210526315789473,
  "precision": 0.9074074074074074,
  "recall": 0.9351145038167938,
  "auroc": 0.8632784250703094,
  "auprc": 0.9228127716786209
}