f1,precision,recall,auroc,auprc,timepoint,n
0.898876404494382,0.8759124087591241,0.9230769230769231,0.8557051282051282,0.9048988824178715,14_month,190
0.9433962264150944,0.9398496240601504,0.946969696969697,0.8690476190476191,0.9401684045909096,36_month,167
