f1,precision,recall,auroc,auprc,timepoint,n
0.9053356282271945,0.8885135135135135,0.9228070175438596,0.8778159166031021,0.923546604699079,14_month,423
0.9322314049586777,0.9215686274509803,0.9431438127090301,0.8781096806707289,0.9527324478914146,36_month,372
