f1,precision,recall,auroc,auprc,timepoint,n
0.8970588235294118,0.8591549295774648,0.9384615384615385,0.8467948717948718,0.9126625085731095,14_month,190
0.9442379182156134,0.927007299270073,0.9621212121212122,0.8652597402597403,0.9499983857261654,36_month,167
