{
  "threshold_sec": 0.1,
  "f1": 0.9190556492411467,
  "precision": 0.9053156146179402,
  "recall": 0.9332191780821918,
  "auroc": 0.8818858339284555,
  "auprc": 0.9399379839709774
}