{
  "threshold_sec": 0.1,
  "f1": 0.9205175600739371,
  "precision": 0.8924731182795699,
  "recall": 0.950381679389313,
  "auroc": 0.8596424266773806,
  "auprc": 0.9331104649276769
}