{
  "auroc_mean": 0.8624153576600465,
  "auroc_n": 460,
  "auprc_mean": 0.7805308546558366,
  "auprc_n": 460,
  "pearson_mean": 0.6162024871486509,
  "pearson_n": 462,
  "spearman_mean": 0.5519710941334428,
  "spearman_n": 462,
  "n_clips_total": 663,
  "n_pos_clips": 504
}