{
  "n_rows": 17028,
  "n_branches": 5,
  "k_frac": 0.1,
  "per_branch": {
    "branch_0_weight": {
      "mean_attn": 0.025898520102549515,
      "std_attn": 0.15764414919915945,
      "min_attn": 0.0,
      "max_attn": 1.0
    },
    "branch_1_weight": {
      "mean_attn": 0.02589852017499429,
      "std_attn": 0.14841332577982766,
      "min_attn": 0.0,
      "max_attn": 1.0
    },
    "branch_2_weight": {
      "mean_attn": 0.025898520119895532,
      "std_attn": 0.05665401338171351,
      "min_attn": 2.508573516024626e-06,
      "max_attn": 1.0
    },
    "branch_3_weight": {
      "mean_attn": 0.025898520137725513,
      "std_attn": 0.154175379104644,
      "min_attn": 0.0,
      "max_attn": 1.0
    },
    "branch_4_weight": {
      "mean_attn": 0.025898520131618006,
      "std_attn": 0.1477870201165982,
      "min_attn": 0.0,
      "max_attn": 1.0
    }
  },
  "pairwise_cosine": {
    "0_0": 0.9999999999999043,
    "0_1": 0.042513927479679234,
    "0_2": 0.382505724138991,
    "0_3": 0.018489924142217354,
    "0_4": 0.011574888107309689,
    "1_0": 0.042513927479679234,
    "1_1": 0.9999999999998985,
    "1_2": 0.13430468272811458,
    "1_3": 0.013844962991005384,
    "1_4": 0.04184694889891119,
    "2_0": 0.382505724138991,
    "2_1": 0.13430468272811458,
    "2_2": 0.9999999999997542,
    "2_3": 0.11082001126644185,
    "2_4": 0.07727596473265098,
    "3_0": 0.018489924142217354,
    "3_1": 0.013844962991005384,
    "3_2": 0.11082001126644185,
    "3_3": 0.9999999999999021,
    "3_4": 0.045409138769608094,
    "4_0": 0.011574888107309689,
    "4_1": 0.04184694889891119,
    "4_2": 0.07727596473265098,
    "4_3": 0.045409138769608094,
    "4_4": 0.9999999999998979
  },
  "pairwise_topk_overlap": {
    "0_0": 1.0,
    "0_1": 0.08050414499941577,
    "0_2": 0.22199058883890385,
    "0_3": 0.047409273611872804,
    "0_4": 0.02301761628907159,
    "1_0": 0.08050414499941577,
    "1_1": 1.0,
    "1_2": 0.05752152342568532,
    "1_3": 0.012242780253863998,
    "1_4": 0.0569400083606088,
    "2_0": 0.22199058883890385,
    "2_1": 0.05752152342568532,
    "2_2": 1.0,
    "2_3": 0.049649989505144675,
    "2_4": 0.01633671008616268,
    "3_0": 0.047409273611872804,
    "3_1": 0.012242780253863998,
    "3_2": 0.049649989505144675,
    "3_3": 1.0,
    "3_4": 0.04012958747664586,
    "4_0": 0.02301761628907159,
    "4_1": 0.0569400083606088,
    "4_2": 0.01633671008616268,
    "4_3": 0.04012958747664586,
    "4_4": 1.0
  },
  "mean_off_diag_cosine": 0.08785861732549294,
  "mean_off_diag_overlap": 0.060574222284737536
}