{
  "branch_0": {
    "mean_of_clip_means": 0.06028375029563904,
    "std_of_clip_means": 0.08573190122842789,
    "mean_of_clip_stds": 0.2045542448759079
  },
  "branch_1": {
    "mean_of_clip_means": 0.06028375029563904,
    "std_of_clip_means": 0.08573190122842789,
    "mean_of_clip_stds": 0.19202850759029388
  },
  "branch_2": {
    "mean_of_clip_means": 0.06028375029563904,
    "std_of_clip_means": 0.08573190122842789,
    "mean_of_clip_stds": 0.0634695440530777
  },
  "branch_3": {
    "mean_of_clip_means": 0.06028375029563904,
    "std_of_clip_means": 0.08573190122842789,
    "mean_of_clip_stds": 0.1991562843322754
  },
  "branch_4": {
    "mean_of_clip_means": 0.06028375029563904,
    "std_of_clip_means": 0.08573190122842789,
    "mean_of_clip_stds": 0.19124966859817505
  }
}