f1,f1_macro,f1_weighted,balanced_accuracy,precision,recall,auroc,auprc,timepoint,n
0.8010825439783491,0.48528703470103896,0.6066407675237607,0.5200684609705349,0.7014218009478673,0.9337539432176656,0.5681589368413987,0.7581924844777338,14_month,458
0.8853267570900123,0.5080839392926697,0.7423196758335033,0.5227567667779014,0.8177676537585421,0.9650537634408602,0.5544277592386603,0.8456765780044984,36_month,459
