{
  "threshold_sec": 0.4,
  "f1": 0.8451612903225807,
  "f1_macro": 0.5000454338936847,
  "f1_weighted": 0.6735442450318756,
  "balanced_accuracy": 0.5235721742673083,
  "precision": 0.7607433217189314,
  "recall": 0.9506531204644412,
  "auroc": 0.5689564077101317,
  "auprc": 0.8044544748483089
}