f1,f1_macro,f1_weighted,balanced_accuracy,precision,recall,auroc,auprc,timepoint,n
0.7899159663865546,0.47360966858653575,0.5828275382304884,0.517945205479452,0.6811594202898551,0.94,0.5689497716894978,0.7478805480812891,14_month,223
0.896551724137931,0.5391849529780565,0.7762139338494018,0.5391336679680239,0.8432432432432433,0.9570552147239264,0.5593976575571667,0.8607483689883777,36_month,196
