{
  "threshold_sec": 0.4,
  "f1": 0.8425531914893617,
  "f1_macro": 0.5039833626619741,
  "f1_weighted": 0.6712481706984162,
  "balanced_accuracy": 0.5263276870215203,
  "precision": 0.7576530612244898,
  "recall": 0.9488817891373802,
  "auroc": 0.572397371752366,
  "auprc": 0.8031741597062234
}