f1,precision,recall,auroc,auprc,timepoint,n
0.8372093023255814,0.7586206896551724,0.9339622641509434,0.6222096731331385,0.827567314767562,14_month,283
0.8746518105849582,0.7969543147208121,0.9691358024691358,0.7600459937061245,0.8882545890647411,36_month,213
