f1,precision,recall,auroc,auprc,timepoint,n
0.8176100628930818,0.7344632768361582,0.9219858156028369,0.6328284649597307,0.7901242870930902,14_month,200
0.896,0.84,0.96,0.6973745173745174,0.9126621762791354,36_month,212
