{
  "threshold_sec": 0.1,
  "f1": 0.86002886002886,
  "precision": 0.7904509283819628,
  "recall": 0.9430379746835443,
  "auroc": 0.6663535073839661,
  "auprc": 0.8587954732386975
}