{
  "threshold_sec": 0.1,
  "f1": 0.8533653846153846,
  "precision": 0.7751091703056768,
  "recall": 0.9491978609625669,
  "auroc": 0.6837687384939073,
  "auprc": 0.8540947194907424
}