{
  "auroc_mean": 0.8856380091908135,
  "auroc_n": 359,
  "auprc_mean": 0.8003677311988734,
  "auprc_n": 359,
  "pearson_mean": 0.6572083978292843,
  "pearson_n": 360,
  "spearman_mean": 0.5800664501163815,
  "spearman_n": 360,
  "n_clips_total": 535,
  "n_pos_clips": 426
}