f1,f1_macro,f1_weighted,balanced_accuracy,precision,recall,auroc,auprc,timepoint,n
0.7331378299120235,0.6283490196680537,0.6685311950247639,0.6445519618239661,0.7961783439490446,0.6793478260869565,0.6709636797454932,0.7922334368930252,14_month,266
0.8503937007874016,0.6934895333205301,0.7831490575873138,0.7146464646464648,0.8852459016393442,0.8181818181818182,0.7549569771791995,0.8993520318613437,36_month,252
