f1,f1_macro,f1_weighted,balanced_accuracy,precision,recall,auroc,auprc,timepoint,n
0.6937062937062937,0.5939663108254332,0.6318466527557949,0.6136931108841222,0.7774294670846394,0.6262626262626263,0.6487912836227443,0.7789363375646623,14_month,574
0.8218527315914489,0.6310756195270677,0.7503542823853384,0.6672458638922054,0.8849104859335039,0.7671840354767184,0.7326134231622036,0.9065280027059622,36_month,555
