{
  "threshold": 0.195,
  "f1": 0.7950138504155124,
  "f1_macro": 0.661838135398839,
  "f1_weighted": 0.7250837452330121,
  "balanced_accuracy": 0.6808015090853096,
  "precision": 0.8441176470588235,
  "recall": 0.7513089005235603,
  "auroc": 0.7133122882660918,
  "auprc": 0.8491103052502798
}