{
  "threshold": 0.195,
  "f1": 0.7630057803468208,
  "f1_macro": 0.6183074550806857,
  "f1_weighted": 0.6907207002315859,
  "balanced_accuracy": 0.6449755917841025,
  "precision": 0.8366197183098592,
  "recall": 0.7012987012987013,
  "auroc": 0.6926469726276303,
  "auprc": 0.8484858330898659
}