f1,f1_macro,f1_weighted,balanced_accuracy,precision,recall,auroc,auprc,timepoint,n
0.8029197080291971,0.5667491102129456,0.6573107680221849,0.5703207847295864,0.7268722466960352,0.8967391304347826,0.5938825556733829,0.766884435724279,14_month,266
0.8925233644859814,0.6436301032956222,0.7858548239758274,0.6212121212121212,0.8304347826086956,0.9646464646464646,0.7088009726898616,0.8869352889264653,36_month,252
