f1,f1_macro,f1_weighted,balanced_accuracy,precision,recall,auroc,auprc,timepoint,n
0.8,0.5794871794871795,0.6632359510408291,0.5795596413573942,0.7306889352818372,0.8838383838383839,0.6573955850641243,0.7980322415382497,14_month,574
0.8808510638297873,0.6110137672090112,0.7797228517629019,0.5984031212689749,0.8466257668711656,0.917960088691796,0.7828117004946272,0.9337782303880844,36_month,555
