{
  "threshold_sec": 0.75,
  "f1": 0.8418732782369146,
  "f1_macro": 0.597008873881437,
  "f1_weighted": 0.719549519108049,
  "balanced_accuracy": 0.5893014142530584,
  "precision": 0.7892561983471075,
  "recall": 0.9020070838252656,
  "auroc": 0.7152444589581921,
  "auprc": 0.8739839994339482
}