{
  "threshold_sec": 0.75,
  "f1": 0.8486293206197855,
  "f1_macro": 0.601979634929182,
  "f1_weighted": 0.7191144277474995,
  "balanced_accuracy": 0.5946450569756698,
  "precision": 0.7789934354485777,
  "recall": 0.9319371727748691,
  "auroc": 0.6482329842931936,
  "auprc": 0.8306814275079437
}