{
  "auroc_mean": 0.8994321620645062,
  "auroc_n": 7,
  "auprc_mean": 0.8131835151266235,
  "auprc_n": 7,
  "pearson_mean": 0.697268043245588,
  "pearson_n": 7,
  "spearman_mean": 0.6445882037048547,
  "spearman_n": 7,
  "n_clips_total": 8,
  "n_pos_clips": 7
}