epoch,train_loss,val_loss,val_f1,val_auroc,val_threshold
1,0.38659842662513255,0.3279861565934469,0.8125,0.8006708032869361,0.9
2,0.3119947488233447,0.3069896606141574,0.7503337783711616,0.7872044273016939,0.9
3,0.27953741393983367,0.2979847426487975,0.8084054388133498,0.7980714405500586,0.95
4,0.26799594329670073,0.28775959706878007,0.7984790874524715,0.8045446922689923,0.95
5,0.24670341216027736,0.27993712069032944,0.797979797979798,0.8015763877243,0.9
6,0.24537849048152566,0.2945807990554261,0.795425667090216,0.8036055676672816,0.9
