model,f1,precision,recall,auroc,auprc,_source
audio_only,0.8740279937791602,0.9123376623376623,0.8388059701492537,0.8203604618417346,0.9177605297462264,av_fusion/av_results/manual_only/metrics_overall.json
video_only,0.8634020618556701,0.7596371882086168,1.0,0.6793297662630245,0.8481162322187932,av_fusion/av_results/manual_only/metrics_overall.json
always_fuse,0.8767550702028081,0.9183006535947712,0.8388059701492537,0.8480709659250915,0.934498128178874,av_fusion/av_results/manual_only/metrics_overall.json
gated_av,0.8808139534883721,0.8583569405099151,0.9044776119402985,0.8281329203041397,0.927208340086067,av_fusion/av_results/manual_only/metrics_overall.json
