model,backbone,f1,precision,recall,auroc,auprc,threshold,_source
WavLM-MIL,microsoft/wavlm-base-plus,0.8822733423545331,0.806930693069307,0.9731343283582089,0.7710504083356802,0.89305281286712,0.5,mil/mil_results/wavlm_mil/test_metrics_tuned.json
Whisper-MIL,openai/whisper-small,0.8859649122807017,0.8681948424068768,0.9044776119402985,0.853083638411715,0.9456815867691774,0.5,mil/mil_results/whisper_mil/test_metrics_tuned.json
