age_group,f1,precision,recall,auroc,auprc,_source
14_month,0.86875,0.8853503184713376,0.852760736196319,0.8261470664477664,0.8940536789497637,babar_ecapa_enrollment_runs/enroll_test_metrics_by_timepoint.csv
36_month,0.8792569659442725,0.9403973509933776,0.8255813953488372,0.8106312292358805,0.9420022366061512,babar_ecapa_enrollment_runs/enroll_test_metrics_by_timepoint.csv
