age_group,f1,precision,recall,auroc,auprc,_source
14_month,0.8369565217391305,0.751219512195122,0.9447852760736196,0.6268037673896136,0.7489699205600618,whisper-modeling/usc_sail_enrollment_runs/enroll_test_metrics_by_timepoint.csv
36_month,0.912087912087912,0.8645833333333334,0.9651162790697676,0.613953488372093,0.8416373397640177,whisper-modeling/usc_sail_enrollment_runs/enroll_test_metrics_by_timepoint.csv
