age_group,condition,f1,precision,recall,auroc,auprc,_source
12_16m,no augmentation,0.8740279937791602,0.9123376623376623,0.8388059701492537,0.8203604618417346,0.9177605297462264,synth_results/augmentation_experiments/default_14_18mo/metrics_by_ratio.csv
12_16m,aug ratio=1.0,0.8740279937791602,0.9123376623376623,0.8388059701492537,0.8203604618417346,0.9177605297462264,synth_results/augmentation_experiments/default_14_18mo/metrics_by_ratio.csv
34_38m,no augmentation,0.8740279937791602,0.9123376623376623,0.8388059701492537,0.8203604618417346,0.9177605297462264,synth_results/augmentation_experiments/default_14_18mo/metrics_by_ratio.csv
34_38m,aug ratio=1.0,0.8740279937791602,0.9123376623376623,0.8388059701492537,0.8203604618417346,0.9177605297462264,synth_results/augmentation_experiments/default_14_18mo/metrics_by_ratio.csv
