age_group,f1,precision,recall,auroc,auprc,_source
14_month,0.8357348703170029,0.7880434782608695,0.8895705521472392,0.7183962671735937,0.8131264681143984,pyannote/pyannote_enrollment_runs/test_metrics_by_timepoint.csv
36_month,0.8788732394366198,0.8524590163934426,0.9069767441860463,0.5378737541528239,0.8400878278354814,pyannote/pyannote_enrollment_runs/test_metrics_by_timepoint.csv
