model,age_group,f1,precision,recall,auroc,auprc,_source
WavLM-MIL,14_month,0.8525469168900804,0.7571428571428571,0.9754601226993864,0.776203231659898,0.8500078638510007,mil/mil_results/wavlm_mil/test_metrics_by_timepoint.csv
WavLM-MIL,36_month,0.8525469168900804,0.7571428571428571,0.9754601226993864,0.776203231659898,0.8500078638510007,mil/mil_results/wavlm_mil/test_metrics_by_timepoint.csv
Whisper-MIL,14_month,0.8528528528528528,0.8352941176470589,0.8711656441717791,0.8292577551196751,0.914625566791602,mil/mil_results/whisper_mil/test_metrics_by_timepoint.csv
Whisper-MIL,36_month,0.8528528528528528,0.8352941176470589,0.8711656441717791,0.8292577551196751,0.914625566791602,mil/mil_results/whisper_mil/test_metrics_by_timepoint.csv
