age_group,condition,f1,precision,recall,auroc,auprc,_source
12_16m,no augmentation,0.8740279937791602,0.9123376623376623,0.8388059701492537,0.8203604618417346,0.9177605297462264,babar_ecapa_enrollment_runs/enroll_test_metrics.json
12_16m,aug ratio=1.0,0.8740279937791602,0.9123376623376623,0.8388059701492537,0.8203604618417346,0.9177605297462264,pyannote/babar_augmented/12_16m_ratio1.0/test_metrics_tuned.json
34_38m,no augmentation,0.8740279937791602,0.9123376623376623,0.8388059701492537,0.8203604618417346,0.9177605297462264,babar_ecapa_enrollment_runs/enroll_test_metrics.json
34_38m,aug ratio=1.0,0.8740279937791602,0.9123376623376623,0.8388059701492537,0.8203604618417346,0.9177605297462264,pyannote/babar_augmented/34_38m_ratio1.0/test_metrics_tuned.json
