diarizer,age_group,f1,precision,recall,auroc,auprc,_source
EEND-EDA,14_month,0.8138297872340425,0.7183098591549296,0.9386503067484664,0.5830381059362308,0.7653559130261771,eend_eda_ecapa_enrollment_runs/enroll_test_metrics_by_timepoint.csv
EEND-EDA,36_month,0.8138297872340425,0.7183098591549296,0.9386503067484664,0.5830381059362308,0.7653559130261771,eend_eda_ecapa_enrollment_runs/enroll_test_metrics_by_timepoint.csv
Sortformer,14_month,0.7966101694915254,0.7382198952879581,0.8650306748466258,0.681327227166681,0.806758497426008,sortformer_ecapa_enrollment_runs/enroll_test_metrics_by_timepoint.csv
Sortformer,36_month,0.7966101694915254,0.7382198952879581,0.8650306748466258,0.681327227166681,0.806758497426008,sortformer_ecapa_enrollment_runs/enroll_test_metrics_by_timepoint.csv
