diarizer,age_group,f1,precision,recall,auroc,auprc,_source
VTC (KCHI+OCH),14_month,0.8579881656804734,0.8285714285714286,0.8895705521472392,0.7922751231314266,0.8771191527378949,vtc_ecapa_enrollment_runs/enroll_test_metrics_by_timepoint.csv
VTC (KCHI+OCH),36_month,0.9169054441260746,0.903954802259887,0.9302325581395348,0.7495016611295681,0.907601141021264,vtc_ecapa_enrollment_runs/enroll_test_metrics_by_timepoint.csv
VBx,14_month,0.8360655737704918,0.7536945812807881,0.9386503067484664,0.7219821999481553,0.8279460494918909,vbx_ecapa_enrollment_runs/enroll_test_metrics_by_timepoint.csv
VBx,36_month,0.8802228412256268,0.8449197860962567,0.9186046511627908,0.6058139534883721,0.8715267853135735,vbx_ecapa_enrollment_runs/enroll_test_metrics_by_timepoint.csv
