{
  "threshold": 0.12000000000000001,
  "f1": 0.8740279937791602,
  "precision": 0.9123376623376623,
  "recall": 0.8388059701492537,
  "auroc": 0.8203604618417346,
  "auprc": 0.9177605297462264
}