{
  "auroc_mean": 0.8760847954001988,
  "auroc_n": 1,
  "auprc_mean": 0.48997449333169335,
  "auprc_n": 1,
  "pearson_mean": 0.5886098146438599,
  "pearson_n": 1,
  "spearman_mean": 0.514800452799715,
  "spearman_n": 1,
  "n_clips_total": 5,
  "n_pos_clips": 1
}