{
  "0": 0.041172295808792114,
  "1": 0.04866718128323555,
  "2": 0.0541851669549942,
  "3": 0.08617410808801651,
  "4": 0.05848819017410278,
  "5": 0.04437601938843727,
  "6": 0.05266205966472626,
  "7": 0.04625885561108589,
  "8": 0.0445452556014061,
  "9": 0.04286344349384308,
  "10": 0.032541051506996155,
  "11": 0.030362356454133987,
  "12": 0.02836647257208824,
  "13": 0.028810281306505203,
  "14": 0.023391401395201683,
  "15": 0.021032163873314857,
  "16": 0.020336948335170746,
  "17": 0.018905583769083023,
  "18": 0.01755288802087307,
  "19": 0.016887905076146126,
  "20": 0.01508130319416523,
  "21": 0.01629062369465828,
  "22": 0.015940453857183456,
  "23": 0.19510795176029205
}