{
  "14_month": 0.7849999999999999,
  "36_month": 0.9199999999999999
}