{
  "threshold": 0.21000000000000002,
  "f1": 0.8646288209606987,
  "precision": 0.8005390835579514,
  "recall": 0.939873417721519,
  "auroc": 0.6679554210236655,
  "auprc": 0.8124985520370113
}