{
  "threshold": 0.21000000000000002,
  "f1": 0.8620689655172413,
  "precision": 0.7894736842105263,
  "recall": 0.9493670886075949,
  "auroc": 0.6389378095762245,
  "auprc": 0.7928169361807811
}