{
  "threshold": 0.21000000000000002,
  "f1": 0.8717241379310345,
  "precision": 0.8102564102564103,
  "recall": 0.9432835820895522,
  "auroc": 0.6581244719797239,
  "auprc": 0.8125143268599424
}