{
  "threshold": 0.29000000000000004,
  "f1": 0.8724279835390947,
  "precision": 0.8071065989847716,
  "recall": 0.9492537313432836,
  "auroc": 0.6554773303294846,
  "auprc": 0.8060658865887171
}