{
  "threshold": 0.21000000000000002,
  "f1": 0.8743169398907104,
  "precision": 0.8060453400503779,
  "recall": 0.9552238805970149,
  "auroc": 0.62466910729372,
  "auprc": 0.7928168834002273
}