f1,f1_macro,f1_weighted,balanced_accuracy,precision,recall,auroc,auprc,timepoint,n
0.8383561643835616,0.6270988742709888,0.709607086289204,0.6201095461658842,0.7536945812807881,0.9444444444444444,0.6391931837941227,0.7587436327913273,14_month,233
0.9055555555555556,0.6492063492063492,0.8192841880341881,0.628241123038811,0.8716577540106952,0.9421965317919075,0.6982658959537573,0.8799629091825707,36_month,208
