f1,precision,recall,auroc,auprc,timepoint,n
0.8360655737704918,0.7536945812807881,0.9386503067484663,0.6669834960684351,0.7732868940151518,14_month,234
0.9090909090909092,0.8638743455497382,0.9593023255813954,0.6528239202657807,0.860561056745397,36_month,207
