{
  "threshold": 0.29000000000000004,
  "f1": 0.8658008658008658,
  "precision": 0.7957559681697612,
  "recall": 0.9493670886075949,
  "auroc": 0.6430930104567969,
  "auprc": 0.8019649935827138
}