f1,precision,recall,auroc,auprc,timepoint,n
0.8369565217391305,0.751219512195122,0.9447852760736196,0.6268037673896136,0.7489699205600618,14_month,234
0.9120879120879121,0.8645833333333334,0.9651162790697675,0.613953488372093,0.8416373397640177,36_month,207
