f1,precision,recall,auroc,auprc,timepoint,n
0.8418079096045198,0.7602040816326531,0.9430379746835443,0.6672819971870605,0.7986341929121599,14_month,230
0.8908554572271387,0.8342541436464088,0.9556962025316456,0.6056814836620548,0.8143457515358099,36_month,201
