f1,precision,recall,auroc,auprc,timepoint,n
0.8370786516853933,0.7525252525252525,0.9430379746835443,0.6614803094233473,0.7875120479586145,14_month,230
0.888235294117647,0.8296703296703297,0.9556962025316456,0.5884604062408008,0.8033212205150657,36_month,201
