f1,precision,recall,auroc,auprc,timepoint,n
0.8433048433048433,0.7668393782383419,0.9367088607594937,0.6743143459915613,0.8000627164049336,14_month,230
0.8869047619047619,0.8370786516853933,0.9430379746835443,0.6471886959081542,0.8312855613342891,36_month,201
