f1,precision,recall,auroc,auprc,timepoint,n
0.8287292817679558,0.7352941176470589,0.9493670886075949,0.5996835443037974,0.7328466444365308,14_month,230
0.8837209302325582,0.8172043010752689,0.9620253164556962,0.5856638210185459,0.8160219726195482,36_month,201
