f1,precision,recall,auroc,auprc,timepoint,n
0.8310991957104558,0.7380952380952381,0.950920245398773,0.5881361790374147,0.7360577391252238,14_month,234
0.910569105691057,0.8527918781725888,0.9767441860465116,0.5740863787375414,0.8522831804103458,36_month,207
