{
  "threshold_sec": 0.1,
  "f1": 0.8706199460916442,
  "precision": 0.7936117936117936,
  "recall": 0.9641791044776119,
  "auroc": 0.5858631371444663,
  "auprc": 0.792394792821232
}