f1,precision,recall,auroc,auprc,timepoint,n
0.8310991957104558,0.7380952380952381,0.950920245398773,0.7224574440508079,0.8439303494921079,14_month,234
0.9105691056910569,0.8527918781725888,0.9767441860465116,0.7637043189368771,0.9336545971379454,36_month,207
