{
  "threshold_sec": 0.1,
  "f1": 0.8555240793201133,
  "precision": 0.7743589743589744,
  "recall": 0.9556962025316456,
  "auroc": 0.7276417171161254,
  "auprc": 0.8694257615243726
}