f1,precision,recall,auroc,auprc,timepoint,n
0.8287292817679558,0.7352941176470589,0.9493670886075949,0.7222222222222222,0.8422912892397976,14_month,230
0.8837209302325582,0.8172043010752689,0.9620253164556962,0.724315572564027,0.8967264183188017,36_month,201
