{
  "threshold_sec": 0.1,
  "f1": 0.8706199460916442,
  "precision": 0.7936117936117936,
  "recall": 0.9641791044776119,
  "auroc": 0.7426921993804562,
  "auprc": 0.8903743103700962
}