{
  "threshold": 0.135,
  "f1": 0.8144796380090498,
  "f1_macro": 0.5345125462772522,
  "f1_weighted": 0.6620337888880089,
  "balanced_accuracy": 0.5412355521420961,
  "precision": 0.7464454976303317,
  "recall": 0.8961593172119487,
  "auroc": 0.5362677065698879,
  "auprc": 0.7274399880283662
}