f1,f1_macro,f1_weighted,balanced_accuracy,precision,recall,auroc,auprc,timepoint,n
0.8045454545454546,0.5765151515151515,0.6705975842339479,0.57502357378595,0.7436974789915967,0.8762376237623762,0.5967703913248468,0.7763836514282085,14_month,286
0.8635346756152126,0.5811926251639281,0.7493289023989627,0.5734220135628586,0.8247863247863247,0.9061032863849765,0.4729177534341854,0.7555256430591628,36_month,267
