{
  "threshold": 0.135,
  "f1": 0.8342728297632469,
  "f1_macro": 0.5815199765254591,
  "f1_weighted": 0.7081249319447489,
  "balanced_accuracy": 0.5762179151388162,
  "precision": 0.7838983050847458,
  "recall": 0.891566265060241,
  "auroc": 0.5469792212327571,
  "auprc": 0.7635999392157189
}