f1,f1_macro,f1_weighted,balanced_accuracy,precision,recall,auroc,auprc,timepoint,n
0.7769028871391076,0.5123452488792883,0.606600601781572,0.5298413592415282,0.6932084309133489,0.8835820895522388,0.5370505960762226,0.6882592589955873,14_month,494
0.8509554140127389,0.5575531787044826,0.7216595137074056,0.5547658862876255,0.8009592326139089,0.907608695652174,0.5361622073578595,0.7740643415148344,36_month,472
