f1,f1_macro,f1_weighted,balanced_accuracy,precision,recall,auroc,auprc,timepoint,n
0.8061674008810573,0.5302023445083253,0.6440620530816903,0.5422560113154172,0.7261904761904762,0.905940594059406,0.6056105610561057,0.8046848209362606,14_month,286
0.8627450980392157,0.5113725490196078,0.7206168759638688,0.5203442879499217,0.8048780487804879,0.9295774647887324,0.6165884194053208,0.8656582773761802,36_month,267
