{
  "threshold_sec": 0.75,
  "f1": 0.8346111719605696,
  "f1_macro": 0.5261138761357251,
  "f1_weighted": 0.680641454695367,
  "balanced_accuracy": 0.5351231011000523,
  "precision": 0.7650602409638554,
  "recall": 0.9180722891566265,
  "auroc": 0.6136720796228392,
  "auprc": 0.834972129971648
}