{
  "threshold_sec": 0.75,
  "f1": 0.8248587570621468,
  "f1_macro": 0.5009249537523124,
  "f1_weighted": 0.6484724418023405,
  "balanced_accuracy": 0.5243172930785498,
  "precision": 0.7382022471910112,
  "recall": 0.9345661450924608,
  "auroc": 0.5738794628128228,
  "auprc": 0.7832687566386691
}