f1,f1_macro,f1_weighted,balanced_accuracy,precision,recall,auroc,auprc,timepoint,n
0.795425667090216,0.49721532110729705,0.6034603026720617,0.5300572608654839,0.6924778761061947,0.9343283582089552,0.5937200788510278,0.7534457909021046,14_month,494
0.8535980148883374,0.4992627755601107,0.6974502823030172,0.5154682274247492,0.7853881278538812,0.9347826086956522,0.5421326295986623,0.8156094211175138,36_month,472
