{
  "branch_0": {
    "mean_of_clip_means": 0.05839638411998749,
    "std_of_clip_means": 0.08005792647600174,
    "mean_of_clip_stds": 0.1063426211476326
  },
  "branch_1": {
    "mean_of_clip_means": 0.05839638411998749,
    "std_of_clip_means": 0.08005792647600174,
    "mean_of_clip_stds": 0.1110672578215599
  },
  "branch_2": {
    "mean_of_clip_means": 0.05839638411998749,
    "std_of_clip_means": 0.08005792647600174,
    "mean_of_clip_stds": 0.19233191013336182
  },
  "branch_3": {
    "mean_of_clip_means": 0.05839638411998749,
    "std_of_clip_means": 0.08005792647600174,
    "mean_of_clip_stds": 0.15194226801395416
  },
  "branch_4": {
    "mean_of_clip_means": 0.05839638411998749,
    "std_of_clip_means": 0.08005792647600174,
    "mean_of_clip_stds": 0.06342211365699768
  }
}