epoch,train_loss,loss_bce,loss_div,val_loss,val_f1,val_auroc
1,0.5746721997857094,0.5746721997857094,0.0,0.573887788018605,0.8460508701472557,0.6562190423775455
2,0.5685740191398597,0.5685740191398597,0.0,0.569734673973026,0.8460508701472557,0.7157402311502477
3,0.5604703102896853,0.5604703102896853,0.0,0.5626065348666118,0.8460508701472557,0.731452944413869
4,0.5534586010546219,0.5534586010546219,0.0,0.5546517463405282,0.8460508701472557,0.7395432030820033
5,0.5457958907979291,0.5457958907979291,0.0,0.5496734892409252,0.8460508701472557,0.739157952669235
6,0.5390454588866815,0.5390454588866815,0.0,0.5436083964502175,0.8460508701472557,0.7429554210236655
