{
  "auroc_mean": 0.8327251338618747,
  "auroc_n": 528,
  "auprc_mean": 0.7275039874059278,
  "auprc_n": 528,
  "pearson_mean": 0.5401861363067774,
  "pearson_n": 531,
  "spearman_mean": 0.5023402073475302,
  "spearman_n": 531,
  "n_clips_total": 787,
  "n_pos_clips": 584
}