epoch,train_loss,val_loss,val_f1,val_auroc,val_threshold
1,0.6010471398024251,0.4722986124657296,0.8353413654618473,0.7076688555347092,0.05
2,0.5263783061247078,0.42881493250260483,0.8387096774193549,0.7256683864915572,0.15
3,0.4967336216740471,0.4418787297767562,0.8353413654618473,0.7098381801125703,0.05
4,0.48827228711234577,0.3922090622017512,0.8346774193548387,0.7240267354596623,0.1
5,0.45318587038585606,0.3994205614702927,0.8373983739837398,0.7295379924953096,0.15
6,0.4524850992204474,0.3790792294249341,0.8353413654618473,0.7380980300187618,0.05
7,0.413651775541923,0.3783321230596787,0.8353413654618473,0.7370426829268293,0.05
