f1,f1_macro,f1_weighted,balanced_accuracy,precision,recall,auroc,auprc,timepoint,n
0.8593350383631714,0.7777338175241271,0.8114014540940825,0.7908415841584158,0.8888888888888888,0.8316831683168316,0.8158297972654407,0.8864093730207175,14_month,286
0.8817733990147784,0.7533866995073892,0.8298417003376322,0.7905581637976005,0.927461139896373,0.8403755868544601,0.8189010606850982,0.9237044210295515,36_month,267
