{
  "threshold_sec": 1.0,
  "f1": 0.8366533864541833,
  "f1_macro": 0.744105730054287,
  "f1_weighted": 0.790463236062915,
  "balanced_accuracy": 0.7961847389558233,
  "precision": 0.9319526627218935,
  "recall": 0.7590361445783133,
  "auroc": 0.86100925440894,
  "auprc": 0.941869801390723
}