f1,f1_macro,f1_weighted,balanced_accuracy,precision,recall,auroc,auprc,timepoint,n
0.8228882833787466,0.7529075563235197,0.7817807234302218,0.7904290429042904,0.9151515151515152,0.7475247524752475,0.85508015087223,0.9287973366584201,14_month,286
0.8497409326424871,0.7289245203752976,0.8008713726242981,0.801643192488263,0.9479768786127167,0.7699530516431925,0.8668057729090592,0.9548126906267677,36_month,267
