system,val_n,test_n,thr_ba,val_ba,val_auroc,test_f1,test_f1_weighted,test_ba,test_precision,test_recall,test_auroc,test_auprc
qwen2_audio_7b,444,742,0.9500000000000001,0.6434,0.722,0.872,0.8049,0.7208,0.8873,0.8571,0.7881,0.9137
qwen25_omni_7b,444,742,0.8,0.7368,0.7588,0.824,0.7667,0.7443,0.9167,0.7483,0.8117,0.934
qwen3_omni_30b_thinking,444,742,0.9000000000000001,0.709,0.7792,0.8349,0.7743,0.7343,0.9064,0.7738,0.817,0.9318
yamnet,444,742,0.05,0.6624,0.7803,0.623,0.5853,0.6633,0.9262,0.4694,0.7965,0.9231
ast,444,742,0.05,0.667,0.7123,0.7908,0.7318,0.714,0.9075,0.7007,0.756,0.916
