system,wc_n_folds,gs_n_folds,wc_auroc_str,gs_auroc_str,wc_ba_str,gs_ba_str,wc_auroc_mean,gs_auroc_mean,wc_ba_mean,gs_ba_mean,auroc_gap,ba_gap
whisper_medium_mil,3,3,0.870 ± 0.006,0.870 ± 0.013,—,0.708 ± 0.057,0.8702324545061401,0.8702610679192331,,0.7083495568831975,2.8613413093014906e-05,
whisper_mil,3,3,0.858 ± 0.006,0.856 ± 0.017,—,0.667 ± 0.024,0.8578471850385903,0.8560165611623947,,0.6668438796357902,-0.0018306238761955917,
whisper_mil_acmil_max,3,3,0.736 ± 0.050,0.851 ± 0.031,—,0.674 ± 0.043,0.7364024195572,0.8512289233979996,,0.6735015711795205,0.11482650384079962,
whisper_mil_tsmil_concat,3,3,0.859 ± 0.016,0.843 ± 0.019,—,0.638 ± 0.021,0.858704172463652,0.8430495564677921,,0.6376829847610859,-0.015654615995859933,
wavlm_mil,3,3,0.637 ± 0.014,0.698 ± 0.105,—,0.573 ± 0.044,0.636879471398821,0.6978672875697588,,0.5726535637720672,0.06098781617093785,
whisper_pseudo_frame,3,3,0.884 ± 0.016,0.885 ± 0.006,—,0.567 ± 0.056,0.8837707017075429,0.8849989846094596,,0.5672884854139589,0.0012282829019166774,
wavlm_pseudo_frame,3,3,0.795 ± 0.030,0.811 ± 0.018,—,0.519 ± 0.027,0.7954510238239414,0.8113611122965344,,0.5190413331062284,0.01591008847259301,
fused_attn_unfreeze2_whisper_medium,3,0,0.861 ± 0.029,—,—,—,0.8607112575353488,,,,,
fused_attn_unfreeze2_whisper_large,3,0,0.858 ± 0.039,—,—,—,0.8584011619683078,,,,,
