{
  "threshold": 0.23500000000000001,
  "f1": 0.7120567375886525,
  "f1_macro": 0.6029111618117826,
  "f1_weighted": 0.6575826346692744,
  "balanced_accuracy": 0.6611052907281298,
  "precision": 0.8655172413793103,
  "recall": 0.6048192771084338,
  "auroc": 0.6943251265933299,
  "auprc": 0.8458768360655533
}