f1,f1_macro,f1_weighted,balanced_accuracy,precision,recall,auroc,auprc,timepoint,n
0.6156521739130435,0.5402716075376356,0.56712784171187,0.5660658969304422,0.7375,0.5283582089552239,0.6169905191026002,0.7585636484069815,14_month,494
0.7964338781575037,0.6454494114034751,0.7298983504353894,0.6862458193979933,0.8786885245901639,0.7282608695652174,0.7398097826086957,0.8910725265831609,36_month,472
