{
  "threshold": 0.23500000000000001,
  "f1": 0.7131410256410257,
  "f1_macro": 0.5948746063877643,
  "f1_weighted": 0.6487433687805542,
  "balanced_accuracy": 0.6263866427964887,
  "precision": 0.8165137614678899,
  "recall": 0.6330014224751067,
  "auroc": 0.6811302998015025,
  "auprc": 0.8331289189793458
}