f1,f1_macro,f1_weighted,balanced_accuracy,precision,recall,auroc,auprc,timepoint,n
0.6388059701492538,0.5641287234712513,0.5949396154572804,0.6100895803866101,0.8045112781954887,0.5297029702970297,0.6379655822725131,0.7941984621511233,14_month,286
0.7783783783783784,0.6391891891891892,0.7220771333130884,0.7176577986437142,0.9171974522292994,0.676056338028169,0.7482177012693444,0.8891624132122944,36_month,267
