{
  "threshold_sec": 1.0,
  "f1": 0.8497175141242937,
  "f1_macro": 0.6239537796865813,
  "f1_weighted": 0.7370397732476054,
  "balanced_accuracy": 0.6124323380478436,
  "precision": 0.8,
  "recall": 0.9060240963855422,
  "auroc": 0.6670944648157849,
  "auprc": 0.8348986003817915
}