{
  "threshold_sec": 1.0,
  "f1": 0.8235294117647058,
  "f1_macro": 0.5931489540923768,
  "f1_weighted": 0.6980841522039967,
  "balanced_accuracy": 0.5875876877477838,
  "precision": 0.7691358024691358,
  "recall": 0.8862019914651493,
  "auroc": 0.6613860208016703,
  "auprc": 0.8280709390315023
}