f1,f1_macro,f1_weighted,balanced_accuracy,precision,recall,auroc,auprc,timepoint,n
0.7753424657534247,0.5698417755123713,0.6430565963269976,0.5701868018398573,0.7164556962025317,0.844776119402985,0.6495447291842674,0.7941430510797185,14_month,494
0.8684546615581098,0.6143515543815394,0.7564770211074178,0.6013795986622074,0.8192771084337349,0.9239130434782609,0.6540029264214047,0.8548428073618447,36_month,472
