f1,f1_macro,f1_weighted,balanced_accuracy,precision,recall,auroc,auprc,timepoint,n
0.806378132118451,0.5836401938787743,0.6755390635021375,0.580975954738331,0.7468354430379747,0.8762376237623762,0.6275047147571899,0.7895409160307714,14_month,286
0.8923766816143498,0.6734610680799021,0.8038265458026631,0.652321335419927,0.8540772532188842,0.9342723004694836,0.7018779342723005,0.874532349110223,36_month,267
