{
  "fold": 3,
  "k": 5,
  "seed": 42,
  "n_total": 3145,
  "n_train": 1767,
  "n_val": 700,
  "n_test": 678,
  "n_children_train": 74,
  "n_children_val": 26,
  "n_children_test": 30,
  "test_children": [
    "A5S7G5T0S5",
    "A5X1S7S1E7",
    "A6Z2B3J2A9",
    "B1S3L8Q7Y6",
    "B4Q3G8H2N3",
    "B8I6G9P2G8",
    "C4C7T6W2I0",
    "D9N0U7M9X3",
    "E3O3H8O7H4",
    "E7G3N4A1K5",
    "E7T7O3G7J5",
    "G4J8F6F4X0",
    "H9T5Y8D3A1",
    "I1H5K9K8V1",
    "L3F0P2N3D1",
    "L4K0P3T4Q8",
    "L5Q0Z1W8S2",
    "L7Z6Q2U6Y6",
    "M5O1K4W9O1",
    "N6O9P4J0Q2",
    "O2U2C6W2S9",
    "S4C2W1M7Q0",
    "S4O9O2E5Z0",
    "S6T9X3C8Y2",
    "V7D7K3H8B4",
    "W4O4B5W7K0",
    "X1U1P0D1X3",
    "X2N4R2N5V8",
    "Y4W4H9A8X5",
    "Z2E7T3I3H2"
  ],
  "val_children": [
    "A3G3T7I1A5",
    "A8P5O6Z7X6",
    "C1G1X2G4C6",
    "C5U1P3X9F0",
    "C5Z9H8S3N8",
    "D8G5K7I0D6",
    "D8O8B2C4X2",
    "E2P5Q8S5A7",
    "F3M5F9D2S1",
    "G3D3S2N7W8",
    "G8Q8I6N0I3",
    "H3B5L5F8T1",
    "L0C6T6H2C6",
    "L4M8P2T7S0",
    "L5V8G4A3K7",
    "N2H7T0A7U5",
    "N3L7A1I2B9",
    "O5Q7I1O6N2",
    "Q0Q8H5A0D0",
    "R7K7C0J8C1",
    "S9B3J7I4R1",
    "U6O5F2B7T5",
    "W3P0N4W0X9",
    "Y5C5R8P9Z5",
    "Z3C2V9T0V1",
    "Z7I5F2E1L4"
  ],
  "labels_train": {
    "1": 1300,
    "0": 467
  },
  "labels_val": {
    "1": 541,
    "0": 159
  },
  "labels_test": {
    "1": 489,
    "0": 189
  },
  "test_prevalence": 0.7212389380530974,
  "train_prevalence": 0.7357102433503112
}