{
  "threshold_sec": 1.0,
  "f1": 0.8270944741532977,
  "f1_macro": 0.7384569843690676,
  "f1_weighted": 0.7822468659569808,
  "balanced_accuracy": 0.795135330640786,
  "precision": 0.9354838709677419,
  "recall": 0.7412140575079872,
  "auroc": 0.8537133039966245,
  "auprc": 0.9372215505004338
}