f1,f1_macro,f1_weighted,balanced_accuracy,precision,recall,auroc,auprc,timepoint,n
0.8180242634315424,0.7541448750786031,0.7786924129609554,0.787133364655346,0.9076923076923077,0.7444794952681388,0.835380450589525,0.9058579093197144,14_month,458
0.857566765578635,0.7320620713139077,0.8099898226547514,0.8137282165368929,0.956953642384106,0.7768817204301075,0.8516870596959585,0.9487972914675076,36_month,459
