{
  "threshold_sec": 1.0,
  "f1": 0.8393285371702638,
  "f1_macro": 0.747280049031101,
  "f1_weighted": 0.7935552431773977,
  "balanced_accuracy": 0.7998465867135183,
  "precision": 0.9341637010676157,
  "recall": 0.7619738751814223,
  "auroc": 0.8443619025793803,
  "auprc": 0.9296693941743845
}