f1,f1_macro,f1_weighted,balanced_accuracy,precision,recall,auroc,auprc,timepoint,n
0.8205128205128205,0.7686379131465837,0.7865498766766295,0.7979908675799087,0.9105691056910569,0.7466666666666667,0.8592694063926941,0.9217762339049108,14_month,223
0.8333333333333334,0.6858974358974359,0.7836865515436945,0.7923405837516266,0.96,0.7361963190184049,0.8478341699200596,0.955839015606965,36_month,196
