{
  "threshold_sec": 0.75,
  "f1": 0.847457627118644,
  "f1_macro": 0.6074022829470771,
  "f1_weighted": 0.7159030684625078,
  "balanced_accuracy": 0.6004920706771142,
  "precision": 0.7711442786069652,
  "recall": 0.9405339805825242,
  "auroc": 0.6844426060624981,
  "auprc": 0.8296690799421444
}