f1,f1_macro,f1_weighted,balanced_accuracy,precision,recall,auroc,auprc,timepoint,n
0.8092345078979344,0.59434057410707,0.6686347593953613,0.5963083877448518,0.7223427331887202,0.919889502762431,0.6530323957810146,0.7544357702615061,14_month,538
0.878727634194831,0.6148957319910325,0.7594066733991433,0.6005772005772005,0.8125,0.9567099567099567,0.7043771043771043,0.8763941015618799,36_month,597
