{
  "threshold_sec": 0.75,
  "f1": 0.8575268817204301,
  "f1_macro": 0.6132872503840245,
  "f1_weighted": 0.7321933866925378,
  "balanced_accuracy": 0.6029801074048862,
  "precision": 0.7876543209876543,
  "recall": 0.9410029498525073,
  "auroc": 0.7180999924362755,
  "auprc": 0.8567658755611125
}