f1,f1_macro,f1_weighted,balanced_accuracy,precision,recall,auroc,auprc,timepoint,n
0.8095238095238095,0.6068895643363729,0.675826987956841,0.6061298076923076,0.725609756097561,0.9153846153846154,0.6865384615384615,0.7751231200872564,14_month,194
0.8888888888888888,0.6066066066066066,0.7746830800265915,0.5916764466913425,0.8298755186721992,0.9569377990430622,0.7400920826938702,0.911559726784038,36_month,262
