epoch,train_loss,loss_bce,loss_div,val_loss,val_f1,val_auroc
1,0.6037719088543998,0.6037719088543998,0.0,0.6215192828580592,0.7770700636942676,0.5814543776371307
2,0.5503008931929316,0.5503008931929316,0.0,0.5827404578731766,0.8167701863354038,0.6366363396624473
3,0.5304989638973278,0.5304989638973278,0.0,0.5191709441630151,0.8595988538681948,0.6636669303797469
4,0.5192837248642518,0.5192837248642518,0.0,0.49447715043732265,0.8733997155049786,0.7140361286919832
5,0.49911573778046886,0.49911573778046886,0.0,0.5076054228533023,0.8477611940298507,0.7114978902953586
6,0.49613349131577245,0.49613349131577245,0.0,0.47016858453952787,0.8698140200286123,0.759526635021097
7,0.48088947574045177,0.48088947574045177,0.0,0.48509349829508264,0.8605697151424287,0.7437038502109705
8,0.4745979875109806,0.4745979875109806,0.0,0.5272284043292759,0.8144499178981938,0.7592958860759494
9,0.4702759692597519,0.4702759692597519,0.0,0.47688880593298927,0.8540706605222734,0.761207805907173
