{
  "auroc_mean": 0.8667397843831435,
  "auroc_n": 528,
  "auprc_mean": 0.7837364829279068,
  "auprc_n": 528,
  "pearson_mean": 0.6193184101578767,
  "pearson_n": 531,
  "spearman_mean": 0.5606042813145832,
  "spearman_n": 531,
  "n_clips_total": 787,
  "n_pos_clips": 584
}