epoch,train_loss,val_loss,val_f1,val_auroc,val_threshold
1,0.43537477398519037,0.26406543903254176,0.8391038696537678,0.7699343339587242,0.2
2,0.3242105124451274,0.23516986670123563,0.8360655737704918,0.7740970919324579,0.25
3,0.30423239182694245,0.22917339719227842,0.8405797101449275,0.7763250469043151,0.35
4,0.2828162804031544,0.2231736859759769,0.8353413654618473,0.7678822701688555,0.05
5,0.2631469979989443,0.2217157628085162,0.8370221327967807,0.7551008442776737,0.1
6,0.25129406247958,0.2154693002435001,0.8381742738589212,0.7719277673545967,0.35
7,0.24786143739232055,0.20355090347898974,0.8370221327967807,0.7512312382739212,0.05
8,0.24585082891176072,0.20947775727993734,0.8395061728395061,0.7761491557223263,0.25
