{
  "auroc_mean": 0.8056539512925357,
  "auroc_n": 17,
  "auprc_mean": 0.7330773926160375,
  "auprc_n": 17,
  "pearson_mean": 0.5006780177354813,
  "pearson_n": 17,
  "spearman_mean": 0.49330554396187004,
  "spearman_n": 17,
  "n_clips_total": 26,
  "n_pos_clips": 17
}