epoch,train_loss,val_loss,val_f1,val_auroc,val_threshold
1,0.40425767211877195,0.30498244448915707,0.8067632850241546,0.7952933057280882,0.9
2,0.3055490623084233,0.28074559075878813,0.7503267973856209,0.7929882677708764,0.95
3,0.2908273782081825,0.265476917485138,0.7750952986022872,0.7958040027605244,0.9
4,0.2681259429178287,0.2632007443092086,0.754863813229572,0.7949620427881297,0.95
5,0.2534788382172431,0.24895190723337135,0.7727272727272727,0.7978881987577641,0.95
6,0.256921400076028,0.2617093071147993,0.7815230961298377,0.7952657004830919,0.95
