f1,precision,recall,auroc,auprc,timepoint,n
0.8735632183908046,0.926829268292683,0.8260869565217391,0.8640679660169915,0.9078536879852148,14_month,196
0.9076923076923077,0.944,0.8740740740740741,0.8641975308641976,0.9396456472412174,36_month,171
