{
  "threshold_sec": 0.1,
  "f1": 0.8951310861423221,
  "precision": 0.9157088122605364,
  "recall": 0.8754578754578755,
  "auroc": 0.874659028914348,
  "auprc": 0.9452356380194784
}