{
  "threshold_sec": 0.1,
  "f1": 0.8746355685131195,
  "precision": 0.9018036072144289,
  "recall": 0.8490566037735849,
  "auroc": 0.8529269472665699,
  "auprc": 0.9300125849385881
}