prob_bin,n,mean_prob,actual_pos_rate,accuracy
"(-0.001, 0.2]",76,0.015497981529389722,0.32894736842105265,0.6578947368421053
"(0.2, 0.4]",3,0.29343558847904205,1.0,0.0
"(0.4, 0.5]",3,0.4265296955903371,0.6666666666666666,0.3333333333333333
"(0.5, 0.6]",1,0.5662894248962402,1.0,0.0
"(0.6, 0.8]",8,0.7233762592077255,0.25,0.5
"(0.8, 1.0]",405,0.9963886711332534,0.8419753086419753,0.8444444444444444
