multi_child,has_interaction,n,accuracy,n_fp,n_fn,fp_rate,fn_rate
False,False,66,0.7272727272727273,9,9,0.391304347826087,0.20930232558139536
False,True,347,0.8213256484149856,42,20,0.6,0.07220216606498195
True,False,15,0.6666666666666666,4,1,0.5,0.14285714285714285
True,True,68,0.7941176470588235,12,2,0.5714285714285714,0.0425531914893617
