task,n,pos_rate,accuracy,fp_rate,fn_rate,mean_n_children,pct_interaction
specialoccasion,13,0.46153846153846156,0.46153846153846156,0.8571428571428571,0.16666666666666666,2.076923076923077,0.8461538461538461
other,36,0.6111111111111112,0.6666666666666666,0.5714285714285714,0.18181818181818182,1.1111111111111112,0.3611111111111111
motorplay,83,0.6144578313253012,0.6867469879518072,0.5625,0.1568627450980392,1.5060240963855422,0.7951807228915663
toyplay,97,0.6804123711340206,0.7525773195876289,0.5806451612903226,0.09090909090909091,1.1958762886597938,0.7731958762886598
dailyroutine,50,0.82,0.88,0.4444444444444444,0.04878048780487805,1.06,0.86
generalsocialcommunicationinteraction,184,0.8641304347826086,0.8804347826086957,0.48,0.06289308176100629,1.1793478260869565,0.9619565217391305
bookshare,10,0.7,0.9,0.3333333333333333,0.0,1.1,0.8
socialroutine,22,0.9545454545454546,0.9545454545454546,0.0,0.047619047619047616,1.1818181818181819,0.9545454545454546
unknown,1,1.0,1.0,0.0,0.0,1.0,1.0
