f1,precision,recall,auroc,auprc,timepoint,n
0.86875,0.8853503184713376,0.852760736196319,0.8644258187159768,0.9299900066969102,14_month,234
