epoch,train_loss,loss_bce,loss_div,val_loss,val_f1,val_auroc
1,0.5810977251240701,0.5810977251240701,0.0,,0.0,
2,0.5291471586986022,0.5291471586986022,0.0,,0.0,
3,0.5096498228383787,0.5096498228383787,0.0,,0.0,
4,0.49157297150655227,0.49157297150655227,0.0,,0.0,
5,0.4779471856175047,0.4779471856175047,0.0,,0.0,
6,0.4651947804472663,0.4651947804472663,0.0,,0.0,
