{
  "threshold_sec": 0.1,
  "f1": 0.88,
  "precision": 0.8562874251497006,
  "recall": 0.9050632911392406,
  "auroc": 0.8533755274261603,
  "auprc": 0.9049602789237352
}