f1,f1_macro,f1_weighted,balanced_accuracy,precision,recall,auroc,auprc,timepoint,n
0.8521400778210116,0.7764637396979074,0.8040540713052892,0.7826930296583656,0.8690476190476191,0.8358778625954199,0.8234263546489802,0.8814682407431988,14_month,384
0.8657314629258517,0.7498056221733084,0.8160975252429445,0.8002453485994684,0.935064935064935,0.8059701492537313,0.8364087098752812,0.9294779293797457,36_month,341
