{
  "threshold": 0.12000000000000001,
  "f1": 0.8588351431391905,
  "precision": 0.9006211180124224,
  "recall": 0.8207547169811321,
  "auroc": 0.826860183841316,
  "auprc": 0.9041089180573103
}