{
  "threshold": 0.12000000000000001,
  "f1": 0.8905950095969289,
  "precision": 0.9354838709677419,
  "recall": 0.8498168498168498,
  "auroc": 0.8672745694022289,
  "auprc": 0.9259130319123818
}