f1,precision,recall,auroc,auprc,timepoint,n
0.8856088560885609,0.9022556390977443,0.8695652173913043,0.8692528735632183,0.9324430406271872,14_month,196
0.9049429657794676,0.9296875,0.8814814814814815,0.8799382716049383,0.9581950188719538,36_month,171
