f1,precision,recall,auroc,auprc,timepoint,n
0.8723809523809524,0.8740458015267175,0.870722433460076,0.8652215919715764,0.9245971745166287,14_month,385
0.876984126984127,0.9324894514767933,0.8277153558052435,0.8400543840747011,0.938786430167432,36_month,340
