{
  "threshold": 0.8217171717171717,
  "val_balanced_acc": 0.6338956714761377
}