{
  "threshold": 0.165,
  "f1": 0.8488372093023255,
  "precision": 0.8271954674220963,
  "recall": 0.8716417910447761,
  "auroc": 0.6783722894959165,
  "auprc": 0.8304751464733486
}