f1,precision,recall,auroc,auprc,timepoint,n
0.8242074927953891,0.7566137566137566,0.9050632911392406,0.6633263009845289,0.7700110523323822,14_month,230
0.9036144578313253,0.8620689655172413,0.9493670886075949,0.7773770974389167,0.9142844017047489,36_month,201
