{
  "threshold": 0.16,
  "f1": 0.8575498575498576,
  "precision": 0.8201634877384196,
  "recall": 0.8985074626865671,
  "auroc": 0.6613348352576739,
  "auprc": 0.8256848558247936
}