{
  "threshold": 0.165,
  "f1": 0.8632218844984803,
  "precision": 0.8304093567251462,
  "recall": 0.8987341772151899,
  "auroc": 0.7263621353880022,
  "auprc": 0.8566671085520747
}