f1,f1_macro,f1_weighted,balanced_accuracy,precision,recall,auroc,auprc,timepoint,n
0.8308605341246291,0.694500034504175,0.7477567103216056,0.6856198921926622,0.8,0.8641975308641975,0.7355242566510172,0.8188429821001617,14_month,233
0.8660968660968661,0.5715099715099715,0.7669570458031997,0.5678777869529315,0.8539325842696629,0.8786127167630058,0.5486374896779521,0.8433834359024942,36_month,208
