f1,precision,recall,auroc,auprc,timepoint,n
0.8323353293413174,0.7897727272727273,0.879746835443038,0.6808192686357243,0.7874314649373454,14_month,230
0.8950617283950617,0.8734939759036144,0.9177215189873418,0.7806152487488961,0.918800078133667,36_month,201
