{
  "threshold": 0.16,
  "f1": 0.8630338733431517,
  "precision": 0.8071625344352618,
  "recall": 0.9272151898734177,
  "auroc": 0.7160291689598239,
  "auprc": 0.8484981301540875
}