{
  "threshold_sec": 0.1,
  "f1": 0.8729729729729729,
  "precision": 0.7975308641975308,
  "recall": 0.9641791044776119,
  "auroc": 0.6889467755561813,
  "auprc": 0.8569816251509219
}