f1,precision,recall,auroc,auprc,timepoint,n
0.8440860215053764,0.7511961722488039,0.9631901840490797,0.7003801952821221,0.8205084684741246,14_month,234
0.9021739130434783,0.8469387755102041,0.9651162790697675,0.6377076411960133,0.8852510534132125,36_month,207
