{
  "threshold_sec": 0.1,
  "f1": 0.8628005657708628,
  "precision": 0.7800511508951407,
  "recall": 0.9651898734177216,
  "auroc": 0.6814116675839295,
  "auprc": 0.8318133877809768
}