{
  "lr_coefficients": {
    "babar_prob": 1.4937108838279278,
    "vtc_prob": 1.7682212581497425,
    "vtc_kchi_prob": 1.4937108838279278,
    "vbx_prob": 0.22708054088376972,
    "usc_sail_prob": 0.5630159807038717,
    "pyannote_prob": 0.35598689213791473,
    "eend_eda_prob": 0.06732653833184678,
    "sortformer_prob": 1.0608765317223503,
    "wavlm_mil_prob": 0.7495590757445317,
    "whisper_mil_prob": 2.913307114142388,
    "audio_llm_prob": 0.8011756904684095,
    "speaker_informed_av_prob": 1.3651545089069357,
    "n_adults_int": 0.03487659356959339,
    "n_children_int": 0.027104081812749183,
    "n_adults_ge2": -0.02763606393205097,
    "n_children_ge2": -0.4126796795731543,
    "context_unknown": 0.0,
    "has_interaction": -0.0384619206343412,
    "timepoint_is_36m": 0.4803755417643958,
    "face_count_max": 0.11124840119544727,
    "face_count_mean": -0.8225446400843994,
    "face_area_max_norm": 0.7584859173682409,
    "face_area_mean_norm": 0.35347528617407403,
    "face_confidence_mean": 0.0903477803077221,
    "face_track_coverage_ratio": 0.4696180225910764,
    "n_distinct_tracks": 0.005284618957192425,
    "has_any_face": -0.02261031077752159,
    "eligibility_score": 0.7837017862875578
  },
  "gbm_feature_importances": null
}