{
  "14_month": 0.6649999999999999,
  "36_month": 0.6799999999999999
}