{
  "threshold": 0.355,
  "f1": 0.7587113740959894,
  "f1_macro": 0.6303733261253353,
  "f1_weighted": 0.694599187155822,
  "balanced_accuracy": 0.6686281159201856,
  "precision": 0.8560830860534124,
  "recall": 0.6812278630460449,
  "auroc": 0.7259623033317425,
  "auprc": 0.8637501793661398
}