f1,f1_macro,f1_weighted,balanced_accuracy,precision,recall,auroc,auprc,timepoint,n
0.7130681818181818,0.6290566134316133,0.6609634460244216,0.6568068323686301,0.814935064935065,0.6338383838383839,0.7042900919305414,0.8129493689835402,14_month,574
0.7980416156670747,0.6174508419632302,0.7303607491258141,0.6691113764284495,0.8907103825136612,0.7228381374722838,0.745480129626471,0.9051301057264447,36_month,555
