{
  "threshold": 0.355,
  "f1": 0.7718794835007173,
  "f1_macro": 0.6514264674140755,
  "f1_weighted": 0.7086300233162259,
  "balanced_accuracy": 0.6829765937788728,
  "precision": 0.8539682539682539,
  "recall": 0.7041884816753927,
  "auroc": 0.7345434246997228,
  "auprc": 0.877635680746467
}