f1,f1_macro,f1_weighted,balanced_accuracy,precision,recall,auroc,auprc,timepoint,n
0.7333333333333333,0.6488448844884488,0.6812427107372391,0.6763653234358431,0.8287671232876712,0.657608695652174,0.7275318133616118,0.8448930396270888,14_month,266
0.8065395095367848,0.6441456671771515,0.7369421485255134,0.6792929292929293,0.8757396449704142,0.7474747474747475,0.7369996258885148,0.9067700770659737,36_month,252
