{
  "threshold_sec": 0.5,
  "f1": 0.862453531598513,
  "f1_macro": 0.5858934324659232,
  "f1_weighted": 0.72429596214698,
  "balanced_accuracy": 0.5821757224078308,
  "precision": 0.7837837837837838,
  "recall": 0.9586776859504132,
  "auroc": 0.7331633550202215,
  "auprc": 0.882841166426526
}