f1,f1_macro,f1_weighted,balanced_accuracy,precision,recall,auroc,auprc,timepoint,n
0.8300653594771242,0.5759022449559534,0.6724310933281054,0.584993190330269,0.7298850574712644,0.9621212121212122,0.7095675859720804,0.8308017329397464,14_month,574
0.8932642487046633,0.5914597105592282,0.780155520895203,0.5787885894593212,0.8385214007782101,0.9556541019955654,0.7565026436977657,0.9244312910159894,36_month,555
