f1,f1_macro,f1_weighted,balanced_accuracy,precision,recall,auroc,auprc,timepoint,n
0.8246445497630331,0.5759586385178802,0.6713194014765479,0.5825821845174973,0.7310924369747899,0.9456521739130435,0.6327213679745494,0.7884472264739285,14_month,266
0.8775981524249422,0.5655596395927528,0.7438673612111467,0.5631313131313131,0.8085106382978723,0.9595959595959596,0.7320426487093155,0.8978018607356189,36_month,252
