{
  "threshold_sec": 0.5,
  "f1": 0.8514619883040936,
  "f1_macro": 0.5749022648702788,
  "f1_weighted": 0.7062414385473414,
  "balanced_accuracy": 0.5757044964582692,
  "precision": 0.7695560253699789,
  "recall": 0.9528795811518325,
  "auroc": 0.6767015706806281,
  "auprc": 0.8439913359467033
}