{
  "audio_only": {
    "auroc": 0.5833476414947086,
    "auprc": 0.7673052541289398,
    "f1": 0.847084708470847,
    "precision": 0.7746478873239436,
    "recall": 0.9344660194174758,
    "balanced_accuracy": 0.6071043923453938,
    "threshold": 0.01,
    "n_clips": 1135
  },
  "video_only": {
    "auroc": 0.640476227640246,
    "auprc": 0.8070015783502009,
    "f1": 0.8416751787538305,
    "precision": 0.7266313932980599,
    "recall": 1.0,
    "balanced_accuracy": 0.5016077170418006,
    "threshold": 0.08919191919191918,
    "n_clips": 1135
  },
  "always_fuse": {
    "auroc": 0.6929240939031623,
    "auprc": 0.8375818445981966,
    "f1": 0.8444902162718847,
    "precision": 0.7334525939177102,
    "recall": 0.9951456310679612,
    "balanced_accuracy": 0.518473137077389,
    "threshold": 0.1782828282828283,
    "n_clips": 1135
  },
  "gated_av": {
    "auroc": 0.6581162395030125,
    "auprc": 0.8195448782591404,
    "f1": 0.845545598313126,
    "precision": 0.7474370922646785,
    "recall": 0.9733009708737864,
    "balanced_accuracy": 0.5509591671089189,
    "threshold": 0.01,
    "n_clips": 1135
  }
}