model,age_band,auroc,auprc,f1,precision,recall,balanced_accuracy,threshold,n_clips
audio_only,14_18_months,0.5582150929181315,0.7056134043008615,0.8154402895054282,0.7237687366167024,0.9337016574585635,0.600373556002009,0.01,538
video_only,14_18_months,0.56781297086891,0.7247248742299673,0.8053392658509455,0.6741154562383612,1.0,0.5028409090909091,0.08919191919191918,538
always_fuse,14_18_months,0.6213429181315923,0.7467632428500947,0.8094701240135288,0.6838095238095238,0.9917127071823204,0.5242654445002511,0.1782828282828283,538
gated_av,14_18_months,0.6065890256152687,0.7328612617911282,0.8073394495412844,0.6901960784313725,0.9723756906077348,0.537324208940231,0.01,538
audio_only,34_38_months,0.6071588904922238,0.8188735944942397,0.8736097067745198,0.8197343453510436,0.935064935064935,0.6156806156806156,0.01,597
video_only,34_38_months,0.642576559243226,0.8367128847363858,0.8725212464589235,0.7738693467336684,1.0,0.5,0.08919191919191918,597
always_fuse,34_38_months,0.7171957671957672,0.874603254668711,0.8739336492890996,0.7774030354131535,0.9978354978354979,0.51002886002886,0.1782828282828283,597
gated_av,34_38_months,0.6779942279942281,0.8601120896134287,0.8780487804878049,0.7992895204262878,0.974025974025974,0.5684944684944685,0.01,597
