model,stratum,auroc,auprc,f1,precision,recall,balanced_accuracy,threshold,n_clips
audio_only,multi_person,0.5469599929812248,0.7306101232798718,0.819538670284939,0.7383863080684596,0.9207317073170732,0.5754737673276014,0.01,467
video_only,multi_person,0.6423605018424285,0.7875593813648853,0.8261964735516373,0.703862660944206,1.0,0.5035971223021583,0.08919191919191918,467
always_fuse,multi_person,0.6673429549043692,0.8101695515774308,0.8280254777070064,0.7111597374179431,0.9908536585365854,0.5206066853834006,0.1782828282828283,467
gated_av,multi_person,0.6450802772416213,0.7933141353116704,0.8283093053735255,0.7264367816091954,0.9634146341463414,0.5536497631163362,0.01,467
audio_only,low_face_visibility,0.5778866158113731,0.7313018916120263,0.821917808219178,0.7317073170731707,0.9375,0.5949635922330097,0.01,327
video_only,low_face_visibility,0.6459344660194175,0.7805867540092082,0.8130671506352087,0.6850152905198776,1.0,0.5,0.08919191919191918,327
always_fuse,low_face_visibility,0.6780296463245493,0.7995038488350747,0.8185185185185185,0.6993670886075949,0.9866071428571429,0.5321385228848822,0.1782828282828283,327
gated_av,low_face_visibility,0.5778866158113731,0.7313018916120263,0.821917808219178,0.7317073170731707,0.9375,0.5949635922330097,0.01,327
