model,visual_eligible,auroc,auprc,f1,precision,recall,balanced_accuracy,threshold,n_clips
audio_only,0,0.5853452238668752,0.7532669385422899,0.8396572827417381,0.7588495575221239,0.9397260273972603,0.6040912016180933,0.01,514
video_only,0,0.6448285372805002,0.7888198330796736,0.8304891922639362,0.7101167315175098,1.0,0.5,0.08919191919191918,514
always_fuse,0,0.6904477337501149,0.8214401286923197,0.8369942196531792,0.724,0.9917808219178083,0.5328031626367564,0.1782828282828283,514
gated_av,0,0.5853452238668752,0.7532669385422899,0.8396572827417381,0.7588495575221239,0.9397260273972603,0.6040912016180933,0.01,514
audio_only,1,0.5818338309260604,0.7789534688816012,0.8531468531468531,0.7878228782287823,0.9302832244008714,0.6102033405954974,0.01,621
video_only,1,0.6441539578794482,0.8249238724071996,0.8507877664504171,0.7403225806451613,1.0,0.5030864197530864,0.08919191919191918,621
always_fuse,1,0.6963944699965035,0.8501123406356224,0.8505106778087279,0.7411003236245954,0.9978213507625272,0.5050835148874364,0.1782828282828283,621
gated_av,1,0.6963944699965035,0.8501123406356224,0.85,0.7391304347826086,1.0,0.5,0.01,621
