f1,f1_macro,f1_weighted,balanced_accuracy,precision,recall,auroc,auprc,timepoint,n
0.8549019607843137,0.7442826635604737,0.7884060911048144,0.7368164245768118,0.8352490421455939,0.8755020080321285,0.7756258679578125,0.8476507504302563,14_month,356
0.9361702127659575,0.7979820135994735,0.8893572723317089,0.7822021116138763,0.9236641221374046,0.9490196078431372,0.8191176470588235,0.9435378775778918,36_month,307
