{
  "threshold": 0.1,
  "f1": 0.9041095890410958,
  "precision": 0.8888888888888888,
  "recall": 0.9198606271777003,
  "auroc": 0.8547560975609756,
  "auprc": 0.925095975314829
}