{
  "threshold": 0.1,
  "f1": 0.8958130477117819,
  "precision": 0.8795411089866156,
  "recall": 0.9126984126984127,
  "auroc": 0.8020614954577218,
  "auprc": 0.9000797576430308
}