f1,precision,recall,auroc,auprc,timepoint,n
0.8833922261484098,0.8620689655172413,0.9057971014492754,0.8349802371541503,0.8812965002411549,14_month,204
0.9235880398671097,0.9144736842105263,0.9328859060402684,0.8866956178444532,0.9699540847117735,36_month,183
