f1,precision,recall,auroc,auprc,timepoint,n
0.8571428571428571,0.8283582089552238,0.888,0.8057943925233644,0.866339000469817,14_month,357
0.9305019305019305,0.9128787878787878,0.9488188976377953,0.850847970926711,0.9498159663089081,36_month,306
