{
  "threshold_sec": 0.1,
  "f1": 0.8938223938223938,
  "precision": 0.8703007518796992,
  "recall": 0.9186507936507936,
  "auroc": 0.8322539183388239,
  "auprc": 0.9139838114460747
}