{
  "threshold_sec": 0.1,
  "f1": 0.9137055837563451,
  "precision": 0.8881578947368421,
  "recall": 0.9407665505226481,
  "auroc": 0.8684494773519162,
  "auprc": 0.9357268619202506
}