f1,precision,recall,auroc,auprc,timepoint,n
0.8951048951048951,0.8648648648648649,0.927536231884058,0.8671497584541064,0.9001277455387208,14_month,204
0.9311475409836065,0.9102564102564102,0.9530201342281879,0.8591590998815634,0.9598643437792713,36_month,183
