{
  "auroc_mean": 0.9289194393594256,
  "auroc_n": 4,
  "auprc_mean": 0.9735505285397904,
  "auprc_n": 4,
  "pearson_mean": 0.5936995074152946,
  "pearson_n": 4,
  "spearman_mean": 0.5994397130971312,
  "spearman_n": 4,
  "n_clips_total": 14,
  "n_pos_clips": 5
}