epoch,train_loss,val_loss,val_f1,val_auroc,val_threshold
1,0.3948798498722038,0.35266926663147435,0.7413333333333333,0.8099326376964734,0.95
2,0.2962620145067422,0.3521976636068241,0.8354725787631272,0.7945614846123366,0.95
3,0.2743155023628714,0.318982372513494,0.7944862155388471,0.8078193105270111,0.95
4,0.23872239590443747,0.2987699028406594,0.8142681426814268,0.8131356491876899,0.95
5,0.25522651484781744,0.30219672962620453,0.7496688741721854,0.8117487782327302,0.95
6,0.24815470813726537,0.30674270480065735,0.7800511508951407,0.8153645489367324,0.95
7,0.2288906133235103,0.2909776886572709,0.8221153846153846,0.8172962620525691,0.95
