{
  "auroc_mean": 0.892351407073195,
  "auroc_n": 30,
  "auprc_mean": 0.7592677902891161,
  "auprc_n": 30,
  "pearson_mean": 0.6394929073210205,
  "pearson_n": 31,
  "spearman_mean": 0.5548968207318755,
  "spearman_n": 31,
  "n_clips_total": 47,
  "n_pos_clips": 34
}