epoch,train_loss,val_loss,val_f1,val_auroc,val_threshold
1,0.3924813540469782,0.35831144166877493,0.743202416918429,0.7892458418774209,0.95
2,0.29011045315978573,0.3364169781561941,0.7977207977207977,0.7935520619731145,0.95
3,0.2714884100554913,0.32011408294783905,0.8326639892904953,0.7863066757803601,0.9
4,0.25534089497637513,0.3090229755616747,0.839142091152815,0.7808612440191387,0.85
5,0.2502119874435605,0.30138052348047495,0.8212824010914052,0.7804966962861699,0.9
6,0.23133036136335017,0.30416234966833144,0.8264462809917356,0.7896787423103213,0.9
7,0.229486987286923,0.3179635155829601,0.8331071913161465,0.7880382775119618,0.95
8,0.22643601372107572,0.310562701895833,0.8203017832647462,0.783618136249715,0.85
9,0.23228257976691513,0.2946200509904884,0.7902298850574713,0.7898838004101163,0.95
