{
  "fold": 4,
  "k": 5,
  "seed": 42,
  "n_total": 3145,
  "n_train": 1706,
  "n_val": 708,
  "n_test": 731,
  "n_children_train": 78,
  "n_children_val": 25,
  "n_children_test": 27,
  "test_children": [
    "A1H3H9Y3T1",
    "A6Y4Y7X2G1",
    "B9P5V1I5O5",
    "C5L2D6N1W6",
    "C5U1P3X9F0",
    "C5Z9H8S3N8",
    "D8O8B2C4X2",
    "H7C3T0K5E5",
    "K6O1J5K7Z0",
    "K7C7T5A2H9",
    "L0C6T6H2C6",
    "M4R4B8C7G8",
    "M5F7G8S4F0",
    "M5H7X4O2M2",
    "N3L7A1I2B9",
    "O6F1J9U1J2",
    "P3A4R4S2O3",
    "R4O0P4P3J4",
    "R7K7C0J8C1",
    "S0M6Z7D5X7",
    "S2C4T1Y7V7",
    "S9D2T7Y9B1",
    "T1G8F8W8Y8",
    "T4R5V7C3L6",
    "V9X2Q7S1E1",
    "W7P7J6H1H6",
    "Z1J6X4Y3Z4"
  ],
  "val_children": [
    "A2P7X9N8L7",
    "A6Z2B3J2A9",
    "B1S3L8Q7Y6",
    "B2R3Q8L2Y3",
    "D4Y7P4G2V4",
    "D9N0U7M9X3",
    "F3M5F9D2S1",
    "F3N4H0K1Z1",
    "G3A6S5R9F7",
    "G7P6U6U2J5",
    "G8Q8I6N0I3",
    "J4J6X7C4D9",
    "K2F6S2Q7M8",
    "K6I1Q4G2V4",
    "L0B0Q5O3Q3",
    "L3F0P2N3D1",
    "L4M8P2T7S0",
    "N2Z6J3E5Q5",
    "N6O9P4J0Q2",
    "O2U2C6W2S9",
    "T8P2Z1M9O9",
    "U6O5F2B7T5",
    "W3I4D2X4Z4",
    "W9S0D6Q7Z5",
    "Y5C5R8P9Z5"
  ],
  "labels_train": {
    "1": 1211,
    "0": 495
  },
  "labels_val": {
    "1": 544,
    "0": 164
  },
  "labels_test": {
    "1": 575,
    "0": 156
  },
  "test_prevalence": 0.786593707250342,
  "train_prevalence": 0.7098475967174678
}