{
  "threshold_sec": 1.0,
  "f1": 0.7295141406816533,
  "f1_macro": 0.6336542202788689,
  "f1_weighted": 0.6811018112559103,
  "balanced_accuracy": 0.7009494793606869,
  "precision": 0.895017793594306,
  "recall": 0.6156670746634026,
  "auroc": 0.7251698508151065,
  "auprc": 0.8671813811378916
}