f1,f1_macro,f1_weighted,balanced_accuracy,precision,recall,auroc,auprc,timepoint,n
0.7106227106227107,0.681302544738668,0.6897467525132723,0.7169725731034964,0.8660714285714286,0.6024844720496895,0.7387465978086397,0.8305764143060924,14_month,250
0.7017543859649122,0.6023391812865497,0.658151226018262,0.7108988764044943,0.9345794392523364,0.5617977528089888,0.7231460674157302,0.886617750877511,36_month,228
