f1,f1_macro,f1_weighted,balanced_accuracy,precision,recall,auroc,auprc,timepoint,n
0.710124826629681,0.6456435756394898,0.6718589039109119,0.6989207845561436,0.8767123287671232,0.5967365967365967,0.7195392084894847,0.8329729028821119,14_month,610
0.7507598784194529,0.6091461729759602,0.6950526236901287,0.6972463374932176,0.9148148148148149,0.6365979381443299,0.7290830168204016,0.9050546914836292,36_month,483
