{
  "threshold_sec": 1.0,
  "f1": 0.7060931899641577,
  "f1_macro": 0.64701644422831,
  "f1_weighted": 0.6717347478834764,
  "balanced_accuracy": 0.7114237813289191,
  "precision": 0.8995433789954338,
  "recall": 0.5811209439528023,
  "auroc": 0.7305341567454002,
  "auprc": 0.857109549821731
}