{
  "threshold": 0.165,
  "f1": 0.7945560596241089,
  "f1_macro": 0.6127178861854835,
  "f1_weighted": 0.7010392847128158,
  "balanced_accuracy": 0.6151709401709402,
  "precision": 0.8034076015727392,
  "recall": 0.7858974358974359,
  "auroc": 0.6562630579297246,
  "auprc": 0.8183846496774094
}