{
  "threshold": 0.165,
  "f1": 0.7871485943775101,
  "f1_macro": 0.6395806869651128,
  "f1_weighted": 0.7041764502097848,
  "balanced_accuracy": 0.6442160333985097,
  "precision": 0.8032786885245902,
  "recall": 0.7716535433070866,
  "auroc": 0.6617960506614525,
  "auprc": 0.8037314079596387
}