f1,f1_macro,f1_weighted,balanced_accuracy,precision,recall,auroc,auprc,timepoint,n
0.7375504710632571,0.5759824427388358,0.6408499039248488,0.5776809397499053,0.7486338797814208,0.726790450928382,0.6187702851870767,0.769899948033029,14_month,538
0.8475,0.6514285714285715,0.7640164620535714,0.6545404876271996,0.853904282115869,0.8411910669975186,0.6808341111389351,0.8612148007459965,36_month,512
