f1,f1_macro,f1_weighted,balanced_accuracy,precision,recall,auroc,auprc,timepoint,n
0.7458563535911602,0.6256163488385909,0.6651112409106027,0.6263139034878166,0.75,0.7417582417582418,0.6169075489727663,0.7263258058235843,14_month,274
0.825974025974026,0.6492074854279579,0.747257675887105,0.662655382174028,0.8548387096774194,0.7989949748743719,0.7152428810720268,0.8810778316713742,36_month,256
