f1,f1_macro,f1_weighted,balanced_accuracy,precision,recall,auroc,auprc,timepoint,n
0.7560975609756098,0.5157299399080948,0.5946828081419501,0.5290850453893932,0.6798245614035088,0.8516483516483516,0.6554586717630195,0.7983019738143592,14_month,274
0.8647342995169082,0.6466528640441683,0.7676199102829537,0.6339592700343825,0.8325581395348837,0.8994974874371859,0.7068235916424226,0.871565381507549,36_month,256
