{
  "threshold_sec": 1.0,
  "f1": 0.8435294117647059,
  "f1_macro": 0.5892647058823529,
  "f1_weighted": 0.712764705882353,
  "balanced_accuracy": 0.5836894586894587,
  "precision": 0.7793478260869565,
  "recall": 0.9192307692307692,
  "auroc": 0.6333475783475784,
  "auprc": 0.8103721985381167
}