f1,f1_macro,f1_weighted,balanced_accuracy,precision,recall,auroc,auprc,timepoint,n
0.7941888619854721,0.557094430992736,0.6522847601645408,0.5592368650839415,0.7305122494432071,0.870026525198939,0.5999802296653871,0.7649953383737631,14_month,538
0.8901601830663616,0.6250800915331808,0.7772940503432495,0.6064834839620279,0.8259023354564756,0.9652605459057072,0.6592642338425114,0.8486955631458235,36_month,512
