{
  "threshold_sec": 1.0,
  "f1": 0.8106796116504854,
  "f1_macro": 0.5748313312489715,
  "f1_weighted": 0.6780705785190682,
  "balanced_accuracy": 0.5725483978932163,
  "precision": 0.7539503386004515,
  "recall": 0.8766404199475065,
  "auroc": 0.6796402966407722,
  "auprc": 0.8335577212717438
}