{
  "fold": 1,
  "k": 5,
  "seed": 42,
  "n_total": 3145,
  "n_train": 1691,
  "n_val": 870,
  "n_test": 584,
  "n_children_train": 81,
  "n_children_val": 24,
  "n_children_test": 25,
  "test_children": [
    "A6S0V1J3G6",
    "A8P5O6Z7X6",
    "C0O6X3N5Y7",
    "C1I8N8L4Q4",
    "D4Y7P4G2V4",
    "D8G5K7I0D6",
    "E2P5Q8S5A7",
    "E7Z4G3O5K2",
    "F3M5F9D2S1",
    "G2N1M4K2S0",
    "I8T4E2J3M6",
    "J3J0V4T8C3",
    "J4J6X7C4D9",
    "N3C7S2N8O0",
    "N4U1A5H1W0",
    "O7X6W5O8E0",
    "R2C7W8X7N9",
    "S7F0B6H3A3",
    "S7Y0I2P0S8",
    "U6O5F2B7T5",
    "W2E0Z9B7Z8",
    "W3P0N4W0X9",
    "Y6Z4H0C5U2",
    "Z3C2V9T0V1",
    "Z6Z0I5G6A6"
  ],
  "val_children": [
    "A3G3T7I1A5",
    "A5S7G5T0S5",
    "A6Y4Y7X2G1",
    "B1L0B3F6F1",
    "B1S3L8Q7Y6",
    "B8I6G9P2G8",
    "C1G1X2G4C6",
    "C5U1P3X9F0",
    "D8O8B2C4X2",
    "G3A6S5R9F7",
    "G7P6U6U2J5",
    "K6I1Q4G2V4",
    "L4M1H7J7G3",
    "L4M8P2T7S0",
    "L7Z6Q2U6Y6",
    "M5H7X4O2M2",
    "N3L7A1I2B9",
    "Q9W9P7Z3J7",
    "S4O9O2E5Z0",
    "S9B3J7I4R1",
    "T1G8F8W8Y8",
    "V7G3E2O2E6",
    "Z1J6X4Y3Z4",
    "Z3H6O7C3O9"
  ],
  "labels_train": {
    "1": 1292,
    "0": 399
  },
  "labels_val": {
    "1": 628,
    "0": 242
  },
  "labels_test": {
    "1": 410,
    "0": 174
  },
  "test_prevalence": 0.702054794520548,
  "train_prevalence": 0.7640449438202247
}