{
  "0": {
    "precision": 0.7,
    "recall": 0.05737704918032787,
    "f1-score": 0.10606060606060606,
    "support": 122.0
  },
  "1": {
    "precision": 0.7633744855967078,
    "recall": 0.9919786096256684,
    "f1-score": 0.8627906976744186,
    "support": 374.0
  },
  "accuracy": 0.7620967741935484,
  "macro avg": {
    "precision": 0.7316872427983538,
    "recall": 0.5246778294029981,
    "f1-score": 0.48442565186751235,
    "support": 496.0
  },
  "weighted avg": {
    "precision": 0.7477864064781627,
    "recall": 0.7620967741935484,
    "f1-score": 0.6766595057855372,
    "support": 496.0
  }
}