prob_bin,n,mean_prob,actual_pos_rate,accuracy
"(-0.001, 0.2]",22,0.10066406126663256,0.36363636363636365,0.5454545454545454
"(0.2, 0.4]",19,0.30128090005171926,0.42105263157894735,0.42105263157894735
"(0.4, 0.5]",12,0.4391510759790738,0.4166666666666667,0.4166666666666667
"(0.5, 0.6]",17,0.5610907743958866,0.35294117647058826,0.35294117647058826
"(0.6, 0.8]",25,0.729593997001648,0.44,0.44
"(0.8, 1.0]",401,0.9617971042147896,0.8379052369077307,0.8379052369077307
