multi_child,has_interaction,n,accuracy,n_fp,n_fn,fp_rate,fn_rate
False,False,66,0.6818181818181818,19,2,0.8260869565217391,0.046511627906976744
False,True,347,0.8011527377521613,68,1,0.9714285714285714,0.0036101083032490976
True,False,15,0.5333333333333333,7,0,0.875,0.0
True,True,68,0.6911764705882353,21,0,1.0,0.0
