f1,f1_macro,f1_weighted,balanced_accuracy,precision,recall,auroc,auprc,timepoint,n
0.8214285714285714,0.5929176755447941,0.6719195837871409,0.5986784279256655,0.7217573221757322,0.9530386740331491,0.6947592290306378,0.7939289085602232,14_month,538
0.8821218074656189,0.6001518128237185,0.7545976892858649,0.5896344396344396,0.8075539568345323,0.9718614718614719,0.7298059964726631,0.8882976306771649,36_month,597
