f1,f1_macro,f1_weighted,balanced_accuracy,precision,recall,auroc,auprc,timepoint,n
0.8092105263157895,0.5593671679197996,0.6443654238689507,0.5746394230769231,0.7068965517241379,0.9461538461538461,0.7013221153846153,0.7911578206403196,14_month,194
0.8864628820960698,0.549292047108641,0.7500502542003925,0.5516836688634107,0.8152610441767069,0.9712918660287081,0.7404531912972827,0.9189106649377099,36_month,262
