{
  "threshold_sec": 0.5,
  "f1": 0.8546824542518837,
  "f1_macro": 0.5996713242133205,
  "f1_weighted": 0.7149318614025565,
  "balanced_accuracy": 0.5959440264727001,
  "precision": 0.7678916827852998,
  "recall": 0.9635922330097088,
  "auroc": 0.7161696531701682,
  "auprc": 0.849331680853432
}