{
  "threshold_sec": 0.5,
  "f1": 0.8556430446194225,
  "f1_macro": 0.5611548556430446,
  "f1_weighted": 0.7045241055394391,
  "balanced_accuracy": 0.5662960441721504,
  "precision": 0.7706855791962175,
  "recall": 0.9616519174041298,
  "auroc": 0.7278319844691526,
  "auprc": 0.8668653393995618
}