epoch,train_loss,loss_bce,loss_div,val_loss,val_f1,val_auroc
1,0.6468601123360563,0.6468601123360563,0.0,0.615286957360199,0.8046647230320699,0.6020913593835994
2,0.5593016329875662,0.5593016329875662,0.0,0.5724603355172891,0.819672131147541,0.6853329664281783
3,0.5136547333691731,0.5136547333691731,0.0,0.5530415423076142,0.8309037900874635,0.6903687396807925
4,0.4806677888740193,0.4806677888740193,0.0,0.555750472743384,0.8042813455657493,0.7007429829389102
5,0.4619054309100159,0.4619054309100159,0.0,0.5658732372878461,0.7929373996789727,0.7191524490919098
6,0.44314103481198147,0.44314103481198147,0.0,0.5514285896500689,0.8081761006289309,0.7189598238855256
7,0.4334312849177802,0.4334312849177802,0.0,0.5471565976496916,0.8112324492979719,0.7252339020363237
8,0.4173321744873504,0.4173321744873504,0.0,0.5218053736017364,0.8286140089418778,0.7313428728673638
