{
  "0": {
    "precision": 0.6024096385542169,
    "recall": 0.4098360655737705,
    "f1-score": 0.4878048780487805,
    "support": 122.0
  },
  "1": {
    "precision": 0.8256658595641646,
    "recall": 0.9117647058823529,
    "f1-score": 0.866581956797967,
    "support": 374.0
  },
  "accuracy": 0.7883064516129032,
  "macro avg": {
    "precision": 0.7140377490591907,
    "recall": 0.6608003857280618,
    "f1-score": 0.6771934174233738,
    "support": 496.0
  },
  "weighted avg": {
    "precision": 0.7707520310092985,
    "recall": 0.7883064516129032,
    "f1-score": 0.7734150140411106,
    "support": 496.0
  }
}