prob_bin,n,mean_prob,actual_pos_rate,accuracy
"(-0.001, 0.2]",57,0.07182698603310995,0.3157894736842105,0.6491228070175439
"(0.2, 0.4]",33,0.2843675934004061,0.42424242424242425,0.45454545454545453
"(0.4, 0.5]",16,0.45449185743927956,0.5,0.3125
"(0.5, 0.6]",12,0.5606298545996348,0.5833333333333334,0.5833333333333334
"(0.6, 0.8]",35,0.7021639926092965,0.6,0.6
"(0.8, 1.0]",343,0.9837968952454214,0.892128279883382,0.892128279883382
