multi_child,has_interaction,n,accuracy,n_fp,n_fn,fp_rate,fn_rate
False,False,66,0.7121212121212122,10,9,0.43478260869565216,0.20930232558139536
False,True,347,0.8040345821325648,46,22,0.6571428571428571,0.07942238267148015
True,False,15,0.7333333333333333,3,1,0.375,0.14285714285714285
True,True,68,0.7941176470588235,13,1,0.6190476190476191,0.02127659574468085
