task,n,pos_rate,accuracy,fp_rate,fn_rate,mean_n_children,pct_interaction
specialoccasion,13,0.46153846153846156,0.5384615384615384,0.7142857142857143,0.16666666666666666,2.076923076923077,0.8461538461538461
other,36,0.6111111111111112,0.6388888888888888,0.5714285714285714,0.22727272727272727,1.1111111111111112,0.3611111111111111
motorplay,83,0.6144578313253012,0.6987951807228916,0.65625,0.0784313725490196,1.5060240963855422,0.7951807228915663
toyplay,97,0.6804123711340206,0.711340206185567,0.6451612903225806,0.12121212121212122,1.1958762886597938,0.7731958762886598
dailyroutine,50,0.82,0.8,0.5555555555555556,0.12195121951219512,1.06,0.86
generalsocialcommunicationinteraction,184,0.8641304347826086,0.8804347826086957,0.52,0.05660377358490566,1.1793478260869565,0.9619565217391305
socialroutine,22,0.9545454545454546,0.9545454545454546,0.0,0.047619047619047616,1.1818181818181819,0.9545454545454546
bookshare,10,0.7,1.0,0.0,0.0,1.1,0.8
unknown,1,1.0,1.0,0.0,0.0,1.0,1.0
