epoch,train_loss,loss_bce,loss_div,val_loss,val_f1,val_auroc
1,0.5326240626964599,0.5326240626964599,0.0,0.4367391891188372,0.8675373134328358,0.8664394677052905
2,0.4411604556071151,0.4411604556071151,0.0,0.4088613135448565,0.8734873487348734,0.8770150384074435
3,0.4106418408785656,0.4106418408785656,0.0,0.37892044985744233,0.8931216931216931,0.8802742616033755
4,0.4076292345778831,0.4076292345778831,0.0,0.3637267905956926,0.9070247933884298,0.885629665692957
5,0.39006773478919027,0.39006773478919027,0.0,0.3719731932952286,0.8910256410256411,0.8861706156009953
6,0.38630557965068046,0.38630557965068046,0.0,0.36299304668598187,0.901010101010101,0.8871713729308666
7,0.3883874157202408,0.3883874157202408,0.0,0.4308303869210374,0.8793103448275862,0.8867115655090338
8,0.38299829336456687,0.38299829336456687,0.0,0.3951710888925499,0.8761061946902655,0.8861435681055935
9,0.3814106166615861,0.3814106166615861,0.0,0.3992937839777468,0.8762541806020067,0.88553499945905
