f1,f1_macro,f1_weighted,balanced_accuracy,precision,recall,auroc,auprc,timepoint,n
0.8560885608856088,0.7980442804428044,0.8183115232577504,0.813560193276447,0.8992248062015504,0.8169014084507042,0.8381438264624241,0.8720741761586801,14_month,421
0.8829787234042553,0.7601706803834463,0.834909087262062,0.8122602739726027,0.9431818181818182,0.83,0.8631506849315069,0.9472134817627748,36_month,373
