{
  "threshold_sec": 0.1,
  "f1": 0.8688845401174168,
  "precision": 0.891566265060241,
  "recall": 0.8473282442748091,
  "auroc": 0.8398754519887505,
  "auprc": 0.9220560925258466
}