{
  "threshold": 0.165,
  "f1": 0.7486033519553073,
  "f1_macro": 0.6563840004328594,
  "f1_weighted": 0.7025345173595051,
  "balanced_accuracy": 0.7295314292412939,
  "precision": 0.9162393162393162,
  "recall": 0.6328217237308147,
  "auroc": 0.7344360990395806,
  "auprc": 0.8567991182647869
}