f1,f1_macro,f1_weighted,balanced_accuracy,precision,recall,auroc,auprc,timepoint,n
0.7441176470588236,0.6861613876319759,0.7081726499230087,0.7323657927590512,0.8908450704225352,0.6388888888888888,0.7383242537736918,0.8263295076176045,14_month,574
0.7526595744680851,0.6165532509211934,0.7016503577153762,0.7272087668429131,0.9401993355481728,0.6274944567627494,0.7288610779464437,0.8867548946412358,36_month,555
