f1,f1_macro,f1_weighted,balanced_accuracy,precision,recall,auroc,auprc,timepoint,n
0.7266881028938906,0.671036359139253,0.692376501481257,0.7216993637327678,0.889763779527559,0.6141304347826086,0.7284597030752916,0.8307287435122839,14_month,266
0.7654320987654321,0.671604938271605,0.7252204585537918,0.7946127946127945,0.9841269841269841,0.6262626262626263,0.7844182566404789,0.9013275580583489,36_month,252
