{
  "threshold": 0.165,
  "f1": 0.7464566929133858,
  "f1_macro": 0.6724802167808824,
  "f1_weighted": 0.7076119023573223,
  "balanced_accuracy": 0.7513858946720049,
  "precision": 0.9367588932806324,
  "recall": 0.6204188481675392,
  "auroc": 0.751289651986449,
  "auprc": 0.8656863967713618
}