{
  "threshold_sec": 0.75,
  "f1": 0.7511737089201878,
  "f1_macro": 0.6753349652913281,
  "f1_weighted": 0.7113510481729873,
  "balanced_accuracy": 0.7516361256544503,
  "precision": 0.933852140077821,
  "recall": 0.6282722513089005,
  "auroc": 0.7659089159223899,
  "auprc": 0.8889069628954962
}