f1,f1_macro,f1_weighted,balanced_accuracy,precision,recall,auroc,auprc,timepoint,n
0.732484076433121,0.6735814877578449,0.6961681946934771,0.7210365853658536,0.8846153846153846,0.625,0.7453605514316013,0.8572743925677125,14_month,266
0.7692307692307693,0.6751181779114741,0.7288968015224999,0.7971380471380471,0.984251968503937,0.6313131313131313,0.7933501683501684,0.9184045047256088,36_month,252
