{
  "threshold_sec": 0.75,
  "f1": 0.7458333333333333,
  "f1_macro": 0.6492002852485738,
  "f1_weighted": 0.6975596051492727,
  "balanced_accuracy": 0.7177104004957003,
  "precision": 0.9055649241146712,
  "recall": 0.6340023612750886,
  "auroc": 0.7435755733628074,
  "auprc": 0.8816308815624229
}