f1,f1_macro,f1_weighted,balanced_accuracy,precision,recall,auroc,auprc,timepoint,n
0.7376093294460642,0.6739994699178373,0.6981579183100907,0.7155118601747815,0.8724137931034482,0.6388888888888888,0.7436372148450802,0.846268050483708,14_month,574
0.753315649867374,0.6154218698775072,0.7016365395288293,0.7235097219853317,0.9372937293729373,0.6297117516629712,0.7431775541531638,0.9145423990482059,36_month,555
