{
  "n_eligible": 392,
  "tau": 0.1,
  "audio_only": {
    "n": 392,
    "n_pos": 310,
    "f1": 0.8805755395683453,
    "precision": 0.7948051948051948,
    "recall": 0.9870967741935484,
    "threshold": 0.57,
    "auroc": 0.8147128245476003,
    "auprc": 0.9409007039006291
  },
  "always_fuse": {
    "n": 392,
    "n_pos": 310,
    "f1": 0.8496124031007752,
    "precision": 0.817910447761194,
    "recall": 0.8838709677419355,
    "threshold": 0.57,
    "auroc": 0.6883556254917387,
    "auprc": 0.8982645654003358
  },
  "gated_av_subset": {
    "n": 392,
    "n_pos": 310,
    "f1": 0.8284789644012945,
    "precision": 0.8311688311688312,
    "recall": 0.8258064516129032,
    "threshold": 0.7649999999999999,
    "auroc": 0.6790322580645162,
    "auprc": 0.8936117925469421
  }
}