{
  "threshold_sec": 0.5,
  "f1": 0.8348271446862996,
  "f1_macro": 0.5488421437717212,
  "f1_weighted": 0.6685011399702895,
  "balanced_accuracy": 0.5635597716517052,
  "precision": 0.7375565610859729,
  "recall": 0.9616519174041298,
  "auroc": 0.65875087540587,
  "auprc": 0.8093595371725105
}