f1,f1_macro,f1_weighted,balanced_accuracy,precision,recall,auroc,auprc,timepoint,n
0.7989821882951654,0.5303322156429098,0.6077034077667594,0.5662293251448112,0.6767241379310345,0.9751552795031055,0.642647777234978,0.7333715558649612,14_month,250
0.8711340206185567,0.5679199514857489,0.7381453938059217,0.5647191011235955,0.8047619047619048,0.949438202247191,0.6703932584269663,0.876330091243798,36_month,228
