f1,f1_macro,f1_weighted,balanced_accuracy,precision,recall,auroc,auprc,timepoint,n
0.8346938775510204,0.5798469387755102,0.6834568417530946,0.584424783319811,0.7422867513611615,0.9533799533799534,0.7105242823474868,0.848690189062882,14_month,610
0.8867924528301887,0.5366165653981452,0.7490421037368383,0.5424308193163321,0.8173913043478261,0.9690721649484536,0.730371676614216,0.9088695704450152,36_month,483
