{
  "threshold_sec": 0.5,
  "f1": 0.8588621444201313,
  "f1_macro": 0.5690958766793394,
  "f1_weighted": 0.7125209003278009,
  "balanced_accuracy": 0.5709958668156742,
  "precision": 0.7764589515331355,
  "recall": 0.9608323133414932,
  "auroc": 0.7185376864811169,
  "auprc": 0.8750400130794412
}