{
  "branch_0": {
    "mean_of_clip_means": 0.06005555018782616,
    "std_of_clip_means": 0.07579701393842697,
    "mean_of_clip_stds": 0.18473385274410248
  },
  "branch_1": {
    "mean_of_clip_means": 0.06005555018782616,
    "std_of_clip_means": 0.07579701393842697,
    "mean_of_clip_stds": 0.19570250809192657
  },
  "branch_2": {
    "mean_of_clip_means": 0.06005554273724556,
    "std_of_clip_means": 0.07579701393842697,
    "mean_of_clip_stds": 0.18076716363430023
  },
  "branch_3": {
    "mean_of_clip_means": 0.06005554273724556,
    "std_of_clip_means": 0.07579701393842697,
    "mean_of_clip_stds": 0.04583977535367012
  },
  "branch_4": {
    "mean_of_clip_means": 0.06005555018782616,
    "std_of_clip_means": 0.07579701393842697,
    "mean_of_clip_stds": 0.16651812195777893
  }
}