epoch,train_loss,loss_bce,loss_div,val_loss,val_f1,val_auroc
1,0.5784795188555752,0.5784795188555752,0.0,0.5613402768116881,0.853125,0.5720910295378381
2,0.5523801752685631,0.5523801752685631,0.0,0.5588148989047277,0.8544600938967136,0.5816771880601669
3,0.5449094005527287,0.5449094005527287,0.0,0.5631149191135282,0.8557993730407524,0.5798846543527395
4,0.5402854805010079,0.5402854805010079,0.0,0.5537220221368103,0.8553459119496856,0.5933286571584444
5,0.5337079779727616,0.5337079779727616,0.0,0.5549348730807083,0.8544303797468354,0.5979268957992363
6,0.5283356052245537,0.5283356052245537,0.0,0.5532192529993746,0.8548895899053628,0.5981217364196088
7,0.5274429905371074,0.5274429905371074,0.0,0.5590866745655153,0.8544303797468354,0.5973423739381186
8,0.5233106894867263,0.5233106894867263,0.0,0.5502696280705182,0.8553259141494436,0.6193203959161406
