{
  "auroc_mean": 0.8934040484349571,
  "auroc_n": 13,
  "auprc_mean": 0.821991783424318,
  "auprc_n": 13,
  "pearson_mean": 0.654425187752797,
  "pearson_n": 13,
  "spearman_mean": 0.583123060007047,
  "spearman_n": 13,
  "n_clips_total": 17,
  "n_pos_clips": 13
}