epoch,train_loss,val_loss,val_f1,val_auroc,val_threshold
1,0.38732483882897645,0.351066695223021,0.8234086242299795,0.8121748431954101,0.95
2,0.3041007450671606,0.31967729520659116,0.7884828349944629,0.8185685807361307,0.95
3,0.2716724735594565,0.3125250012029049,0.8004385964912281,0.82777021442116,0.95
4,0.2603728694701067,0.2862417055077331,0.8102893890675241,0.8181674527155152,0.95
5,0.24787404520377035,0.28812064195788184,0.8,0.8212184567511062,0.95
6,0.24731794272058755,0.29103602702881015,0.8145766345123259,0.8191034180969513,0.95
