{
  "n_branches": 5,
  "best_branch_by_val_auroc": "branch_4",
  "best_branch_val": {
    "f1": 0.8619718309859155,
    "precision": 0.7766497461928934,
    "recall": 0.9683544303797469,
    "auroc": 0.7505778756191525,
    "auprc": 0.8794037010355702
  },
  "best_branch_test": {
    "f1": 0.876010781671159,
    "precision": 0.7985257985257985,
    "recall": 0.9701492537313433,
    "auroc": 0.7301041960011264,
    "auprc": 0.8791632416163349
  },
  "topk_branches": [
    "branch_4",
    "branch_0",
    "branch_2"
  ],
  "per_branch": {
    "branch_0": {
      "val": {
        "f1": 0.8598639455782313,
        "precision": 0.7541766109785203,
        "recall": 1.0,
        "auroc": 0.7410566868464503,
        "auprc": 0.8707539574307962
      },
      "test": {
        "f1": 0.8705882352941177,
        "precision": 0.7744186046511627,
        "recall": 0.9940298507462687,
        "auroc": 0.7145029569135455,
        "auprc": 0.8671773290217138
      },
      "val_threshold": 0.95
    },
    "branch_1": {
      "val": {
        "f1": 0.8503496503496504,
        "precision": 0.7619047619047619,
        "recall": 0.9620253164556962,
        "auroc": 0.7016785910842047,
        "auprc": 0.8521783141488775
      },
      "test": {
        "f1": 0.876010781671159,
        "precision": 0.7985257985257985,
        "recall": 0.9701492537313433,
        "auroc": 0.7020557589411434,
        "auprc": 0.848608588368924
      },
      "val_threshold": 0.2
    },
    "branch_2": {
      "val": {
        "f1": 0.8554744525547445,
        "precision": 0.7940379403794038,
        "recall": 0.9272151898734177,
        "auroc": 0.7130709961474959,
        "auprc": 0.8537732004969296
      },
      "test": {
        "f1": 0.874828060522696,
        "precision": 0.8112244897959183,
        "recall": 0.9492537313432836,
        "auroc": 0.6944241058856659,
        "auprc": 0.8546536067653034
      },
      "val_threshold": 0.15
    },
    "branch_3": {
      "val": {
        "f1": 0.8545994065281899,
        "precision": 0.8044692737430168,
        "recall": 0.9113924050632911,
        "auroc": 0.7001651073197579,
        "auprc": 0.8372346022710748
      },
      "test": {
        "f1": 0.8647140864714087,
        "precision": 0.8115183246073299,
        "recall": 0.9253731343283582,
        "auroc": 0.6788510278794706,
        "auprc": 0.8374039524751777
      },
      "val_threshold": 0.05
    },
    "branch_4": {
      "val": {
        "f1": 0.8619718309859155,
        "precision": 0.7766497461928934,
        "recall": 0.9683544303797469,
        "auroc": 0.7505778756191525,
        "auprc": 0.8794037010355702
      },
      "test": {
        "f1": 0.876010781671159,
        "precision": 0.7985257985257985,
        "recall": 0.9701492537313433,
        "auroc": 0.7301041960011264,
        "auprc": 0.8791632416163349
      },
      "val_threshold": 0.7
    }
  }
}