branch,val_f1,val_auroc,val_auprc,test_f1,test_auroc,test_auprc,val_threshold
branch_0,0.8598639455782313,0.7410566868464503,0.8707539574307962,0.8705882352941177,0.7145029569135455,0.8671773290217138,0.95
branch_1,0.8503496503496504,0.7016785910842047,0.8521783141488775,0.876010781671159,0.7020557589411434,0.848608588368924,0.2
branch_2,0.8554744525547445,0.7130709961474959,0.8537732004969296,0.874828060522696,0.6944241058856659,0.8546536067653034,0.15
branch_3,0.8545994065281899,0.7001651073197579,0.8372346022710748,0.8647140864714087,0.6788510278794706,0.8374039524751777,0.05
branch_4,0.8619718309859155,0.7505778756191525,0.8794037010355702,0.876010781671159,0.7301041960011264,0.8791632416163349,0.7
mean,0.856353591160221,0.7365712713263622,0.8650670725443776,0.8786279683377308,0.7199662067023374,0.8651603834522529,0.4
max_over_branches,0.8598639455782313,0.7410566868464503,0.8707539574307962,0.8705882352941177,0.7145029569135455,0.8671773290217138,0.95
"topk_mean_(k=3,idx=[4, 0, 2])",0.8591352859135286,0.7471931755641167,0.8716443804527938,0.8806366047745358,0.7314277668262461,0.8753896564421888,0.6
