{
  "n_rows": 17028,
  "n_branches": 5,
  "k_frac": 0.1,
  "per_branch": {
    "branch_0_weight": {
      "mean_attn": 0.025898519999135595,
      "std_attn": 0.03773876970164419,
      "min_attn": 4.155253634507972e-07,
      "max_attn": 1.0
    },
    "branch_1_weight": {
      "mean_attn": 0.02589852000096894,
      "std_attn": 0.06387921283180438,
      "min_attn": 3.188767720985197e-07,
      "max_attn": 1.0
    },
    "branch_2_weight": {
      "mean_attn": 0.025898520164291162,
      "std_attn": 0.1329843719746991,
      "min_attn": 1.6344644550563697e-13,
      "max_attn": 1.0
    },
    "branch_3_weight": {
      "mean_attn": 0.02589852012749419,
      "std_attn": 0.1309109800825947,
      "min_attn": 1.2361355428841536e-12,
      "max_attn": 1.0
    },
    "branch_4_weight": {
      "mean_attn": 0.025898520019890393,
      "std_attn": 0.052530261067813895,
      "min_attn": 6.392135531996247e-08,
      "max_attn": 1.0
    }
  },
  "pairwise_cosine": {
    "0_0": 0.9999999999996652,
    "0_1": 0.6237554368826413,
    "0_2": 0.1378912200159423,
    "0_3": 0.11325931024407898,
    "0_4": 0.7662973548375703,
    "1_0": 0.6237554368826413,
    "1_1": 0.9999999999997778,
    "1_2": 0.03879088099834849,
    "1_3": 0.034047472297527914,
    "1_4": 0.7342859963088827,
    "2_0": 0.1378912200159423,
    "2_1": 0.03879088099834849,
    "2_2": 0.9999999999998869,
    "2_3": 0.8872138318862317,
    "2_4": 0.039125099620127085,
    "3_0": 0.11325931024407898,
    "3_1": 0.034047472297527914,
    "3_2": 0.8872138318862317,
    "3_3": 0.9999999999998854,
    "3_4": 0.030893045349996113,
    "4_0": 0.7662973548375703,
    "4_1": 0.7342859963088827,
    "4_2": 0.039125099620127085,
    "4_3": 0.030893045349996113,
    "4_4": 0.9999999999997383
  },
  "pairwise_topk_overlap": {
    "0_0": 1.0,
    "0_1": 0.14647390443959815,
    "0_2": 0.029068906462045338,
    "0_3": 0.01644340955570653,
    "0_4": 0.12778878078573633,
    "1_0": 0.14647390443959815,
    "1_1": 1.0,
    "1_2": 0.009889828523368897,
    "1_3": 0.009674981103552532,
    "1_4": 0.3296251033131733,
    "2_0": 0.029068906462045338,
    "2_1": 0.009889828523368897,
    "2_2": 1.0,
    "2_3": 0.7386305670493546,
    "2_4": 0.0045351473922902496,
    "3_0": 0.01644340955570653,
    "3_1": 0.009674981103552532,
    "3_2": 0.7386305670493546,
    "3_3": 1.0,
    "3_4": 0.0045351473922902496,
    "4_0": 0.12778878078573633,
    "4_1": 0.3296251033131733,
    "4_2": 0.0045351473922902496,
    "4_3": 0.0045351473922902496,
    "4_4": 1.0
  },
  "mean_off_diag_cosine": 0.34055596484413464,
  "mean_off_diag_overlap": 0.14166657760171159
}