{
  "branch_0": {
    "mean_of_clip_means": 0.06028375029563904,
    "std_of_clip_means": 0.08573190122842789,
    "mean_of_clip_stds": 0.031391970813274384
  },
  "branch_1": {
    "mean_of_clip_means": 0.06028375029563904,
    "std_of_clip_means": 0.08573190122842789,
    "mean_of_clip_stds": 0.07588671892881393
  },
  "branch_2": {
    "mean_of_clip_means": 0.06028375029563904,
    "std_of_clip_means": 0.08573190122842789,
    "mean_of_clip_stds": 0.1653195321559906
  },
  "branch_3": {
    "mean_of_clip_means": 0.06028375029563904,
    "std_of_clip_means": 0.08573190122842789,
    "mean_of_clip_stds": 0.1669911891222
  },
  "branch_4": {
    "mean_of_clip_means": 0.06028374657034874,
    "std_of_clip_means": 0.08573190122842789,
    "mean_of_clip_stds": 0.05830429494380951
  }
}