branch,n_windows,n_clips,n_clips_with_child_rttm,pearson_r,pearson_pval,spearman_rho,spearman_pval,auroc_ranking
branch_0_weight,17028,441,419,0.11423890447329962,1.4431248894566818e-50,0.18583812832552304,3.7631193941003616e-132,0.5940090446856305
branch_1_weight,17028,441,419,0.045819125865249354,2.208160621030013e-09,0.050068962815516635,6.268606114458068e-11,0.54286208905097
branch_2_weight,17028,441,419,0.0031151623554719387,0.6843951091805138,0.012166634739361573,0.11238063111641967,0.5201073359598128
branch_3_weight,17028,441,419,0.0038685629490201974,0.6137141065143024,-0.006733846105126178,0.379588734532178,0.5127318534414016
branch_4_weight,17028,441,419,0.08243328599164405,4.548179933782337e-27,0.1719801074506997,3.541204854827183e-113,0.5856215227728369
mean_weight,17028,441,419,0.04380798079266958,1.0722245750902575e-08,0.13254158934072766,1.3693953788136031e-67,0.5753643815924246
