epoch,train_loss,loss_bce,loss_div,val_loss,val_f1,val_auroc
1,0.5929552801095358,0.571330288924822,0.02162499118471382,0.5600911586646967,0.8460508701472557,0.7387451843698404
2,0.5589029863476753,0.5479943167145659,0.010908669633109396,0.5252860952471221,0.8490566037735849,0.7362548156301596
3,0.5392704189516513,0.5288301341053916,0.01044028484625969,0.5119705827703609,0.8600883652430045,0.7503302146395157
4,0.5307888510841422,0.5204714120524686,0.01031743903167364,0.5363107622706973,0.8306709265175719,0.7501375894331317
5,0.5233278316956741,0.5132063243810724,0.010121507314601687,0.5827238476227995,0.7854671280276817,0.7706659328563565
6,0.5200921223135438,0.5084918929127659,0.011600229400777963,0.5992567707069235,0.7675675675675676,0.7972757292239956
7,0.5156970491076297,0.50523733674753,0.010459712360099686,0.6246411446352292,0.7276190476190476,0.8143643368189323
8,0.508931745350554,0.4994402450577515,0.009491500292802456,0.6539478057740459,0.6953125,0.8152173913043479
