f1,f1_macro,f1_weighted,balanced_accuracy,precision,recall,auroc,auprc,timepoint,n
0.0,0.22882427307206069,0.1357940768066983,0.5,0.0,0.0,0.5,0.7032786885245902,14_month,610
0.0,0.1643598615916955,0.06465501801743714,0.5,0.0,0.0,0.5,0.8033126293995859,36_month,483
