{
  "threshold": 0.5,
  "f1": 0.0,
  "f1_macro": 0.2252836304700162,
  "f1_weighted": 0.1310226972189634,
  "balanced_accuracy": 0.5,
  "precision": 0.0,
  "recall": 0.0,
  "auroc": 0.5,
  "auprc": 0.7092050209205021
}