f1,f1_macro,f1_weighted,balanced_accuracy,precision,recall,auroc,auprc,timepoint,n
0.7930660888407367,0.5749842228715468,0.6636470142819716,0.5729822663524321,0.7408906882591093,0.8531468531468531,0.6596736596736597,0.8164042026109731,14_month,610
0.8785276073619632,0.6114492341445578,0.7734657214172281,0.5981823114487249,0.8384074941451991,0.9226804123711341,0.6959848073792729,0.8892506946309591,36_month,483
