{
  "threshold_sec": 1.0,
  "f1": 0.8042895442359249,
  "f1_macro": 0.5545257244989148,
  "f1_weighted": 0.6590294147654463,
  "balanced_accuracy": 0.5575857897752594,
  "precision": 0.7371007371007371,
  "recall": 0.8849557522123894,
  "auroc": 0.6315973769656841,
  "auprc": 0.7875052600246879
}