f1,f1_macro,f1_weighted,balanced_accuracy,precision,recall,auroc,auprc,timepoint,n
0.7307692307692307,0.5050904977375565,0.5700859728506786,0.5197850512945774,0.6551724137931034,0.8260869565217391,0.5712192058064066,0.6899667746894621,14_month,250
0.8743455497382199,0.6128484505447857,0.759653839565661,0.5991011235955056,0.8186274509803921,0.9382022471910112,0.6790449438202246,0.8689227957707903,36_month,228
