{
  "threshold_sec": 1.0,
  "f1": 0.8331415420023015,
  "f1_macro": 0.5929100567154365,
  "f1_weighted": 0.7118169492499231,
  "balanced_accuracy": 0.586200397353343,
  "precision": 0.7861020629750272,
  "recall": 0.8861689106487148,
  "auroc": 0.6771881042342967,
  "auprc": 0.8505690794416793
}