{
  "0": {
    "precision": 0.675,
    "recall": 0.22131147540983606,
    "f1-score": 0.3333333333333333,
    "support": 122.0
  },
  "1": {
    "precision": 0.7916666666666666,
    "recall": 0.9652406417112299,
    "f1-score": 0.8698795180722891,
    "support": 374.0
  },
  "accuracy": 0.782258064516129,
  "macro avg": {
    "precision": 0.7333333333333334,
    "recall": 0.593276058560533,
    "f1-score": 0.6016064257028112,
    "support": 496.0
  },
  "weighted avg": {
    "precision": 0.7629704301075269,
    "recall": 0.782258064516129,
    "f1-score": 0.7379064645679493,
    "support": 496.0
  }
}