prob_bin,n,mean_prob,actual_pos_rate,accuracy
"(-0.001, 0.2]",12,0.10887620537929854,0.25,0.75
"(0.2, 0.4]",20,0.3103430360555649,0.4,0.6
"(0.4, 0.5]",9,0.43552300996250576,0.2222222222222222,0.6666666666666666
"(0.5, 0.6]",16,0.5623976401984692,0.25,0.25
"(0.6, 0.8]",49,0.708679943668599,0.5714285714285714,0.5714285714285714
"(0.8, 1.0]",390,0.9465735140519265,0.8435897435897436,0.8435897435897436
