multi_child,has_interaction,n,accuracy,n_fp,n_fn,fp_rate,fn_rate
False,False,66,0.7727272727272727,11,4,0.4782608695652174,0.09302325581395349
False,True,347,0.8097982708933718,58,8,0.8285714285714286,0.02888086642599278
True,False,15,0.4666666666666667,8,0,1.0,0.0
True,True,68,0.7205882352941176,18,1,0.8571428571428571,0.02127659574468085
