{
  "branch_0": {
    "mean_of_clip_means": 0.06177462264895439,
    "std_of_clip_means": 0.09575250744819641,
    "mean_of_clip_stds": 0.08013157546520233
  },
  "branch_1": {
    "mean_of_clip_means": 0.06177462264895439,
    "std_of_clip_means": 0.09575250744819641,
    "mean_of_clip_stds": 0.0671449825167656
  },
  "branch_2": {
    "mean_of_clip_means": 0.06177462264895439,
    "std_of_clip_means": 0.09575250744819641,
    "mean_of_clip_stds": 0.1827923208475113
  },
  "branch_3": {
    "mean_of_clip_means": 0.06177462264895439,
    "std_of_clip_means": 0.09575250744819641,
    "mean_of_clip_stds": 0.06661617755889893
  },
  "branch_4": {
    "mean_of_clip_means": 0.06177462264895439,
    "std_of_clip_means": 0.09575250744819641,
    "mean_of_clip_stds": 0.09154757112264633
  }
}