{
  "threshold": 0.19,
  "f1": 0.7289719626168224,
  "f1_macro": 0.6532277031627158,
  "f1_weighted": 0.6877281940113772,
  "balanced_accuracy": 0.7195695795855892,
  "precision": 0.9050632911392406,
  "recall": 0.6102418207681366,
  "auroc": 0.7223469216665135,
  "auprc": 0.8382471883889508
}