f1,f1_macro,f1_weighted,balanced_accuracy,precision,recall,auroc,auprc,timepoint,n
0.7294117647058823,0.6664300202839757,0.6924154952552519,0.7235973597359736,0.8985507246376812,0.6138613861386139,0.7147277227722774,0.8124510917082814,14_month,286
0.7353760445682451,0.5962594508555511,0.6791041639653576,0.6802295252999477,0.9041095890410958,0.6197183098591549,0.6862284820031299,0.8679704328744786,36_month,267
