{
  "threshold": 0.19,
  "f1": 0.7324749642346209,
  "f1_macro": 0.6365077523875807,
  "f1_weighted": 0.6845781279420656,
  "balanced_accuracy": 0.7069844595774402,
  "precision": 0.9014084507042254,
  "recall": 0.6168674698795181,
  "auroc": 0.7046184738955824,
  "auprc": 0.8397823726686546
}