f1,f1_macro,f1_weighted,balanced_accuracy,precision,recall,auroc,auprc,timepoint,n
0.7272727272727273,0.6761363636363636,0.694354987118145,0.7192527926405707,0.8776371308016878,0.6208955223880597,0.7145217309678025,0.7987222555785249,14_month,494
0.7305785123966942,0.6248762768473146,0.6839978662223913,0.7233486622073578,0.9324894514767933,0.6005434782608695,0.7342182274247492,0.8785022989380935,36_month,472
