f1,f1_macro,f1_weighted,balanced_accuracy,precision,recall,auroc,auprc,timepoint,n
0.7319884726224783,0.6593275696445725,0.6893065436004917,0.7072135785007072,0.8758620689655172,0.6287128712871287,0.7390381895332391,0.8590061013764188,14_month,286
0.7303370786516854,0.5955056179775281,0.6757985102891049,0.684793948878456,0.9090909090909091,0.6103286384976526,0.720657276995305,0.9045422191442691,36_month,267
