{
  "threshold_sec": 1.0,
  "f1": 0.7332768839966131,
  "f1_macro": 0.6569180691620882,
  "f1_weighted": 0.691698481716116,
  "balanced_accuracy": 0.7224145297989604,
  "precision": 0.9058577405857741,
  "recall": 0.615931721194879,
  "auroc": 0.7419397584496644,
  "auprc": 0.8606509973819513
}