f1,f1_macro,f1_weighted,balanced_accuracy,precision,recall,auroc,auprc,timepoint,n
0.7304347826086957,0.6775660595852195,0.6964018799336643,0.7190932131793861,0.875,0.6268656716417911,0.7506711724396884,0.8381458021646659,14_month,494
0.735973597359736,0.6313004081473237,0.6898464292322322,0.7308737458193979,0.9369747899159664,0.6059782608695652,0.7359949832775918,0.8860836802807346,36_month,472
