{
  "threshold_sec": 1.0,
  "f1": 0.7311522048364154,
  "f1_macro": 0.6310847872817313,
  "f1_weighted": 0.6812089729284718,
  "balanced_accuracy": 0.6973197136371574,
  "precision": 0.8923611111111112,
  "recall": 0.619277108433735,
  "auroc": 0.7306181246726035,
  "auprc": 0.8805847617168499
}