f1,precision,recall,auroc,auprc,timepoint,n
0.7418546365914787,0.8809523809523809,0.6406926406926406,0.7027734170591313,0.8023056680823368,14_month,322
0.7523809523809524,0.9294117647058824,0.632,0.7330158730158731,0.8979385165745608,36_month,313
