f1,precision,recall,auroc,auprc,timepoint,n
0.7421052631578947,0.8924050632911392,0.6351351351351351,0.7260422186892775,0.807490684100417,14_month,324
0.7536945812807881,0.95625,0.6219512195121951,0.7576219512195123,0.9015638561542969,36_month,302
