{
  "threshold": 0.15000000000000002,
  "f1": 0.7480916030534351,
  "precision": 0.9245283018867925,
  "recall": 0.6282051282051282,
  "auroc": 0.7365709185329438,
  "auprc": 0.8527082387504071
}