{
  "threshold": 0.15000000000000002,
  "f1": 0.7472527472527473,
  "precision": 0.9053254437869822,
  "recall": 0.6361746361746362,
  "auroc": 0.7154467154467153,
  "auprc": 0.8522360514981883
}