{
  "threshold_sec": 0.1,
  "f1": 0.7462311557788944,
  "precision": 0.9054878048780488,
  "recall": 0.6346153846153846,
  "auroc": 0.7574177756139782,
  "auprc": 0.8921367360784899
}