f1,precision,recall,auroc,auprc,timepoint,n
0.7403598971722365,0.8622754491017964,0.6486486486486487,0.7495583819113232,0.8595564351397015,14_month,324
0.7518427518427518,0.9503105590062112,0.6219512195121951,0.7755516840882695,0.926466527247271,36_month,302
