f1,precision,recall,auroc,auprc,timepoint,n
0.7543424317617866,0.8837209302325582,0.658008658008658,0.7462775319918177,0.8704709161135481,14_month,322
0.7505938242280285,0.9239766081871345,0.632,0.7486349206349208,0.9099986077428992,36_month,313
