{
  "threshold_sec": 0.1,
  "f1": 0.7524271844660194,
  "precision": 0.9037900874635568,
  "recall": 0.6444906444906445,
  "auroc": 0.7471919971919971,
  "auprc": 0.8903548079751058
}