{
  "threshold": 0.37626262626262624,
  "val_balanced_acc": 0.6111263547811772
}