{
  "threshold": 0.1,
  "f1": 0.9150779896013865,
  "precision": 0.9103448275862069,
  "recall": 0.9198606271777003,
  "auroc": 0.8541289198606272,
  "auprc": 0.9141040497769
}