{
  "threshold": 0.1,
  "f1": 0.9076620825147348,
  "precision": 0.8988326848249028,
  "recall": 0.9166666666666666,
  "auroc": 0.8237496256364182,
  "auprc": 0.9019447075554832
}