f1,f1_macro,f1_weighted,balanced_accuracy,precision,recall,auroc,auprc,timepoint,n
0.87279843444227,0.7747076749325779,0.8138337643999268,0.765548174004429,0.851145038167939,0.8955823293172691,0.8095184476222648,0.8776571471999204,14_month,356
0.9428007889546351,0.8358863757857288,0.9065822255358525,0.8436274509803922,0.9484126984126984,0.9372549019607843,0.8361236802413272,0.9254244300638785,36_month,307
