f1,precision,recall,auroc,auprc,timepoint,n
0.8705035971223022,0.8642857142857143,0.8768115942028986,0.8103864734299517,0.8528712810334386,14_month,204
0.9565217391304348,0.9533333333333334,0.959731543624161,0.9214370311883142,0.9746769539627529,36_month,183
