{
  "threshold_sec": 0.75,
  "f1": 0.9222797927461139,
  "precision": 0.9143835616438356,
  "recall": 0.9303135888501742,
  "auroc": 0.867526132404181,
  "auprc": 0.9364707919582305
}