{
  "threshold_sec": 0.75,
  "f1": 0.8997020854021847,
  "precision": 0.9005964214711729,
  "recall": 0.8988095238095238,
  "auroc": 0.8457934012179296,
  "auprc": 0.9253995949059595
}