f1,precision,recall,auroc,auprc,timepoint,n
0.8817204301075269,0.8723404255319149,0.8913043478260869,0.8427206851119895,0.9017871362269937,14_month,204
0.96,0.9536423841059603,0.9664429530201343,0.8890643505724437,0.9629928230031719,36_month,183
