f1,precision,recall,auroc,auprc,timepoint,n
0.8571428571428571,0.8503937007874016,0.864,0.8165420560747663,0.8808193894180756,14_month,357
0.9423459244532804,0.9518072289156626,0.9330708661417323,0.8837068443367656,0.9673409864005454,36_month,306
