f1,f1_macro,f1_weighted,balanced_accuracy,precision,recall,auroc,auprc,timepoint,n
0.8698412698412699,0.7991590455166614,0.8267645494374313,0.8101634498348114,0.8954248366013072,0.845679012345679,0.8246826638845417,0.8951662832016661,14_month,233
0.8730650154798761,0.7161024002130563,0.8202410584189271,0.7789430222956235,0.94,0.815028901734104,0.8284062758051196,0.9499387162187238,36_month,208
