{
  "auroc_mean": 0.8785164154550429,
  "auroc_n": 9,
  "auprc_mean": 0.647902580810257,
  "auprc_n": 9,
  "pearson_mean": 0.596909130199088,
  "pearson_n": 9,
  "spearman_mean": 0.5263749387844381,
  "spearman_n": 9,
  "n_clips_total": 9,
  "n_pos_clips": 9
}