epoch,train_loss,val_loss,val_f1,val_auroc,val_threshold
1,0.3918612418839565,0.333091323192303,0.8171428571428572,0.8079470198675497,0.95
2,0.31132027542648405,0.2902627972456125,0.7613104524180967,0.8132994647555112,0.95
3,0.2810012203497955,0.27602913184807853,0.7860394537177542,0.811730019051075,0.95
4,0.2746257404796779,0.27647724885206953,0.7535321821036107,0.8063140705796971,0.95
5,0.2527750728723521,0.26479389724823144,0.7963246554364471,0.8260001814388098,0.95
6,0.24501766817859158,0.25715690014454035,0.8088235294117647,0.8252018506758597,0.95
