{
  "auroc_mean": 0.9019111434111848,
  "auroc_n": 9,
  "auprc_mean": 0.6307740442414155,
  "auprc_n": 9,
  "pearson_mean": 0.5406415683941709,
  "pearson_n": 9,
  "spearman_mean": 0.4929356701972435,
  "spearman_n": 9,
  "n_clips_total": 27,
  "n_pos_clips": 12
}