{
  "0": {
    "precision": 0.6486486486486487,
    "recall": 0.39344262295081966,
    "f1-score": 0.4897959183673469,
    "support": 122.0
  },
  "1": {
    "precision": 0.8246445497630331,
    "recall": 0.93048128342246,
    "f1-score": 0.8743718592964824,
    "support": 374.0
  },
  "accuracy": 0.7983870967741935,
  "macro avg": {
    "precision": 0.7366465992058409,
    "recall": 0.6619619531866399,
    "f1-score": 0.6820838888319147,
    "support": 496.0
  },
  "weighted avg": {
    "precision": 0.7813552353760272,
    "recall": 0.7983870967741935,
    "f1-score": 0.779778583503429,
    "support": 496.0
  }
}