prob_bin,n,mean_prob,actual_pos_rate,accuracy
"(-0.001, 0.2]",25,0.05422965482473951,0.16,0.84
"(0.2, 0.4]",19,0.2771996259689331,0.47368421052631576,0.5263157894736842
"(0.4, 0.5]",6,0.48126597702503204,0.3333333333333333,0.6666666666666666
"(0.5, 0.6]",8,0.5459260866045952,0.25,0.75
"(0.6, 0.8]",16,0.7135636880993843,0.5625,0.4375
"(0.8, 1.0]",422,0.9794876324057014,0.8246445497630331,0.8246445497630331
