multi_child,has_interaction,n,accuracy,n_fp,n_fn,fp_rate,fn_rate
False,False,66,0.8181818181818182,7,5,0.30434782608695654,0.11627906976744186
False,True,347,0.8069164265129684,47,20,0.6714285714285714,0.07220216606498195
True,False,15,0.6666666666666666,5,0,0.625,0.0
True,True,68,0.7647058823529411,15,1,0.7142857142857143,0.02127659574468085
