task,n,pos_rate,accuracy,fp_rate,fn_rate,mean_n_children,pct_interaction
specialoccasion,13,0.46153846153846156,0.6153846153846154,0.7142857142857143,0.0,2.076923076923077,0.8461538461538461
motorplay,83,0.6144578313253012,0.6867469879518072,0.65625,0.09803921568627451,1.5060240963855422,0.7951807228915663
other,36,0.6111111111111112,0.6944444444444444,0.5,0.18181818181818182,1.1111111111111112,0.3611111111111111
dailyroutine,50,0.82,0.76,0.7777777777777778,0.12195121951219512,1.06,0.86
bookshare,10,0.7,0.8,0.3333333333333333,0.14285714285714285,1.1,0.8
toyplay,97,0.6804123711340206,0.8041237113402062,0.5483870967741935,0.030303030303030304,1.1958762886597938,0.7731958762886598
socialroutine,22,0.9545454545454546,0.8181818181818182,1.0,0.14285714285714285,1.1818181818181819,0.9545454545454546
generalsocialcommunicationinteraction,184,0.8641304347826086,0.8858695652173914,0.6,0.03773584905660377,1.1793478260869565,0.9619565217391305
unknown,1,1.0,1.0,0.0,0.0,1.0,1.0
