f1,f1_macro,f1_weighted,balanced_accuracy,precision,recall,auroc,auprc,timepoint,n
0.0,0.24806201550387597,0.16366978342523775,0.5,0.0,0.0,0.5,0.6701030927835051,14_month,194
0.0,0.16825396825396827,0.06807221616381921,0.5,0.0,0.0,0.5,0.7977099236641222,36_month,262
