f1,f1_macro,f1_weighted,balanced_accuracy,precision,recall,auroc,auprc,timepoint,n
0.8648648648648649,0.7967735177037503,0.8199386151915521,0.7979567307692308,0.8682170542635659,0.8615384615384616,0.84140625,0.9017671928147384,14_month,194
0.9,0.7887096774193548,0.8549741442994336,0.8268484246637177,0.9424083769633508,0.861244019138756,0.8464837049742711,0.9418872966630161,36_month,262
