{
  "threshold_sec": 0.4,
  "f1": 0.885,
  "f1_macro": 0.8051865671641791,
  "f1_weighted": 0.8412608324018673,
  "balanced_accuracy": 0.8202868916429931,
  "precision": 0.9123711340206185,
  "recall": 0.8592233009708737,
  "auroc": 0.873164002747167,
  "auprc": 0.939591301157288
}