f1,f1_macro,f1_weighted,balanced_accuracy,precision,recall,auroc,auprc,timepoint,n
0.883008356545961,0.8241857425187906,0.8445221852865484,0.8270498493219488,0.8904494382022472,0.8756906077348067,0.883663987945756,0.9335527647493255,14_month,538
0.8866213151927438,0.7830542473399617,0.8397819377718876,0.8157527657527658,0.930952380952381,0.8463203463203464,0.8641654641654642,0.9467825771434089,36_month,597
