{
  "threshold_sec": 0.4,
  "f1": 0.8861911987860395,
  "f1_macro": 0.794874255519502,
  "f1_weighted": 0.8393311884255794,
  "balanced_accuracy": 0.8110203464185766,
  "precision": 0.9125,
  "recall": 0.8613569321533924,
  "auroc": 0.8456243854473943,
  "auprc": 0.9262542599396384
}