{
  "branch_0": {
    "mean_of_clip_means": 0.05508982017636299,
    "std_of_clip_means": 0.07284408062696457,
    "mean_of_clip_stds": 0.1400579810142517
  },
  "branch_1": {
    "mean_of_clip_means": 0.05508982017636299,
    "std_of_clip_means": 0.07284408062696457,
    "mean_of_clip_stds": 0.1420966386795044
  },
  "branch_2": {
    "mean_of_clip_means": 0.05508982017636299,
    "std_of_clip_means": 0.07284408062696457,
    "mean_of_clip_stds": 0.18692734837532043
  },
  "branch_3": {
    "mean_of_clip_means": 0.05508982017636299,
    "std_of_clip_means": 0.07284408062696457,
    "mean_of_clip_stds": 0.04586173593997955
  },
  "branch_4": {
    "mean_of_clip_means": 0.05508982017636299,
    "std_of_clip_means": 0.07284408062696457,
    "mean_of_clip_stds": 0.12099555879831314
  }
}