{
  "0": {
    "precision": 0.6534653465346535,
    "recall": 0.5409836065573771,
    "f1-score": 0.5919282511210763,
    "support": 122.0
  },
  "1": {
    "precision": 0.8582278481012658,
    "recall": 0.9064171122994652,
    "f1-score": 0.881664499349805,
    "support": 374.0
  },
  "accuracy": 0.8165322580645161,
  "macro avg": {
    "precision": 0.7558465973179597,
    "recall": 0.7237003594284211,
    "f1-score": 0.7367963752354406,
    "support": 496.0
  },
  "weighted avg": {
    "precision": 0.8078628779578653,
    "recall": 0.8165322580645161,
    "f1-score": 0.8103987286161257,
    "support": 496.0
  }
}