prob_bin,n,mean_prob,actual_pos_rate,accuracy
"(-0.001, 0.2]",21,0.1139018367088976,0.2857142857142857,0.7142857142857143
"(0.2, 0.4]",39,0.30991312059072346,0.41025641025641024,0.5897435897435898
"(0.4, 0.5]",25,0.44928489208221434,0.24,0.76
"(0.5, 0.6]",25,0.5405779004096984,0.48,0.56
"(0.6, 0.8]",54,0.7020699370790411,0.6296296296296297,0.6296296296296297
"(0.8, 1.0]",332,0.9651167848742152,0.9036144578313253,0.9036144578313253
