multi_child,has_interaction,n,accuracy,n_fp,n_fn,fp_rate,fn_rate
False,False,66,0.803030303030303,7,6,0.30434782608695654,0.13953488372093023
False,True,347,0.8386167146974063,28,28,0.4,0.10108303249097472
True,False,15,0.6666666666666666,5,0,0.625,0.0
True,True,68,0.75,16,1,0.7619047619047619,0.02127659574468085
