task,n,pos_rate,accuracy,fp_rate,fn_rate,mean_n_children,pct_interaction
specialoccasion,13,0.46153846153846156,0.5384615384615384,0.8571428571428571,0.0,2.076923076923077,0.8461538461538461
motorplay,83,0.6144578313253012,0.6987951807228916,0.59375,0.11764705882352941,1.5060240963855422,0.7951807228915663
other,36,0.6111111111111112,0.7222222222222222,0.5,0.13636363636363635,1.1111111111111112,0.3611111111111111
dailyroutine,50,0.82,0.8,0.4444444444444444,0.14634146341463414,1.06,0.86
toyplay,97,0.6804123711340206,0.8041237113402062,0.41935483870967744,0.09090909090909091,1.1958762886597938,0.7731958762886598
bookshare,10,0.7,0.9,0.0,0.14285714285714285,1.1,0.8
generalsocialcommunicationinteraction,184,0.8641304347826086,0.9021739130434783,0.28,0.06918238993710692,1.1793478260869565,0.9619565217391305
socialroutine,22,0.9545454545454546,0.9090909090909091,0.0,0.09523809523809523,1.1818181818181819,0.9545454545454546
unknown,1,1.0,1.0,0.0,0.0,1.0,1.0
