{
  "threshold": 0.702929292929293,
  "val_balanced_acc": 0.6665180408835232
}