{
  "threshold": 0.26,
  "f1": 0.7630522088353414,
  "f1_macro": 0.5752977307152486,
  "f1_weighted": 0.664462984803169,
  "balanced_accuracy": 0.5789190021558361,
  "precision": 0.7808219178082192,
  "recall": 0.7460732984293194,
  "auroc": 0.5624807514628889,
  "auprc": 0.752908451167956
}