f1,f1_macro,f1_weighted,balanced_accuracy,precision,recall,auroc,auprc,timepoint,n
0.6964285714285714,0.5212912087912087,0.5878067925106252,0.5216632618318011,0.7036082474226805,0.6893939393939394,0.531962887299966,0.7089883320730559,14_month,574
0.7745803357314148,0.5467104577207799,0.6891804535220236,0.5696315879242708,0.8433420365535248,0.7161862527716186,0.5341655295923589,0.8066278742884443,36_month,555
