{
  "threshold": 0.26,
  "f1": 0.7367119901112484,
  "f1_macro": 0.5355434950556242,
  "f1_weighted": 0.6362168340338596,
  "balanced_accuracy": 0.5415463002503621,
  "precision": 0.7730220492866408,
  "recall": 0.7036599763872491,
  "auroc": 0.5307070427960177,
  "auprc": 0.7545841847683471
}