{
  "threshold_sec": 1.0,
  "f1": 0.8335273573923166,
  "f1_macro": 0.5128088764362713,
  "f1_weighted": 0.6651191975080611,
  "balanced_accuracy": 0.531086387434555,
  "precision": 0.750524109014675,
  "recall": 0.93717277486911,
  "auroc": 0.5494109947643979,
  "auprc": 0.7813497847503107
}