{
  "threshold_sec": 1.0,
  "f1": 0.8268817204301075,
  "f1_macro": 0.5089182471497271,
  "f1_weighted": 0.6680408002085535,
  "balanced_accuracy": 0.5213310222981403,
  "precision": 0.7591312931885489,
  "recall": 0.9079102715466352,
  "auroc": 0.6056545002386395,
  "auprc": 0.8190864470273347
}