f1,f1_macro,f1_weighted,balanced_accuracy,precision,recall,auroc,auprc,timepoint,n
0.8,0.502803738317757,0.6167662146019254,0.5290296924708378,0.7053941908713693,0.9239130434782609,0.5305872216330859,0.7395659249012669,14_month,266
0.8663594470046083,0.5188940092165899,0.7174456879526004,0.5303030303030303,0.7966101694915254,0.9494949494949495,0.5716423494201271,0.8237709912168443,36_month,252
