f1,f1_macro,f1_weighted,balanced_accuracy,precision,recall,auroc,auprc,timepoint,n
0.7853982300884956,0.49515813143769044,0.6053886915524561,0.5184570423334469,0.6988188976377953,0.8964646464646465,0.5877170582226761,0.7562813815580939,14_month,574
0.8661087866108786,0.5174699777210238,0.7354477555314375,0.521480044345898,0.8198019801980198,0.917960088691796,0.6242218147705954,0.8789926050855128,36_month,555
