{
  "lr_coefficients": {
    "babar_prob": 1.8695267611277855,
    "vtc_prob": 1.6799901866019389,
    "vtc_kchi_prob": 1.8695267611277855,
    "vbx_prob": 0.19014838826520417,
    "usc_sail_prob": 0.3000320278624046,
    "pyannote_prob": 0.35401202803218335,
    "eend_eda_prob": 0.1623592662118491,
    "sortformer_prob": 0.9487517060442542,
    "wavlm_mil_prob": 0.9274688353608097,
    "whisper_mil_prob": 3.0813271096499943,
    "audio_llm_prob": 0.6784813552398273,
    "n_adults_int": -0.047544625827992584,
    "n_children_int": 0.030567012737285577,
    "n_adults_ge2": -0.1850709911591048,
    "n_children_ge2": -0.48871826720100264,
    "context_unknown": 0.0,
    "has_interaction": -0.013379328567218598,
    "timepoint_is_36m": 0.3579212487076271
  },
  "gbm_feature_importances": null
}