{
  "auroc_mean": 0.842518989206829,
  "auroc_n": 460,
  "auprc_mean": 0.7354820791193013,
  "auprc_n": 460,
  "pearson_mean": 0.545079663511793,
  "pearson_n": 462,
  "spearman_mean": 0.5065998687297631,
  "spearman_n": 462,
  "n_clips_total": 663,
  "n_pos_clips": 504
}