epoch,train_loss,val_loss,val_f1,val_auroc,val_threshold
1,0.5577318247565082,0.5560099014214107,0.8617363344051447,0.7918815331010454,0.7
2,0.4879978702101909,0.5243991960068138,0.8635634028892456,0.7781184668989546,0.65
3,0.4508512013814819,0.5184427977216487,0.8664596273291926,0.8029616724738675,0.55
4,0.44847462620113937,0.4774696486336844,0.8637110016420362,0.7902787456445993,0.8
5,0.43150299913446666,0.4681741789895661,0.8607198748043818,0.779651567944251,0.7
6,0.4053683609924686,0.4533226841262409,0.8632872503840245,0.7993031358885018,0.45
7,0.4132659633079885,0.504954073045935,0.8588957055214724,0.769616724738676,0.4
8,0.4000577549909202,0.4358813008483575,0.8632872503840245,0.7949477351916375,0.5
