{
  "auroc_mean": 0.9510083403767559,
  "auroc_n": 3,
  "auprc_mean": 0.8914570436552701,
  "auprc_n": 3,
  "pearson_mean": 0.7972946166992188,
  "pearson_n": 3,
  "spearman_mean": 0.7020993952372093,
  "spearman_n": 3,
  "n_clips_total": 4,
  "n_pos_clips": 4
}