{
  "threshold_sec": 0.4,
  "f1": 0.8613861386138614,
  "f1_macro": 0.5883017649591046,
  "f1_weighted": 0.7234697852218891,
  "balanced_accuracy": 0.5842646302307842,
  "precision": 0.7822177822177823,
  "recall": 0.9583843329253366,
  "auroc": 0.6967896865520729,
  "auprc": 0.858155019988521
}