f1,f1_macro,f1_weighted,balanced_accuracy,precision,recall,auroc,auprc,timepoint,n
0.8352098259979529,0.5863291928343675,0.687513450251694,0.5887841440327628,0.7445255474452555,0.951048951048951,0.6795451325838066,0.8238090971242206,14_month,610
0.89179548156956,0.5818977407847801,0.7698895379896258,0.5727211068909387,0.8278145695364238,0.9664948453608248,0.7212967986977754,0.8985724331465577,36_month,483
