{
  "threshold_sec": 0.4,
  "f1": 0.833117723156533,
  "f1_macro": 0.5640998451848238,
  "f1_weighted": 0.6766596267629448,
  "balanced_accuracy": 0.572048555845589,
  "precision": 0.7419354838709677,
  "recall": 0.9498525073746312,
  "auroc": 0.6445427728613569,
  "auprc": 0.7919446651699047
}