f1,f1_macro,f1_weighted,balanced_accuracy,precision,recall,auroc,auprc,timepoint,n
0.7938144329896907,0.5397643593519882,0.6129307805596464,0.5681485100146556,0.6784140969162996,0.9565217391304348,0.6076139297927281,0.6943373395244197,14_month,250
0.8727272727272727,0.591293213828425,0.7492912819821641,0.5819101123595506,0.8115942028985508,0.9438202247191011,0.6801123595505617,0.8769398415191361,36_month,228
