f1,f1_macro,f1_weighted,balanced_accuracy,precision,recall,auroc,auprc,timepoint,n
0.8061538461538461,0.5749519230769231,0.6556803855289604,0.5817055618381823,0.7158469945355191,0.9225352112676056,0.6746684486480929,0.7807045873556926,14_month,421
0.8996865203761756,0.6535469638917915,0.8033423508139234,0.6290182648401826,0.849112426035503,0.9566666666666667,0.6988356164383561,0.8878695614240026,36_month,373
