f1,precision,recall,auroc,auprc,timepoint,n
0.8203389830508474,0.7333333333333333,0.9307692307692308,0.6916666666666668,0.804283370041394,14_month,190
0.8943661971830986,0.8355263157894737,0.9621212121212122,0.6875541125541126,0.8774379808855639,36_month,167
