{
  "threshold": 0.1,
  "f1": 0.851823118696664,
  "precision": 0.7787234042553192,
  "recall": 0.940068493150685,
  "auroc": 0.6913507109004738,
  "auprc": 0.8382266672493834
}