{
  "threshold": 0.1,
  "f1": 0.8566493955094991,
  "precision": 0.7823343848580442,
  "recall": 0.9465648854961832,
  "auroc": 0.6952189634391321,
  "auprc": 0.8442288265098878
}