f1,precision,recall,auroc,auprc,timepoint,n
0.8173652694610778,0.7127937336814621,0.9578947368421052,0.7073226544622425,0.8182575711742707,14_month,423
0.8913043478260869,0.8318840579710145,0.959866220735786,0.6946900627662986,0.8804358211160416,36_month,372
