{
  "threshold_sec": 0.1,
  "f1": 0.8536585365853658,
  "precision": 0.7692307692307693,
  "recall": 0.958904109589041,
  "auroc": 0.7079181003700578,
  "auprc": 0.8491004880730615
}