{
  "threshold_sec": 0.1,
  "f1": 0.8571428571428571,
  "precision": 0.7657657657657657,
  "recall": 0.9732824427480916,
  "auroc": 0.6721574929690639,
  "auprc": 0.8428930995327149
}