f1,precision,recall,auroc,auprc,timepoint,n
0.8262295081967214,0.72,0.9692307692307692,0.6670512820512821,0.8214655124130026,14_month,190
0.8896551724137931,0.8164556962025317,0.9772727272727273,0.6645021645021645,0.8661042854502169,36_month,167
