epoch,train_loss,loss_bce,loss_div,val_loss,val_f1,val_auroc
1,0.5599374870459238,0.5599374870459238,0.0,,0.0,
2,0.5032925443771558,0.5032925443771558,0.0,,0.0,
3,0.48746225986725245,0.48746225986725245,0.0,,0.0,
4,0.4659997943884287,0.4659997943884287,0.0,,0.0,
5,0.4441270771699074,0.4441270771699074,0.0,,0.0,
6,0.41958540739157263,0.41958540739157263,0.0,,0.0,
