{
  "0": 0.0797295793890953,
  "1": 0.08151104301214218,
  "2": 0.08387346565723419,
  "3": 0.08495829254388809,
  "4": 0.08921711146831512,
  "5": 0.08528202027082443,
  "6": 0.08307172358036041,
  "7": 0.08260595798492432,
  "8": 0.08312026411294937,
  "9": 0.08489742875099182,
  "10": 0.08154735714197159,
  "11": 0.08018568903207779
}