epoch,train_loss,loss_bce,loss_div,val_loss,val_f1,val_auroc
1,0.5813551927666839,0.5813551927666839,0.0,0.5778398451561717,0.8460508701472557,0.5491194276279582
2,0.5622796175501695,0.5622796175501695,0.0,0.5702084814589428,0.8460508701472557,0.5861585030269676
3,0.5496389205317672,0.5496389205317672,0.0,0.5684706977376252,0.8506056527590848,0.5797193175564117
4,0.5444824801894222,0.5444824801894222,0.0,0.5660141047842264,0.8470906630581867,0.5982113373692901
5,0.5379706303157458,0.5379706303157458,0.0,0.5657719839407507,0.845108695652174,0.6027517886626308
6,0.532215612418041,0.532215612418041,0.0,0.5609969615313957,0.8449931412894376,0.61862960924601
7,0.5293033263850503,0.5293033263850503,0.0,0.5535019227841614,0.8502024291497976,0.6434782608695653
8,0.5203791971250278,0.5203791971250278,0.0,0.5557982908635294,0.8416666666666667,0.6373968079251513
