{
  "auroc_mean": 0.8371465784435822,
  "auroc_n": 26,
  "auprc_mean": 0.7028417492672467,
  "auprc_n": 26,
  "pearson_mean": 0.5251837346989375,
  "pearson_n": 26,
  "spearman_mean": 0.4639454375339153,
  "spearman_n": 26,
  "n_clips_total": 38,
  "n_pos_clips": 31
}