epoch,train_loss,val_loss,val_f1,val_auroc,val_threshold
1,0.4067995556697403,0.328567633330822,0.7802340702210663,0.7819122468095072,0.95
2,0.2956585967049156,0.31000696708758674,0.8307692307692308,0.7837489755297974,0.8
3,0.27036813496775236,0.32876751681168875,0.8203883495145631,0.7887322913007845,0.95
4,0.269475973873716,0.3047835572560628,0.7802340702210663,0.7841733988994264,0.95
5,0.2550641768371936,0.30203559835751853,0.7877237851662404,0.7872907153729071,0.95
6,0.2442652492102274,0.30194874624411266,0.8133498145859085,0.7867053038285914,0.95
7,0.24518111908865958,0.301476072371006,0.8196319018404908,0.7893689263552277,0.85
