epoch,train_loss,val_loss,val_f1,val_auroc,val_threshold
1,0.3889475116077723,0.343884356568257,0.8428781204111601,0.813747449106565,0.95
2,0.2969101870633627,0.3026351299136877,0.7642276422764228,0.8040664974366633,0.95
3,0.27249345554152565,0.2982099002848069,0.7766990291262136,0.8121049226021602,0.95
4,0.2613852297616117,0.305022474968185,0.8062015503875969,0.8052610621671396,0.9
5,0.24848594572482535,0.2851959836979707,0.8355555555555556,0.8067915982280622,0.95
6,0.2374179291193474,0.27768061074117817,0.8155038759689922,0.8174306903588671,0.95
