f1,f1_macro,f1_weighted,balanced_accuracy,precision,recall,auroc,auprc,timepoint,n
0.8717948717948718,0.8051282051282052,0.8288798920377868,0.8087017741481273,0.8810975609756098,0.8626865671641791,0.8506899464939455,0.8996479771566228,14_month,494
0.8666666666666667,0.7522309711286089,0.8162373771075225,0.7956730769230769,0.9285714285714286,0.8125,0.8241534280936454,0.9224833291628677,36_month,472
