{
  "threshold": 0.1,
  "f1": 0.8691796008869179,
  "f1_macro": 0.7817400595108165,
  "f1_weighted": 0.8215675938850242,
  "balanced_accuracy": 0.8003369589321161,
  "precision": 0.9046153846153846,
  "recall": 0.8364153627311522,
  "auroc": 0.8373835111877937,
  "auprc": 0.910431089304773
}