{
  "threshold": 0.1,
  "f1": 0.8707653701380176,
  "f1_macro": 0.768716018402342,
  "f1_weighted": 0.8198329631234671,
  "balanced_accuracy": 0.791260694953728,
  "precision": 0.9083769633507853,
  "recall": 0.8361445783132531,
  "auroc": 0.8165880914964204,
  "auprc": 0.9041048745703169
}