{
  "threshold_sec": 1.0,
  "f1": 0.8448947778643804,
  "f1_macro": 0.769134600026181,
  "f1_weighted": 0.8036423414845741,
  "balanced_accuracy": 0.813247407904202,
  "precision": 0.9344827586206896,
  "recall": 0.7709815078236131,
  "auroc": 0.8580715997165869,
  "auprc": 0.9301384078991304
}