f1,f1_macro,f1_weighted,balanced_accuracy,precision,recall,auroc,auprc,timepoint,n
0.8512,0.797500826446281,0.8166325158095492,0.8215432272599268,0.9172413793103448,0.7940298507462686,0.8778372289495916,0.9311740858294845,14_month,494
0.8389057750759878,0.7341382022233086,0.792737014157858,0.8076923076923077,0.9517241379310345,0.75,0.8405622909698995,0.9346399349940884,36_month,472
