{
  "0": 0.07792319357395172,
  "1": 0.07766202837228775,
  "2": 0.07734162360429764,
  "3": 0.07710029184818268,
  "4": 0.07707837969064713,
  "5": 0.07699382305145264,
  "6": 0.07693210244178772,
  "7": 0.07522179186344147,
  "8": 0.07584840804338455,
  "9": 0.07578742504119873,
  "10": 0.07617797702550888,
  "11": 0.07631826400756836,
  "12": 0.07961464673280716
}