epoch,train_loss,loss_bce,loss_div,val_loss,val_f1,val_auroc
1,0.5895103812217712,0.5895103812217712,0.0,0.570817502496414,0.8460508701472557,0.6780132085855806
2,0.5754769403578305,0.5754769403578305,0.0,0.5617817946971154,0.8460508701472557,0.6941937259218491
3,0.575197323884179,0.575197323884179,0.0,0.5513614769117462,0.8460508701472557,0.7025041276829939
4,0.5535183450797709,0.5535183450797709,0.0,0.5492849484466344,0.8460508701472557,0.7068519537699505
5,0.5501765990402641,0.5501765990402641,0.0,0.5625177703261929,0.8460508701472557,0.7168684645019262
6,0.551488811740788,0.551488811740788,0.0,0.5403969250878713,0.8460508701472557,0.7364887176664832
