f1,f1_macro,f1_weighted,balanced_accuracy,precision,recall,auroc,auprc,timepoint,n
0.6898550724637681,0.6092447168486241,0.6425035348996276,0.6516973125884017,0.8321678321678322,0.5891089108910891,0.7187057991513437,0.8392012026091379,14_month,286
0.8286445012787724,0.6800565163736519,0.7685414961486113,0.7321335419926969,0.9101123595505618,0.7605633802816901,0.7261780559902625,0.8686101681822358,36_month,267
