{
  "threshold": 0.25,
  "f1": 0.7635869565217391,
  "f1_macro": 0.6466583431257344,
  "f1_weighted": 0.7052283718973317,
  "balanced_accuracy": 0.6936266806355859,
  "precision": 0.8753894080996885,
  "recall": 0.6771084337349398,
  "auroc": 0.7315261044176706,
  "auprc": 0.855080621591235
}