f1,f1_macro,f1_weighted,balanced_accuracy,precision,recall,auroc,auprc,timepoint,n
0.6666666666666666,0.5788576300085251,0.6101418212065673,0.5989017178259646,0.7595419847328244,0.5940298507462687,0.6296817797803436,0.7418754795681539,14_month,494
0.7994143484626647,0.6372550669516388,0.7279543261018736,0.6690008361204014,0.8666666666666667,0.7418478260869565,0.7324937290969898,0.8855208839272656,36_month,472
