{
  "threshold": 0.25,
  "f1": 0.7375,
  "f1_macro": 0.6110812883435583,
  "f1_weighted": 0.6686633102160575,
  "balanced_accuracy": 0.6360843533146916,
  "precision": 0.8180242634315424,
  "recall": 0.6714082503556188,
  "auroc": 0.6826041570888479,
  "auprc": 0.8233299235545171
}