{
  "threshold_sec": 1.0,
  "f1": 0.8679245283018868,
  "f1_macro": 0.643718361711919,
  "f1_weighted": 0.7560241630598775,
  "balanced_accuracy": 0.626881438798673,
  "precision": 0.8045267489711934,
  "recall": 0.9421686746987952,
  "auroc": 0.6947965776148071,
  "auprc": 0.8443522612049262
}