f1,f1_macro,f1_weighted,balanced_accuracy,precision,recall,auroc,auprc,timepoint,n
0.8122503328894807,0.6086568120143606,0.681192155484039,0.60616727682343,0.7331730769230769,0.9104477611940298,0.6640289120435559,0.782845610305753,14_month,494
0.8911138923654568,0.6455569461827284,0.7829023567595087,0.62311872909699,0.8259860788863109,0.967391304347826,0.7054504598662207,0.8738273710555892,36_month,472
