f1,f1_macro,f1_weighted,balanced_accuracy,precision,recall,auroc,auprc,timepoint,n
0.8392857142857143,0.6293202764976958,0.7159493732074377,0.6201084394153702,0.7642276422764228,0.9306930693069307,0.6863507779349364,0.8136280555097819,14_month,286
0.8962472406181016,0.6580001635189273,0.7998776363982109,0.6339332290036516,0.8458333333333333,0.9530516431924883,0.6898365501651886,0.8703049278565809,36_month,267
