{
  "threshold_sec": 1.0,
  "f1": 0.8529032258064516,
  "f1_macro": 0.6280222935314981,
  "f1_weighted": 0.7304525318347895,
  "balanced_accuracy": 0.6165158554592215,
  "precision": 0.7804014167650531,
  "recall": 0.9402560455192034,
  "auroc": 0.6876964016247586,
  "auprc": 0.8311342561645798
}