{
  "threshold_sec": 0.1,
  "f1": 0.8914473684210527,
  "precision": 0.928082191780822,
  "recall": 0.8575949367088608,
  "auroc": 0.8805861309851404,
  "auprc": 0.9391939610449554
}