{
  "n_eligible": 370,
  "tau": 0.55,
  "audio_only": {
    "n": 370,
    "n_pos": 298,
    "f1": 0.8895612708018155,
    "precision": 0.8099173553719008,
    "recall": 0.9865771812080537,
    "threshold": 0.57,
    "auroc": 0.8064410887397465,
    "auprc": 0.9430366610798477
  },
  "always_fuse": {
    "n": 370,
    "n_pos": 298,
    "f1": 0.8803680981595092,
    "precision": 0.8107344632768362,
    "recall": 0.9630872483221476,
    "threshold": 0.6,
    "auroc": 0.7297259507829977,
    "auprc": 0.9210044253343924
  },
  "gated_av_subset": {
    "n": 370,
    "n_pos": 298,
    "f1": 0.8817204301075269,
    "precision": 0.8130311614730878,
    "recall": 0.9630872483221476,
    "threshold": 0.605,
    "auroc": 0.7297259507829977,
    "auprc": 0.9210044253343924
  }
}