{
  "14_month": 0.7899999999999999,
  "36_month": 0.21999999999999997
}