epoch,train_loss,loss_bce,loss_div,val_loss,val_f1,val_auroc
1,0.5559489106313443,0.5559489106313443,0.0,0.46022855731097917,0.8945686900958466,0.8685017421602788
2,0.4582064304710694,0.4582064304710694,0.0,0.4004505816702695,0.8979591836734694,0.8806271777003484
3,0.43468177506149236,0.43468177506149236,0.0,0.38101348120151257,0.9078498293515358,0.8922299651567945
4,0.4319581322529366,0.4319581322529366,0.0,0.4637104615867523,0.8406909788867563,0.8896864111498258
5,0.4164551859459197,0.4164551859459197,0.0,0.46201459848796056,0.8710166919575114,0.8923344947735191
6,0.4081999990354541,0.4081999990354541,0.0,0.39118946504415775,0.8752260397830018,0.8920209059233449
7,0.4046159477537157,0.4046159477537157,0.0,0.37638537054977717,0.8903225806451613,0.8918118466898955
8,0.40132149032474507,0.40132149032474507,0.0,0.37798890199882845,0.8878205128205128,0.893588850174216
