f1,f1_macro,f1_weighted,balanced_accuracy,precision,recall,auroc,auprc,timepoint,n
0.724191063174114,0.6524936580507572,0.681279233341919,0.6967642552350198,0.8639705882352942,0.623342175066313,0.698889566205908,0.7975673663215013,14_month,538
0.7584187408491947,0.6372738865536296,0.7068375333561611,0.7250096751428506,0.925,0.6426799007444168,0.7351287363125184,0.8850544141724552,36_month,512
