f1,f1_macro,f1_weighted,balanced_accuracy,precision,recall,auroc,auprc,timepoint,n
0.7735849056603774,0.7302707136997539,0.7444980030298858,0.7672599139990445,0.9044117647058824,0.6758241758241759,0.7692307692307693,0.8367260182942415,14_month,274
0.7485029940119761,0.6382964408262127,0.6994266382964408,0.72635105351318,0.9259259259259259,0.628140703517588,0.7378118663492903,0.8782709420062146,36_month,256
