{
  "threshold": 0.10500000000000001,
  "f1": 0.7417417417417418,
  "f1_macro": 0.6469125375375375,
  "f1_weighted": 0.6929724367224368,
  "balanced_accuracy": 0.7092592592592593,
  "precision": 0.894927536231884,
  "recall": 0.6333333333333333,
  "auroc": 0.7150902184235519,
  "auprc": 0.8412898280304045
}