{
  "threshold": 0.10500000000000001,
  "f1": 0.7607361963190185,
  "f1_macro": 0.689191627571274,
  "f1_weighted": 0.7205092501174565,
  "balanced_accuracy": 0.7482781095316106,
  "precision": 0.915129151291513,
  "recall": 0.6509186351706037,
  "auroc": 0.7532808398950132,
  "auprc": 0.853830506976823
}