f1,f1_macro,f1_weighted,balanced_accuracy,precision,recall,auroc,auprc,timepoint,n
0.7763975155279503,0.728906722365745,0.7445058880029658,0.7618848542761587,0.8928571428571429,0.6868131868131868,0.7759197324414715,0.8379988448513327,14_month,274
0.7418397626112759,0.6223484527342094,0.6886287886816448,0.7000352640394958,0.9057971014492754,0.628140703517588,0.7362249845719827,0.8963508868653385,36_month,256
