{
  "threshold_sec": 0.4,
  "f1": 0.7494423791821562,
  "f1_macro": 0.6515423816440582,
  "f1_weighted": 0.6990938090197057,
  "balanced_accuracy": 0.7101139601139601,
  "precision": 0.8920353982300885,
  "recall": 0.6461538461538462,
  "auroc": 0.7434781576448244,
  "auprc": 0.8781746260487553
}