f1,f1_macro,f1_weighted,balanced_accuracy,precision,recall,auroc,auprc,timepoint,n
0.732824427480916,0.6585737339304818,0.6883844213038902,0.700289964907656,0.8633093525179856,0.636604774535809,0.7291217028848214,0.8477944535042806,14_month,538
0.7652173913043478,0.6400937255922936,0.7119420805128873,0.7220388371616546,0.9198606271777003,0.6550868486352357,0.7584629043640585,0.9049803246190394,36_month,512
