{
  "threshold_sec": 0.4,
  "f1": 0.7587253414264037,
  "f1_macro": 0.6811083066234263,
  "f1_weighted": 0.7150840652541636,
  "balanced_accuracy": 0.7341242579576882,
  "precision": 0.8992805755395683,
  "recall": 0.6561679790026247,
  "auroc": 0.7572530782645459,
  "auprc": 0.8653242592616995
}