{
  "fold": 2,
  "k": 3,
  "seed": 42,
  "n_total": 3145,
  "n_train": 1554,
  "n_val": 456,
  "n_test": 1135,
  "n_children_train": 67,
  "n_children_val": 18,
  "n_children_test": 45,
  "test_children": [
    "A1H3H9Y3T1",
    "A2P7X9N8L7",
    "A3G3T7I1A5",
    "A5X1S7S1E7",
    "A6Y4Y7X2G1",
    "A8P5O6Z7X6",
    "B1L0B3F6F1",
    "B1S3L8Q7Y6",
    "B8I6G9P2G8",
    "C1G1X2G4C6",
    "C4C7T6W2I0",
    "D7O9E3F9P9",
    "E3O3H8O7H4",
    "E7G3N4A1K5",
    "E7Z4G3O5K2",
    "F3N4H0K1Z1",
    "J3J0V4T8C3",
    "J4J6X7C4D9",
    "K2F6S2Q7M8",
    "L0B0Q5O3Q3",
    "L3F0P2N3D1",
    "L4K0P3T4Q8",
    "L4M1H7J7G3",
    "L6F2P7K8P1",
    "L7Z6Q2U6Y6",
    "M5Y0K3C9L0",
    "N2H7T0A7U5",
    "N4U1A5H1W0",
    "N6O9P4J0Q2",
    "Q9W9P7Z3J7",
    "R6G4I3H3J0",
    "S0M6Z7D5X7",
    "S2C4T1Y7V7",
    "S4C2W1M7Q0",
    "S4O9O2E5Z0",
    "S9B3J7I4R1",
    "T1G8F8W8Y8",
    "U6O5F2B7T5",
    "V7D7K3H8B4",
    "V9X2Q7S1E1",
    "W3P0N4W0X9",
    "W7P7J6H1H6",
    "W9S0D6Q7Z5",
    "Y4W4H9A8X5",
    "Z3H6O7C3O9"
  ],
  "val_children": [
    "C1I8N8L4Q4",
    "C3A8Q4J6E5",
    "F3M5F9D2S1",
    "F8N7H3T0O1",
    "G4J8F6F4X0",
    "K6O1J5K7Z0",
    "K7C7T5A2H9",
    "L0C6T6H2C6",
    "L4M8P2T7S0",
    "N3C7S2N8O0",
    "P3A4R4S2O3",
    "R4O0P4P3J4",
    "R6R8Q6A7K0",
    "S6T9X3C8Y2",
    "T4R5V7C3L6",
    "Y6Z4H0C5U2",
    "Z6Z0I5G6A6",
    "Z7I5F2E1L4"
  ],
  "labels_train": {
    "1": 1167,
    "0": 387
  },
  "labels_val": {
    "1": 339,
    "0": 117
  },
  "labels_test": {
    "1": 824,
    "0": 311
  },
  "test_prevalence": 0.7259911894273128,
  "train_prevalence": 0.750965250965251
}