{
  "threshold_sec": 0.5,
  "f1": 0.8640208197787899,
  "f1_macro": 0.580158558037543,
  "f1_weighted": 0.722863577298955,
  "balanced_accuracy": 0.5783489929468082,
  "precision": 0.7830188679245284,
  "recall": 0.9637155297532656,
  "auroc": 0.6709921574618695,
  "auprc": 0.8416386047847748
}