f1,f1_macro,f1_weighted,balanced_accuracy,precision,recall,auroc,auprc,timepoint,n
0.7965116279069767,0.5551185590515275,0.6384695290150683,0.5662557077625571,0.7061855670103093,0.9133333333333333,0.6723287671232877,0.8106335684608098,14_month,223
0.8947368421052632,0.5873684210526315,0.7912352309344791,0.5753857594348392,0.8547486033519553,0.9386503067484663,0.748094441345975,0.9304291721784226,36_month,196
