{
  "threshold_sec": 0.5,
  "f1": 0.8454810495626822,
  "f1_macro": 0.5740563142550253,
  "f1_weighted": 0.7081492025812425,
  "balanced_accuracy": 0.5717493519802279,
  "precision": 0.7774798927613941,
  "recall": 0.9265175718849841,
  "auroc": 0.7038398939056001,
  "auprc": 0.8708432266956203
}