f1,f1_macro,f1_weighted,balanced_accuracy,precision,recall,auroc,auprc,timepoint,n
0.8292682926829268,0.5607015620718004,0.6639062445773861,0.5748484238315771,0.7268408551068883,0.9652996845425867,0.6578293845224512,0.7903519123810027,14_month,458
0.8961201501877347,0.599320579295548,0.7836078945554025,0.5846310715609937,0.8384074941451991,0.9623655913978495,0.6732635026572735,0.882673409234689,36_month,459
