{
  "0": {
    "precision": 0.6739130434782609,
    "recall": 0.2540983606557377,
    "f1-score": 0.36904761904761907,
    "support": 122.0
  },
  "1": {
    "precision": 0.7977777777777778,
    "recall": 0.9598930481283422,
    "f1-score": 0.8713592233009708,
    "support": 374.0
  },
  "accuracy": 0.7862903225806451,
  "macro avg": {
    "precision": 0.7358454106280193,
    "recall": 0.60699570439204,
    "f1-score": 0.6202034211742949,
    "support": 496.0
  },
  "weighted avg": {
    "precision": 0.7673110487766869,
    "recall": 0.7862903225806451,
    "f1-score": 0.7478067722547834,
    "support": 496.0
  }
}