prob_bin,n,mean_prob,actual_pos_rate,accuracy
"(-0.001, 0.2]",31,0.07668564059185293,0.3225806451612903,0.6774193548387096
"(0.2, 0.4]",12,0.28759878252943355,0.3333333333333333,0.6666666666666666
"(0.4, 0.5]",5,0.4403626561164856,0.2,0.4
"(0.5, 0.6]",5,0.5447171807289124,0.2,0.2
"(0.6, 0.8]",20,0.7029104471206665,0.4,0.4
"(0.8, 1.0]",423,0.9864094364445823,0.8274231678486997,0.8274231678486997
