multi_child,has_interaction,n,accuracy,n_fp,n_fn,fp_rate,fn_rate
False,False,66,0.7272727272727273,12,6,0.5217391304347826,0.13953488372093023
False,True,347,0.8155619596541787,57,7,0.8142857142857143,0.02527075812274368
True,False,15,0.5333333333333333,7,0,0.875,0.0
True,True,68,0.75,15,2,0.7142857142857143,0.0425531914893617
