{
  "threshold_sec": 0.75,
  "f1": 0.8619631901840491,
  "f1_macro": 0.7829552793025509,
  "f1_weighted": 0.8160129826002489,
  "balanced_accuracy": 0.799346363617071,
  "precision": 0.8977635782747604,
  "recall": 0.8289085545722714,
  "auroc": 0.8528999809002356,
  "auprc": 0.9277730436585798
}