f1,precision,recall,auroc,auprc,timepoint,n
0.8192771084337349,0.7120418848167539,0.9645390070921985,0.5958648876066834,0.773675972870576,14_month,200
0.8859416445623343,0.8267326732673267,0.9542857142857143,0.5737451737451736,0.8672836295803081,36_month,212
