f1,precision,recall,auroc,auprc,timepoint,n
0.8458333333333333,0.7574626865671642,0.9575471698113207,0.5853707148551687,0.8306882972582987,14_month,283
0.8532608695652174,0.7621359223300971,0.9691358024691358,0.6255144032921811,0.8455974629040234,36_month,213
