{
  "threshold_sec": 0.1,
  "f1": 0.8490566037735849,
  "precision": 0.759493670886076,
  "recall": 0.9625668449197861,
  "auroc": 0.5993030595248532,
  "auprc": 0.8348417942088557
}