{
  "threshold_sec": 0.1,
  "f1": 0.8547249647390691,
  "precision": 0.7709923664122137,
  "recall": 0.9588607594936709,
  "auroc": 0.581339003164557,
  "auprc": 0.8212566337294912
}