{
  "threshold": 0.1,
  "f1": 0.8401913875598086,
  "precision": 0.8114602587800369,
  "recall": 0.871031746031746,
  "auroc": 0.685434760906459,
  "auprc": 0.8494993262478309
}