f1,precision,recall,auroc,auprc,timepoint,n
0.7491408934707904,0.7124183006535948,0.7898550724637681,0.6256038647342995,0.7533992191514848,14_month,204
0.8766233766233766,0.8490566037735849,0.9060402684563759,0.677260165811291,0.8907428142047068,36_month,183
