f1,f1_macro,f1_weighted,balanced_accuracy,precision,recall,auroc,auprc,timepoint,n
0.780952380952381,0.5829895594601477,0.6619522579205328,0.5798708854108021,0.7427536231884058,0.8232931726907631,0.6268438238937057,0.7729906367631929,14_month,356
0.9,0.6734042553191489,0.823237923626031,0.6607466063348416,0.8830188679245283,0.9176470588235294,0.7497737556561086,0.9239373126896132,36_month,307
