{
  "threshold": 0.1,
  "f1": 0.8146911519198664,
  "precision": 0.782051282051282,
  "recall": 0.8501742160278746,
  "auroc": 0.6553310104529617,
  "auprc": 0.8228392362724632
}