f1,precision,recall,auroc,auprc,timepoint,n
0.792332268370607,0.7085714285714285,0.8985507246376812,0.6257685551163812,0.7550925785854647,14_month,204
0.889589905362776,0.8392857142857143,0.9463087248322147,0.658507698381366,0.8724074110297269,36_month,183
