{
  "threshold_sec": 0.5,
  "f1": 0.8412698412698413,
  "precision": 0.7725947521865889,
  "recall": 0.9233449477351916,
  "auroc": 0.6505400696864111,
  "auprc": 0.8162970647071374
}