f1,precision,recall,auroc,auprc,timepoint,n
0.8078291814946619,0.7275641025641025,0.908,0.622785046728972,0.781821338264516,14_month,357
0.908411214953271,0.8647686832740213,0.9566929133858267,0.7217595396729255,0.9072467824759105,36_month,306
