{
  "threshold_sec": 0.5,
  "f1": 0.8568824065633546,
  "precision": 0.7925801011804384,
  "recall": 0.9325396825396826,
  "auroc": 0.6704914145951881,
  "auprc": 0.84805967999111
}