{
  "threshold": 0.5,
  "f1": 0.0,
  "f1_macro": 0.2019047619047619,
  "f1_weighted": 0.10215706330264802,
  "balanced_accuracy": 0.5,
  "precision": 0.0,
  "recall": 0.0,
  "auroc": 0.5,
  "auprc": 0.747016706443914
}