f1,f1_macro,f1_weighted,balanced_accuracy,precision,recall,auroc,auprc,timepoint,n
0.8410596026490066,0.7538631346578366,0.7839713321256396,0.7521004566210046,0.8355263157894737,0.8466666666666667,0.8435159817351598,0.91256724729609,14_month,223
0.8957055214723927,0.6902770031604388,0.826530612244898,0.6902770031604388,0.8957055214723927,0.8957055214723927,0.7987544153188325,0.9399563959546531,36_month,196
