f1,f1_macro,f1_weighted,balanced_accuracy,precision,recall,auroc,auprc,timepoint,n
0.819935691318328,0.7194916551829735,0.758090236754638,0.7249032373537374,0.8360655737704918,0.804416403785489,0.77401167863615,0.8531390911806955,14_month,458
0.9166666666666666,0.7801724137931034,0.8649237472766884,0.7801724137931034,0.9166666666666666,0.9166666666666666,0.8446112965022865,0.9408436741675412,36_month,459
