{
  "threshold_sec": 1.0,
  "f1": 0.8726207906295754,
  "f1_macro": 0.7504129594173519,
  "f1_weighted": 0.8118500479547947,
  "balanced_accuracy": 0.7548793063937056,
  "precision": 0.880354505169867,
  "recall": 0.865021770682148,
  "auroc": 0.813879764723856,
  "auprc": 0.9059236709647522
}