{
  "threshold_sec": 1.0,
  "f1": 0.8694267515923567,
  "f1_macro": 0.7394752805580831,
  "f1_weighted": 0.803675649302939,
  "balanced_accuracy": 0.7379890288745554,
  "precision": 0.8666666666666667,
  "recall": 0.8722044728434505,
  "auroc": 0.8363524021942251,
  "auprc": 0.9278658247443652
}