epoch,train_loss,loss_bce,loss_div,val_loss,val_f1,val_auroc
1,0.5684004447008545,0.5684004447008545,0.0,,0.0,
2,0.5084630206949385,0.5084630206949385,0.0,,0.0,
3,0.45903150336857934,0.45903150336857934,0.0,,0.0,
4,0.4395549465052882,0.4395549465052882,0.0,,0.0,
5,0.40576702721482594,0.40576702721482594,0.0,,0.0,
6,0.3939297154939647,0.3939297154939647,0.0,,0.0,
