{
  "0": {
    "precision": 0.6172839506172839,
    "recall": 0.4098360655737705,
    "f1-score": 0.49261083743842365,
    "support": 122.0
  },
  "1": {
    "precision": 0.8265060240963855,
    "recall": 0.9171122994652406,
    "f1-score": 0.8694550063371356,
    "support": 374.0
  },
  "accuracy": 0.7923387096774194,
  "macro avg": {
    "precision": 0.7218949873568348,
    "recall": 0.6634741825195056,
    "f1-score": 0.6810329218877796,
    "support": 496.0
  },
  "weighted avg": {
    "precision": 0.7750441431196711,
    "recall": 0.7923387096774194,
    "f1-score": 0.7767634970515652,
    "support": 496.0
  }
}