prob_bin,n,mean_prob,actual_pos_rate,accuracy
"(-0.001, 0.2]",64,0.029448466039107994,0.359375,0.640625
"(0.2, 0.4]",3,0.2969104548295339,0.6666666666666666,0.3333333333333333
"(0.4, 0.5]",3,0.457685927549998,0.6666666666666666,0.3333333333333333
"(0.5, 0.6]",2,0.5417954921722412,0.0,1.0
"(0.6, 0.8]",5,0.7152401804924011,0.2,0.8
"(0.8, 1.0]",419,0.9932035576187626,0.8257756563245824,0.8210023866348448
