multi_child,has_interaction,n,accuracy,n_fp,n_fn,fp_rate,fn_rate
False,False,66,0.8181818181818182,7,5,0.30434782608695654,0.11627906976744186
False,True,347,0.8011527377521613,44,25,0.6285714285714286,0.09025270758122744
True,False,15,0.6666666666666666,5,0,0.625,0.0
True,True,68,0.75,16,1,0.7619047619047619,0.02127659574468085
