{
  "auroc_mean": 0.8467690717984419,
  "auroc_n": 11,
  "auprc_mean": 0.8266132909484594,
  "auprc_n": 11,
  "pearson_mean": 0.5153964690186761,
  "pearson_n": 11,
  "spearman_mean": 0.5523661368329935,
  "spearman_n": 11,
  "n_clips_total": 14,
  "n_pos_clips": 12
}