{
  "fold": 2,
  "k": 5,
  "seed": 42,
  "n_total": 3145,
  "n_train": 1998,
  "n_val": 556,
  "n_test": 591,
  "n_children_train": 79,
  "n_children_val": 24,
  "n_children_test": 27,
  "test_children": [
    "A2P7X9N8L7",
    "A4E8K1L5Y2",
    "B1L0B3F6F1",
    "D7O9E3F9P9",
    "F8V2U5P1A0",
    "G7P6U6U2J5",
    "G8Q8I6N0I3",
    "H3B5L5F8T1",
    "K2F6S2Q7M8",
    "L0B0Q5O3Q3",
    "L4M8P2T7S0",
    "L5V8G4A3K7",
    "L6F2P7K8P1",
    "M5Y0K3C9L0",
    "N1B1A2T8S1",
    "N2H7T0A7U5",
    "N2Z6J3E5Q5",
    "N5I9D3R2M1",
    "O5Q7I1O6N2",
    "Q0Q8H5A0D0",
    "Q9W9P7Z3J7",
    "T2H0J0N2Z5",
    "T4J4L5S2E8",
    "V7G3E2O2E6",
    "W9S0D6Q7Z5",
    "Y5C5R8P9Z5",
    "Z3H6O7C3O9"
  ],
  "val_children": [
    "A3G3T7I1A5",
    "B8I6G9P2G8",
    "C1G1X2G4C6",
    "D8G5K7I0D6",
    "E7G3N4A1K5",
    "F3M5F9D2S1",
    "F6J0V8B6S4",
    "F8N7H3T0O1",
    "J3J0V4T8C3",
    "L5Q0Z1W8S2",
    "M4R4B8C7G8",
    "M5F7G8S4F0",
    "N3C7S2N8O0",
    "O2U2C6W2S9",
    "O6F1J9U1J2",
    "S2C4T1Y7V7",
    "S7F0B6H3A3",
    "S7Y0I2P0S8",
    "S9B3J7I4R1",
    "T1G8F8W8Y8",
    "T4R5V7C3L6",
    "U6O5F2B7T5",
    "V9X2Q7S1E1",
    "X2N4R2N5V8"
  ],
  "labels_train": {
    "1": 1447,
    "0": 551
  },
  "labels_val": {
    "1": 407,
    "0": 149
  },
  "labels_test": {
    "1": 476,
    "0": 115
  },
  "test_prevalence": 0.805414551607445,
  "train_prevalence": 0.7242242242242243
}