{
  "pearson": 0.8917940625705827,
  "spearman": 0.9018930102591044,
  "n": 441
}