f1,precision,recall,auroc,auprc,timepoint,n
0.9016393442622951,0.8505154639175257,0.9593023255813954,0.6377076411960133,0.8852510534132125,36_month,207
