{
  "threshold_sec": 1.0,
  "f1": 0.9032258064516129,
  "precision": 0.8415300546448088,
  "recall": 0.9746835443037974,
  "auroc": 0.7237268177803944,
  "auprc": 0.8808496087232923
}