{
  "threshold_sec": 1.0,
  "f1": 0.9016393442622951,
  "precision": 0.8505154639175257,
  "recall": 0.9593023255813954,
  "auroc": 0.6377076411960133,
  "auprc": 0.8852510534132125
}