f1,precision,recall,auroc,auprc,timepoint,n
0.9032258064516129,0.8415300546448088,0.9746835443037974,0.7237268177803944,0.8808496087232923,36_month,201
