{
  "threshold": 0.1,
  "f1": 0.8351477449455676,
  "precision": 0.7649572649572649,
  "recall": 0.9195205479452054,
  "auroc": 0.5505989093033825,
  "auprc": 0.7437641500448553
}