f1,f1_macro,f1_weighted,balanced_accuracy,precision,recall,auroc,auprc,timepoint,n
0.7938461538461539,0.5479647435897436,0.6338188227054022,0.5600647681710702,0.7049180327868853,0.9084507042253521,0.5431016757479182,0.6803238072133694,14_month,421
0.878740157480315,0.5925232318933107,0.7667088675722651,0.5814383561643836,0.8328358208955224,0.93,0.5532420091324202,0.8179037492204665,36_month,373
