{
  "threshold": 0.1,
  "f1": 0.8344827586206897,
  "precision": 0.7610062893081762,
  "recall": 0.9236641221374046,
  "auroc": 0.5713539574126155,
  "auprc": 0.7750849288495375
}