f1,precision,recall,auroc,auprc,timepoint,n
0.7905405405405406,0.7048192771084337,0.9,0.5462820512820513,0.7240057180468591,14_month,190
0.8802816901408451,0.8223684210526315,0.946969696969697,0.6203463203463204,0.8470633757187643,36_month,167
