{
  "threshold_sec": 0.1,
  "f1": 0.8352745424292846,
  "precision": 0.7404129793510325,
  "recall": 0.9580152671755725,
  "auroc": 0.5582965046203294,
  "auprc": 0.7817650152097989
}