f1,precision,recall,auroc,auprc,timepoint,n
0.7970588235294118,0.6860759493670886,0.9508771929824561,0.6072718026951436,0.763380954190783,14_month,423
0.8769230769230769,0.811965811965812,0.9531772575250836,0.5932789664177396,0.8482711369544366,36_month,372
