f1,precision,recall,auroc,auprc,timepoint,n
0.7987012987012987,0.6910112359550562,0.9461538461538461,0.5586538461538462,0.7633343341259105,14_month,190
0.8737201365187713,0.7950310559006211,0.9696969696969697,0.5523809523809524,0.8049604336658365,36_month,167
