{
  "threshold_sec": 0.1,
  "f1": 0.8360902255639098,
  "precision": 0.7453083109919572,
  "recall": 0.952054794520548,
  "auroc": 0.6067892618321107,
  "auprc": 0.8051920424384985
}