{
  "branch_0": {
    "mean_of_clip_means": 0.055362213402986526,
    "std_of_clip_means": 0.06474627554416656,
    "mean_of_clip_stds": 0.18152350187301636
  },
  "branch_1": {
    "mean_of_clip_means": 0.055362213402986526,
    "std_of_clip_means": 0.06474627554416656,
    "mean_of_clip_stds": 0.13024070858955383
  },
  "branch_2": {
    "mean_of_clip_means": 0.055362213402986526,
    "std_of_clip_means": 0.06474627554416656,
    "mean_of_clip_stds": 0.17557604610919952
  },
  "branch_3": {
    "mean_of_clip_means": 0.055362213402986526,
    "std_of_clip_means": 0.06474627554416656,
    "mean_of_clip_stds": 0.14078864455223083
  },
  "branch_4": {
    "mean_of_clip_means": 0.055362213402986526,
    "std_of_clip_means": 0.06474627554416656,
    "mean_of_clip_stds": 0.003796682693064213
  }
}