epoch,train_loss,loss_bce,loss_div,val_loss,val_f1,val_auroc
1,0.580324906736857,0.5619235755535807,0.018401331183276255,0.5408285255937225,0.853125,0.7136232561764476
2,0.5503876534950015,0.5419814225530972,0.008406230941904288,0.5224829424345201,0.8540031397174255,0.7153768217598006
3,0.5386789887565712,0.5295332066551612,0.00914578210140993,0.5256382939113908,0.865040650406504,0.7223131478450627
4,0.5318362689475074,0.5234270937686419,0.008409175178865446,0.5490766443890756,0.8544600938967136,0.7388746005767283
5,0.5202984144166792,0.51344137448464,0.006857039932039206,0.49422576821508135,0.8636363636363636,0.7544228820824566
6,0.503273130499887,0.4975476794651825,0.005725451034704482,0.49213070050897,0.8535433070866142,0.7774140752864157
7,0.5082133309218869,0.5023599686848856,0.0058533622370013135,0.4872734584624826,0.8571428571428571,0.776128127191957
8,0.4987700579069337,0.49209093210035865,0.006679125806575056,0.5490197585921034,0.8544600938967136,0.8032499415478138
