{
  "audio_only": {
    "auroc": 0.765112863327149,
    "auprc": 0.912392483439755,
    "f1": 0.7588294651866802,
    "precision": 0.9330024813895782,
    "recall": 0.6394557823129252,
    "balanced_accuracy": 0.7320655534941249,
    "threshold": 0.01,
    "n_clips": 742
  },
  "video_only": {
    "auroc": 0.6356237300114851,
    "auprc": 0.8463415456201324,
    "f1": 0.8841463414634146,
    "precision": 0.8011049723756906,
    "recall": 0.9863945578231292,
    "balanced_accuracy": 0.525664811379097,
    "threshold": 0.24757575757575756,
    "n_clips": 742
  },
  "always_fuse": {
    "auroc": 0.8003357187030657,
    "auprc": 0.939801305095697,
    "f1": 0.8892355694227769,
    "precision": 0.8213256484149856,
    "recall": 0.9693877551020408,
    "balanced_accuracy": 0.5820964749536178,
    "threshold": 0.0198989898989899,
    "n_clips": 742
  },
  "gated_av": {
    "auroc": 0.7950956356568601,
    "auprc": 0.9369459840993366,
    "f1": 0.8612040133779264,
    "precision": 0.8470394736842105,
    "recall": 0.8758503401360545,
    "balanced_accuracy": 0.6359771181199753,
    "threshold": 0.0198989898989899,
    "n_clips": 742
  }
}