model,stratum,auroc,auprc,f1,precision,recall,balanced_accuracy,threshold,n_clips
audio_only,multi_person,0.7475580326361756,0.8919870577691784,0.7272727272727273,0.8974358974358975,0.611353711790393,0.7004136980004596,0.01,305
video_only,multi_person,0.6674040450471156,0.8281929751649669,0.859344894026975,0.7689655172413793,0.9737991266375546,0.5461100896345668,0.24757575757575756,305
always_fuse,multi_person,0.7752815444725351,0.9216736532691272,0.8605577689243028,0.7912087912087912,0.9432314410480349,0.5966157205240175,0.0198989898989899,305
gated_av,multi_person,0.7744484026660539,0.917867522045356,0.8263736263736263,0.831858407079646,0.8209606986899564,0.6604803493449782,0.0198989898989899,305
audio_only,low_face_visibility,0.748039463698457,0.853294239412267,0.7327586206896551,0.8673469387755102,0.6343283582089553,0.7069946875790539,0.01,193
video_only,low_face_visibility,0.6619023526435619,0.8047275364416497,0.8136645962732919,0.6968085106382979,0.9776119402985075,0.5057551226916266,0.24757575757575756,193
always_fuse,low_face_visibility,0.7921199089299267,0.8912683366815217,0.8561872909698997,0.7757575757575758,0.9552238805970149,0.6640526182646092,0.0198989898989899,193
gated_av,low_face_visibility,0.748039463698457,0.853294239412267,0.72,0.8901098901098901,0.6044776119402985,0.7174930432582849,0.0198989898989899,193
