model,age_band,auroc,auprc,f1,precision,recall,balanced_accuracy,threshold,n_clips
audio_only,34_38_months,0.7877336981304149,0.9340345241036874,0.7681498829039812,0.9704142011834319,0.6356589147286822,0.7688098495212039,0.01,309
video_only,34_38_months,0.5897552819577443,0.8578272575540203,0.9078014184397163,0.8366013071895425,0.9922480620155039,0.5059279525763793,0.24757575757575756,309
always_fuse,34_38_months,0.8096975224198206,0.9566872314279257,0.9113924050632911,0.8542372881355932,0.9767441860465116,0.5668034655722753,0.0198989898989899,309
gated_av,34_38_months,0.8210974312205501,0.9571731245352022,0.9003831417624522,0.8901515151515151,0.9108527131782945,0.6711126310989513,0.0198989898989899,309
audio_only,14_18_months,0.7529861724036482,0.8957412934927313,0.75177304964539,0.905982905982906,0.6424242424242425,0.7144160047072668,0.01,433
video_only,14_18_months,0.6406295969402765,0.8251959795066218,0.8663101604278075,0.7751196172248804,0.9818181818181818,0.5345984112974405,0.24757575757575756,433
always_fuse,14_18_months,0.7915563401000294,0.9243684419360906,0.8724279835390947,0.7969924812030075,0.9636363636363636,0.5886142983230361,0.0198989898989899,433
gated_av,14_18_months,0.7670344218887908,0.916390180106913,0.8308605341246291,0.813953488372093,0.8484848484848485,0.6135628125919388,0.0198989898989899,433
