epoch,train_loss,loss_bce,loss_div,val_loss,val_f1,val_auroc
1,0.5852200610608589,0.5852200610608589,0.0,0.5783989627925537,0.8460508701472557,0.6271051183269125
2,0.5714960914196038,0.5714960914196038,0.0,0.5762999238243236,0.8460508701472557,0.7514859658778206
3,0.5643890474627657,0.5643890474627657,0.0,0.5666808550291438,0.8460508701472557,0.753137039075399
4,0.5603260552374328,0.5603260552374328,0.0,0.5643804882352701,0.8460508701472557,0.7528068244358834
5,0.5528546764356334,0.5528546764356334,0.0,0.5557350251486572,0.8460508701472557,0.7537149146945514
6,0.5439372058140068,0.5439372058140068,0.0,0.5506959758405066,0.8460508701472557,0.7539625756741883
