{
  "auroc_mean": 0.8823170099655505,
  "auroc_n": 572,
  "auprc_mean": 0.8142619374247411,
  "auprc_n": 572,
  "pearson_mean": 0.6483696185769046,
  "pearson_n": 577,
  "spearman_mean": 0.57891465779476,
  "spearman_n": 577,
  "n_clips_total": 846,
  "n_pos_clips": 618
}