{
  "auroc_mean": 0.8585562641807265,
  "auroc_n": 532,
  "auprc_mean": 0.7825872214987594,
  "auprc_n": 532,
  "pearson_mean": 0.6084410484060089,
  "pearson_n": 536,
  "spearman_mean": 0.5455303480269601,
  "spearman_n": 536,
  "n_clips_total": 795,
  "n_pos_clips": 584
}