epoch,train_loss,val_loss,val_f1,val_auroc,val_threshold
1,0.42460338193778846,0.3530134959353341,0.8585526315789473,0.7948573724387304,0.25
2,0.31450581209835154,0.32401731345388624,0.8495867768595041,0.7997589393330655,0.3
3,0.28266837072464845,0.30957375284698274,0.8515497553017944,0.7954600241060666,0.2
4,0.2670959996045098,0.309249153567685,0.8504983388704319,0.7831257533145841,0.25
5,0.2660462483763695,0.29592802623907727,0.8519134775374376,0.8032141422257935,0.35
6,0.24456974596882514,0.2964049603376124,0.8527918781725888,0.7989554037766171,0.4
