{
  "lr_coefficients": {
    "babar_prob": 1.7946680873552694,
    "vtc_prob": 1.8621501831199077,
    "vtc_kchi_prob": 1.7946680873552694,
    "vbx_prob": 0.24583323077440203,
    "usc_sail_prob": 0.5716122277115869,
    "pyannote_prob": 0.3581282768414889,
    "eend_eda_prob": 0.06711648670470848,
    "sortformer_prob": 1.059883982914648,
    "wavlm_mil_prob": 0.795263881460287,
    "whisper_mil_prob": 2.985330189827913,
    "audio_llm_prob": 0.8091739014669213,
    "n_adults_int": 0.027518907148529396,
    "n_children_int": 0.01954206383137012,
    "n_adults_ge2": -0.017049500802872725,
    "n_children_ge2": -0.41570150696639724,
    "context_unknown": 0.0,
    "has_interaction": -0.02948760910587494,
    "timepoint_is_36m": 0.4630389362563391,
    "face_count_max": 0.1172821550599708,
    "face_count_mean": -0.8486528084239272,
    "face_area_max_norm": 0.7817657446345668,
    "face_area_mean_norm": 0.36758320327992167,
    "face_confidence_mean": 0.1043930403811731,
    "face_track_coverage_ratio": 0.4836948818799617,
    "n_distinct_tracks": 0.006163069061730392,
    "has_any_face": -0.011235974844737654,
    "eligibility_score": 0.8195314042840689
  },
  "gbm_feature_importances": null
}