{
  "threshold_sec": 0.75,
  "f1": 0.7956254272043746,
  "f1_macro": 0.7125586863407251,
  "f1_weighted": 0.750103389479978,
  "balanced_accuracy": 0.7615154684231886,
  "precision": 0.9107981220657277,
  "recall": 0.7063106796116505,
  "auroc": 0.7906397309025068,
  "auprc": 0.891700358208331
}