f1,f1_macro,f1_weighted,balanced_accuracy,precision,recall,auroc,auprc,timepoint,n
0.6968325791855203,0.6478174871975506,0.6644927246779939,0.6867788461538462,0.8461538461538461,0.5923076923076923,0.7168269230769231,0.8306203720206663,14_month,194
0.8099173553719008,0.6906729634002361,0.7616734410627539,0.7856369052992688,0.9545454545454546,0.7033492822966507,0.7854112124221361,0.910991520175799,36_month,262
