{
  "threshold_sec": 0.75,
  "f1": 0.7671232876712328,
  "f1_macro": 0.6762445706648847,
  "f1_weighted": 0.7204881565758701,
  "balanced_accuracy": 0.7406398910823689,
  "precision": 0.9142857142857143,
  "recall": 0.6607669616519174,
  "auroc": 0.7601795123919017,
  "auprc": 0.8813394041746923
}