f1,f1_macro,f1_weighted,balanced_accuracy,precision,recall,auroc,auprc,timepoint,n
0.8108108108108109,0.7517468688200395,0.772166744675585,0.7763372677046709,0.8881578947368421,0.7458563535911602,0.8130650426921145,0.8848698561443833,14_month,538
0.7829360100376411,0.6735838740364528,0.7334802701376062,0.7524771524771525,0.9313432835820895,0.6753246753246753,0.7741382074715408,0.9033233116830349,36_month,597
