{
  "threshold_sec": 0.1,
  "f1": 0.8209366391184573,
  "precision": 0.7268292682926829,
  "recall": 0.9430379746835443,
  "auroc": 0.6712816455696203,
  "auprc": 0.7971589558055253
}