{
  "threshold_sec": 0.1,
  "f1": 0.8364611260053619,
  "precision": 0.7428571428571429,
  "recall": 0.9570552147239264,
  "auroc": 0.7149831504363605,
  "auprc": 0.8425268430717663
}