f1,precision,recall,auroc,auprc,timepoint,n
0.8364611260053619,0.7428571428571429,0.9570552147239264,0.7149831504363605,0.8425268430717663,14_month,234
