f1,precision,recall,auroc,auprc,timepoint,n
0.8209366391184573,0.7268292682926829,0.9430379746835443,0.6712816455696203,0.7971589558055253,14_month,230
