{
  "threshold": 0.20500000000000002,
  "f1": 0.8834278512917454,
  "f1_macro": 0.761402034807666,
  "f1_weighted": 0.8206717170999331,
  "balanced_accuracy": 0.7530626780626781,
  "precision": 0.8686493184634448,
  "recall": 0.8987179487179487,
  "auroc": 0.786951566951567,
  "auprc": 0.8766288863381693
}