{
  "threshold": 0.20500000000000002,
  "f1": 0.8819714656290532,
  "f1_macro": 0.7835462864477445,
  "f1_weighted": 0.826630515825223,
  "balanced_accuracy": 0.778408990822456,
  "precision": 0.8717948717948718,
  "recall": 0.8923884514435696,
  "auroc": 0.7958392784794518,
  "auprc": 0.881637858615825
}