f1,f1_macro,f1_weighted,balanced_accuracy,precision,recall,auroc,auprc,timepoint,n
0.8522875816993464,0.7444717651262005,0.7877584126722962,0.7398141588546386,0.8402061855670103,0.8647214854111406,0.7758538313260952,0.8514572703432706,14_month,538
0.9124087591240876,0.7779865577798656,0.8551743062079931,0.7634256835203861,0.8949880668257757,0.9305210918114144,0.7891046508980809,0.8979689928367838,36_month,512
