f1,f1_macro,f1_weighted,balanced_accuracy,precision,recall,auroc,auprc,timepoint,n
0.8548387096774194,0.7740102639296188,0.8005597534088235,0.7683349259436216,0.8368421052631579,0.8736263736263736,0.7782190635451505,0.8403327250931248,14_month,274
0.9072681704260651,0.7899172710537405,0.8550103480493267,0.7881072026800671,0.905,0.9095477386934674,0.8157453936348409,0.9214417337601583,36_month,256
