f1,f1_macro,f1_weighted,balanced_accuracy,precision,recall,auroc,auprc,timepoint,n
0.8260869565217391,0.7352657004830918,0.7650974999118446,0.7327998088867654,0.8172043010752689,0.8351648351648352,0.7941949354992832,0.8428519870315634,14_month,274
0.9012658227848102,0.7839662447257384,0.8490308544303797,0.7893414440624174,0.9081632653061225,0.8944723618090452,0.8508331129330864,0.9435228869399633,36_month,256
