{
  "threshold_sec": 1.0,
  "f1": 0.8650065530799476,
  "f1_macro": 0.7591026031393004,
  "f1_weighted": 0.8054605585850176,
  "balanced_accuracy": 0.7585742218464302,
  "precision": 0.8638743455497382,
  "recall": 0.8661417322834646,
  "auroc": 0.818448448977435,
  "auprc": 0.8947026339977943
}