{
  "threshold_sec": 1.0,
  "f1": 0.8804071246819338,
  "f1_macro": 0.7621732593106638,
  "f1_weighted": 0.8196011367767093,
  "balanced_accuracy": 0.7584045584045584,
  "precision": 0.8737373737373737,
  "recall": 0.8871794871794871,
  "auroc": 0.8447649572649574,
  "auprc": 0.9270202995281749
}