f1,f1_macro,f1_weighted,balanced_accuracy,precision,recall,auroc,auprc,timepoint,n
0.8525469168900804,0.7596067917783735,0.7969210427525903,0.7633655699622717,0.8617886178861789,0.843501326259947,0.8300574987231657,0.911455475059361,14_month,538
0.9055690072639225,0.7558148066622643,0.8418064765389978,0.7392492089147904,0.8841607565011821,0.9280397022332506,0.8486238532110092,0.9385600163651189,36_month,512
