{
  "threshold": 0.16,
  "f1": 0.8615384615384616,
  "precision": 0.8076923076923077,
  "recall": 0.9230769230769231,
  "auroc": 0.7467071935157041,
  "auprc": 0.8736002895965433
}