{
  "threshold": 0.16,
  "f1": 0.8409286328460877,
  "precision": 0.7725118483412322,
  "recall": 0.9226415094339623,
  "auroc": 0.7110014513788099,
  "auprc": 0.8444863620672004
}