f1,precision,recall,auroc,auprc,timepoint,n
0.8327868852459016,0.7604790419161677,0.9202898550724637,0.748688155922039,0.8664295163972371,14_month,196
0.8928571428571429,0.8620689655172413,0.9259259259259259,0.7343621399176955,0.8859670165733385,36_month,171
