f1,f1_macro,f1_weighted,balanced_accuracy,precision,recall,auroc,auprc,timepoint,n
0.7986230636833046,0.5864773072427218,0.6638221142783509,0.5861907145538732,0.7272727272727273,0.8854961832061069,0.7003503941934677,0.8033360718399664,14_month,384
0.8831615120274914,0.6015807560137457,0.7626020094526912,0.589066653036189,0.8184713375796179,0.9589552238805971,0.7085974238397056,0.8793102952925964,36_month,341
