{
  "threshold_sec": 0.1,
  "f1": 0.85667215815486,
  "precision": 0.7784431137724551,
  "recall": 0.9523809523809523,
  "auroc": 0.7104083859403008,
  "auprc": 0.8570794758502274
}