{
  "threshold_sec": 0.1,
  "f1": 0.8514522821576763,
  "precision": 0.76,
  "recall": 0.9679245283018868,
  "auroc": 0.6924528301886792,
  "auprc": 0.8506190629548867
}