f1,precision,recall,auroc,auprc,timepoint,n
0.8301886792452831,0.7333333333333333,0.9565217391304348,0.6814092953523239,0.835397814937622,14_month,196
0.8858131487889274,0.8311688311688312,0.9481481481481482,0.7412551440329218,0.880100349928147,36_month,171
