f1,precision,recall,auroc,auprc,timepoint,n
0.8235294117647058,0.7220630372492837,0.9581749049429658,0.6747335286417753,0.8018625914236539,14_month,385
0.8802698145025295,0.8006134969325154,0.9775280898876404,0.7014262993176339,0.891114043062311,36_month,340
