{
  "14_month": 0.9099999999999999,
  "36_month": 0.5149999999999999
}