f1,precision,recall,auroc,auprc,timepoint,n
0.8823529411764706,0.9121621621621622,0.8544303797468354,0.8680555555555556,0.9081166605812916,14_month,230
0.9023569023569024,0.9640287769784173,0.8481012658227848,0.8589196349720342,0.9299868704439005,36_month,201
