f1,precision,recall,auroc,auprc,timepoint,n
0.8859934853420195,0.912751677852349,0.8607594936708861,0.873945147679325,0.9217369972576182,14_month,230
0.8963210702341137,0.950354609929078,0.8481012658227848,0.8458934353841625,0.9299861221360382,36_month,201
