{
  "auroc_mean": 0.8118365387927461,
  "auroc_n": 304,
  "auprc_mean": 0.698798807228229,
  "auprc_n": 304,
  "pearson_mean": 0.46774415717936496,
  "pearson_n": 307,
  "spearman_mean": 0.45429308742120655,
  "spearman_n": 307,
  "n_clips_total": 441,
  "n_pos_clips": 335
}