{
  "auroc_mean": 0.8290882753865066,
  "auroc_n": 304,
  "auprc_mean": 0.7314215676168084,
  "auprc_n": 304,
  "pearson_mean": 0.5183143649911599,
  "pearson_n": 307,
  "spearman_mean": 0.4869339475839171,
  "spearman_n": 307,
  "n_clips_total": 441,
  "n_pos_clips": 335
}