{
  "0": {
    "precision": 0.7058823529411765,
    "recall": 0.39344262295081966,
    "f1-score": 0.5052631578947369,
    "support": 122.0
  },
  "1": {
    "precision": 0.8271028037383178,
    "recall": 0.946524064171123,
    "f1-score": 0.8827930174563591,
    "support": 374.0
  },
  "accuracy": 0.8104838709677419,
  "macro avg": {
    "precision": 0.7664925783397472,
    "recall": 0.6699833435609713,
    "f1-score": 0.694028087675548,
    "support": 496.0
  },
  "weighted avg": {
    "precision": 0.7972864831793436,
    "recall": 0.8104838709677419,
    "f1-score": 0.7899328503867664,
    "support": 496.0
  }
}