prob_bin,n,mean_prob,actual_pos_rate,accuracy
"(-0.001, 0.2]",27,0.0573852929391444,0.25925925925925924,0.7407407407407407
"(0.2, 0.4]",11,0.3028391897678375,0.09090909090909091,0.9090909090909091
"(0.4, 0.5]",9,0.4367600083351135,0.3333333333333333,0.6666666666666666
"(0.5, 0.6]",11,0.5405883518132296,0.36363636363636365,0.6363636363636364
"(0.6, 0.8]",23,0.7103825574335845,0.4782608695652174,0.4782608695652174
"(0.8, 1.0]",415,0.9818622902215245,0.8385542168674699,0.8385542168674699
