multi_child,has_interaction,n,accuracy,n_fp,n_fn,fp_rate,fn_rate
False,False,66,0.7878787878787878,7,7,0.30434782608695654,0.16279069767441862
False,True,347,0.8357348703170029,45,12,0.6428571428571429,0.04332129963898917
True,False,15,0.6,6,0,0.75,0.0
True,True,68,0.75,16,1,0.7619047619047619,0.02127659574468085
