task,n,pos_rate,accuracy,fp_rate,fn_rate,mean_n_children,pct_interaction
specialoccasion,13,0.46153846153846156,0.46153846153846156,1.0,0.0,2.076923076923077,0.8461538461538461
other,36,0.6111111111111112,0.6388888888888888,0.5714285714285714,0.22727272727272727,1.1111111111111112,0.3611111111111111
motorplay,83,0.6144578313253012,0.6987951807228916,0.71875,0.0392156862745098,1.5060240963855422,0.7951807228915663
toyplay,97,0.6804123711340206,0.7938144329896907,0.5161290322580645,0.06060606060606061,1.1958762886597938,0.7731958762886598
dailyroutine,50,0.82,0.82,0.6666666666666666,0.07317073170731707,1.06,0.86
socialroutine,22,0.9545454545454546,0.8636363636363636,1.0,0.09523809523809523,1.1818181818181819,0.9545454545454546
bookshare,10,0.7,0.9,0.3333333333333333,0.0,1.1,0.8
generalsocialcommunicationinteraction,184,0.8641304347826086,0.9130434782608695,0.48,0.025157232704402517,1.1793478260869565,0.9619565217391305
unknown,1,1.0,1.0,0.0,0.0,1.0,1.0
