{
  "threshold": 0.14500000000000002,
  "f1": 0.8922056384742952,
  "precision": 0.9372822299651568,
  "recall": 0.8512658227848101,
  "auroc": 0.8642817831590535,
  "auprc": 0.9188745311369907
}