f1,precision,recall,auroc,auprc,timepoint,n
0.8706624605678234,0.8961038961038961,0.8466257668711656,0.8257582303637778,0.8966874932079061,14_month,234
0.8722741433021807,0.9395973154362416,0.813953488372093,0.8274086378737542,0.9492638139956718,36_month,207
