f1,precision,recall,auroc,auprc,timepoint,n
0.86875,0.8853503184713376,0.852760736196319,0.8261470664477664,0.8940536789497637,14_month,234
0.8792569659442725,0.9403973509933775,0.8255813953488372,0.8106312292358805,0.9420022366061511,36_month,207
