{
  "config": {
    "B": 2000,
    "seed": 42,
    "ci_low": 2.5,
    "ci_high": 97.5,
    "method": "cluster bootstrap by child_id"
  },
  "results": [
    {
      "system": "metadata_stacker",
      "threshold": 0.6,
      "n_clips": 441,
      "n_children": 109,
      "auroc": 0.9043649676147564,
      "auroc_lo": 0.8672166322338879,
      "auroc_hi": 0.9354300015053543,
      "auprc": 0.9662527427611722,
      "auprc_lo": 0.9489541578481971,
      "auprc_hi": 0.9796987795877932,
      "f1": 0.9052631578947369,
      "f1_lo": 0.879640830845022,
      "f1_hi": 0.9277323558036408,
      "auroc_14m": 0.8982113540136525,
      "auroc_14m_lo": 0.8494348128892804,
      "auroc_14m_hi": 0.9379844699554195,
      "auroc_36m": 0.8996677740863788,
      "auroc_36m_lo": 0.8408429241261721,
      "auroc_36m_hi": 0.9495423766108676
    },
    {
      "system": "best_audio_mil_mean (baseline, thr=0.5)",
      "threshold": 0.5,
      "n_clips": 441,
      "n_children": 109,
      "auroc": 0.878231484088989,
      "auroc_lo": 0.8405319200462832,
      "auroc_hi": 0.9138774532208985,
      "auprc": 0.9558898217513747,
      "auprc_lo": 0.9357501284142828,
      "auprc_hi": 0.9723614972007006,
      "f1": 0.8690095846645367,
      "f1_lo": 0.8357696571720963,
      "f1_hi": 0.900883037354562,
      "auroc_14m": 0.8820098505141276,
      "auroc_14m_lo": 0.8256598411525439,
      "auroc_14m_hi": 0.9277382621595864,
      "auroc_36m": 0.8640365448504983,
      "auroc_36m_lo": 0.7973438058446337,
      "auroc_36m_hi": 0.9226198768981277
    },
    {
      "system": "whisper_mil",
      "threshold": 0.5,
      "n_clips": 441,
      "n_children": 109,
      "auroc": 0.853083638411715,
      "auroc_lo": 0.806068444434937,
      "auroc_hi": 0.8933567743425637,
      "auprc": 0.9456815867691774,
      "auprc_lo": 0.9190666036023627,
      "auprc_hi": 0.9655614344096898,
      "f1": 0.8859649122807017,
      "f1_lo": 0.8554019126389247,
      "f1_hi": 0.9121341615041139,
      "auroc_14m": 0.8292577551196751,
      "auroc_14m_lo": 0.7622100874418186,
      "auroc_14m_hi": 0.8878849023961092,
      "auroc_36m": 0.8754152823920266,
      "auroc_36m_lo": 0.8109019480438673,
      "auroc_36m_hi": 0.9314465525793652
    },
    {
      "system": "babar",
      "threshold": 0.14500000000000002,
      "n_clips": 441,
      "n_children": 109,
      "auroc": 0.826034919740918,
      "auroc_lo": 0.7785049765572791,
      "auroc_hi": 0.869351102304346,
      "auprc": 0.922791163208275,
      "auprc_lo": 0.894646131122488,
      "auprc_hi": 0.9479063901014632,
      "f1": 0.8714733542319749,
      "f1_lo": 0.8393311929994034,
      "f1_hi": 0.9007199573674394,
      "auroc_14m": 0.8257582303637778,
      "auroc_14m_lo": 0.7633926487653295,
      "auroc_14m_hi": 0.8821208668681049,
      "auroc_36m": 0.8274086378737542,
      "auroc_36m_lo": 0.7541380448426611,
      "auroc_36m_hi": 0.8922378290124678
    }
  ]
}