{
  "lr_coefficients": {
    "babar_prob": 1.4978200269190876,
    "vtc_prob": 1.7330577514511318,
    "vtc_kchi_prob": 1.4978200269190876,
    "vbx_prob": 0.21539249130058633,
    "usc_sail_prob": 0.5473578545496005,
    "pyannote_prob": 0.30972349312437963,
    "eend_eda_prob": 0.09897338735086764,
    "sortformer_prob": 1.101011151402284,
    "wavlm_mil_prob": 0.8001612097597729,
    "whisper_mil_prob": 2.9165482430742657,
    "audio_llm_prob": 0.7728797651308075,
    "speaker_informed_av_prob": 1.4938828050902038,
    "n_adults_int": -0.04611222332398287,
    "n_children_int": 0.01459978448700673,
    "n_adults_ge2": -0.015488781724038397,
    "n_children_ge2": -0.4867394343111654,
    "context_unknown": 0.0,
    "has_interaction": -0.008586972824507561,
    "timepoint_is_36m": 0.4527016037536256
  },
  "gbm_feature_importances": null
}