{
  "0": {
    "precision": 0.6666666666666666,
    "recall": 0.5245901639344263,
    "f1-score": 0.5871559633027523,
    "support": 122.0
  },
  "1": {
    "precision": 0.855,
    "recall": 0.9144385026737968,
    "f1-score": 0.8837209302325582,
    "support": 374.0
  },
  "accuracy": 0.8185483870967742,
  "macro avg": {
    "precision": 0.7608333333333333,
    "recall": 0.7195143333041115,
    "f1-score": 0.7354384467676552,
    "support": 496.0
  },
  "weighted avg": {
    "precision": 0.8086760752688171,
    "recall": 0.8185483870967742,
    "f1-score": 0.8107755149796624,
    "support": 496.0
  }
}