prob_bin,n,mean_prob,actual_pos_rate,accuracy
"(-0.001, 0.2]",51,0.11075191426218721,0.35294117647058826,0.6470588235294118
"(0.2, 0.4]",51,0.3008188859504812,0.3137254901960784,0.6470588235294118
"(0.4, 0.5]",14,0.4557291588612965,0.5,0.5
"(0.5, 0.6]",18,0.5577151676019033,0.8333333333333334,0.8333333333333334
"(0.6, 0.8]",54,0.7024250604488231,0.6481481481481481,0.6481481481481481
"(0.8, 1.0]",308,0.9667906892764104,0.9188311688311688,0.9188311688311688
