multi_child,has_interaction,n,accuracy,n_fp,n_fn,fp_rate,fn_rate
False,False,66,0.803030303030303,8,5,0.34782608695652173,0.11627906976744186
False,True,347,0.8357348703170029,31,26,0.44285714285714284,0.09386281588447654
True,False,15,0.6666666666666666,5,0,0.625,0.0
True,True,68,0.7794117647058824,14,1,0.6666666666666666,0.02127659574468085
