task,n,pos_rate,accuracy,fp_rate,fn_rate,mean_n_children,pct_interaction
specialoccasion,13,0.46153846153846156,0.46153846153846156,1.0,0.0,2.076923076923077,0.8461538461538461
other,36,0.6111111111111112,0.6944444444444444,0.5714285714285714,0.13636363636363635,1.1111111111111112,0.3611111111111111
motorplay,83,0.6144578313253012,0.7108433734939759,0.59375,0.09803921568627451,1.5060240963855422,0.7951807228915663
bookshare,10,0.7,0.8,0.3333333333333333,0.14285714285714285,1.1,0.8
toyplay,97,0.6804123711340206,0.8041237113402062,0.3870967741935484,0.10606060606060606,1.1958762886597938,0.7731958762886598
dailyroutine,50,0.82,0.82,0.3333333333333333,0.14634146341463414,1.06,0.86
socialroutine,22,0.9545454545454546,0.9090909090909091,0.0,0.09523809523809523,1.1818181818181819,0.9545454545454546
generalsocialcommunicationinteraction,184,0.8641304347826086,0.9130434782608695,0.32,0.050314465408805034,1.1793478260869565,0.9619565217391305
unknown,1,1.0,1.0,0.0,0.0,1.0,1.0
