f1,f1_macro,f1_weighted,balanced_accuracy,precision,recall,auroc,auprc,timepoint,n
0.7688622754491018,0.4840161999652148,0.582494582939198,0.5115519839276745,0.678646934460888,0.8867403314917127,0.5638184329482672,0.7198851346709128,14_month,538
0.8465396188565697,0.5349449363318382,0.7056174006293042,0.5381914381914382,0.788785046728972,0.9134199134199135,0.620739137405804,0.8421628953213802,36_month,597
