{
  "threshold_sec": 1.0,
  "f1": 0.8448500651890483,
  "f1_macro": 0.5120802050083172,
  "f1_weighted": 0.674086584306831,
  "balanced_accuracy": 0.5334316617502458,
  "precision": 0.7570093457943925,
  "recall": 0.9557522123893806,
  "auroc": 0.541222297859466,
  "auprc": 0.7636710947337167
}