{
  "threshold_sec": 1.0,
  "f1": 0.8111353711790393,
  "f1_macro": 0.510590516639748,
  "f1_weighted": 0.6464314949469343,
  "balanced_accuracy": 0.5248044984859364,
  "precision": 0.7371031746031746,
  "recall": 0.9016990291262136,
  "auroc": 0.5940807136390597,
  "auprc": 0.7875723522581606
}