f1,f1_macro,f1_weighted,balanced_accuracy,precision,recall,auroc,auprc,timepoint,n
0.7987012987012987,0.5118506493506494,0.6094390145936538,0.5433894230769231,0.6910112359550562,0.9461538461538461,0.5772235576923077,0.7194745816784356,14_month,194
0.8758169934640523,0.4994469582704877,0.7235451471643658,0.5185970930757425,0.804,0.9617224880382775,0.4840660828744245,0.7979165826424358,36_month,262
