{
  "branch_0": {
    "mean_of_clip_means": 0.05744538828730583,
    "std_of_clip_means": 0.07932700961828232,
    "mean_of_clip_stds": 0.12243647128343582
  },
  "branch_1": {
    "mean_of_clip_means": 0.05744538828730583,
    "std_of_clip_means": 0.07932700216770172,
    "mean_of_clip_stds": 0.09832189977169037
  },
  "branch_2": {
    "mean_of_clip_means": 0.05744538828730583,
    "std_of_clip_means": 0.07932700216770172,
    "mean_of_clip_stds": 0.16958792507648468
  },
  "branch_3": {
    "mean_of_clip_means": 0.05744538828730583,
    "std_of_clip_means": 0.07932700216770172,
    "mean_of_clip_stds": 0.1508009433746338
  },
  "branch_4": {
    "mean_of_clip_means": 0.05744538828730583,
    "std_of_clip_means": 0.07932700216770172,
    "mean_of_clip_stds": 0.05726095288991928
  }
}