{
  "auroc_mean": 0.925056125999383,
  "auroc_n": 43,
  "auprc_mean": 0.9191034064009672,
  "auprc_n": 43,
  "pearson_mean": 0.7632255793310875,
  "pearson_n": 43,
  "spearman_mean": 0.6706186981937587,
  "spearman_n": 43,
  "n_clips_total": 54,
  "n_pos_clips": 45
}