{
  "0": {
    "precision": 0.5925925925925926,
    "recall": 0.26229508196721313,
    "f1-score": 0.36363636363636365,
    "support": 122.0
  },
  "1": {
    "precision": 0.7963800904977375,
    "recall": 0.9411764705882353,
    "f1-score": 0.8627450980392157,
    "support": 374.0
  },
  "accuracy": 0.7741935483870968,
  "macro avg": {
    "precision": 0.694486341545165,
    "recall": 0.6017357762777242,
    "f1-score": 0.6131907308377897,
    "support": 496.0
  },
  "weighted avg": {
    "precision": 0.7462549398033268,
    "recall": 0.7741935483870968,
    "f1-score": 0.739980449657869,
    "support": 496.0
  }
}