prob_bin,n,mean_prob,actual_pos_rate,accuracy
"(0.2, 0.4]",27,0.3471326419600734,0.37037037037037035,0.6296296296296297
"(0.4, 0.5]",27,0.4572921770590323,0.4444444444444444,0.5555555555555556
"(0.5, 0.6]",44,0.5490551035512578,0.5454545454545454,0.5454545454545454
"(0.6, 0.8]",95,0.7139035061786049,0.5894736842105263,0.5894736842105263
"(0.8, 1.0]",303,0.9301820718022463,0.8976897689768977,0.8976897689768977
