multi_child,has_interaction,n,accuracy,n_fp,n_fn,fp_rate,fn_rate
False,False,66,0.7424242424242424,9,8,0.391304347826087,0.18604651162790697
False,True,347,0.7982708933717579,56,14,0.8,0.05054151624548736
True,False,15,0.5333333333333333,7,0,0.875,0.0
True,True,68,0.7352941176470589,18,0,0.8571428571428571,0.0
