{
  "0": {
    "precision": 0.632183908045977,
    "recall": 0.45081967213114754,
    "f1-score": 0.5263157894736842,
    "support": 122.0
  },
  "1": {
    "precision": 0.8361858190709046,
    "recall": 0.9144385026737968,
    "f1-score": 0.8735632183908046,
    "support": 374.0
  },
  "accuracy": 0.8004032258064516,
  "macro avg": {
    "precision": 0.7341848635584408,
    "recall": 0.6826290874024722,
    "f1-score": 0.6999395039322445,
    "support": 496.0
  },
  "weighted avg": {
    "precision": 0.7860079296655796,
    "recall": 0.8004032258064516,
    "f1-score": 0.7881515524071581,
    "support": 496.0
  }
}