prob_bin,n,mean_prob,actual_pos_rate,accuracy
"(-0.001, 0.2]",53,0.08981127948236631,0.37735849056603776,0.6226415094339622
"(0.2, 0.4]",44,0.2940491011196917,0.36363636363636365,0.5909090909090909
"(0.4, 0.5]",15,0.44017179210980734,0.4666666666666667,0.4666666666666667
"(0.5, 0.6]",26,0.5537641827876751,0.5384615384615384,0.5384615384615384
"(0.6, 0.8]",42,0.7169995549179259,0.6190476190476191,0.6190476190476191
"(0.8, 1.0]",316,0.9745941213037395,0.9208860759493671,0.9208860759493671
