multi_child,has_interaction,n,accuracy,n_fp,n_fn,fp_rate,fn_rate
False,False,66,0.7878787878787878,9,5,0.391304347826087,0.11627906976744186
False,True,347,0.8126801152737753,39,26,0.5571428571428572,0.09386281588447654
True,False,15,0.7333333333333333,4,0,0.5,0.0
True,True,68,0.7647058823529411,15,1,0.7142857142857143,0.02127659574468085
