task,n,pos_rate,accuracy,fp_rate,fn_rate,mean_n_children,pct_interaction
specialoccasion,13,0.46153846153846156,0.5384615384615384,0.7142857142857143,0.16666666666666666,2.076923076923077,0.8461538461538461
motorplay,83,0.6144578313253012,0.6746987951807228,0.71875,0.0784313725490196,1.5060240963855422,0.7951807228915663
other,36,0.6111111111111112,0.7222222222222222,0.5714285714285714,0.09090909090909091,1.1111111111111112,0.3611111111111111
toyplay,97,0.6804123711340206,0.7628865979381443,0.5483870967741935,0.09090909090909091,1.1958762886597938,0.7731958762886598
dailyroutine,50,0.82,0.8,0.5555555555555556,0.12195121951219512,1.06,0.86
socialroutine,22,0.9545454545454546,0.8636363636363636,0.0,0.14285714285714285,1.1818181818181819,0.9545454545454546
generalsocialcommunicationinteraction,184,0.8641304347826086,0.8913043478260869,0.36,0.06918238993710692,1.1793478260869565,0.9619565217391305
bookshare,10,0.7,1.0,0.0,0.0,1.1,0.8
unknown,1,1.0,1.0,0.0,0.0,1.0,1.0
