{
  "threshold_sec": 1.0,
  "f1": 0.871007371007371,
  "f1_macro": 0.7473316424929328,
  "f1_weighted": 0.8085471677686062,
  "balanced_accuracy": 0.7491219200681177,
  "precision": 0.87422934648582,
  "recall": 0.8678090575275398,
  "auroc": 0.8185367995316908,
  "auprc": 0.9067603363690984
}