f1,f1_macro,f1_weighted,balanced_accuracy,precision,recall,auroc,auprc,timepoint,n
0.851063829787234,0.7570827170326544,0.7952914317263196,0.762121856044508,0.8633093525179856,0.8391608391608392,0.827409239011449,0.8930894184114637,14_month,610
0.8925831202046036,0.7180306905370843,0.8239186033581675,0.7129001627780792,0.8857868020304569,0.8994845360824743,0.7902875746066197,0.9183442422072907,36_month,483
