f1,f1_macro,f1_weighted,balanced_accuracy,precision,recall,auroc,auprc,timepoint,n
0.851063829787234,0.7822570610924474,0.8020734104765461,0.7774792379091353,0.8333333333333334,0.8695652173913043,0.833310070486426,0.8628149326769501,14_month,250
0.888268156424581,0.7400524455592292,0.8232612656941637,0.736629213483146,0.8833333333333333,0.8932584269662921,0.825,0.9330661447296175,36_month,228
