{
  "threshold_sec": 1.0,
  "f1": 0.8704512372634643,
  "f1_macro": 0.7697981093380519,
  "f1_weighted": 0.8119123888047516,
  "balanced_accuracy": 0.764743957046752,
  "precision": 0.8591954022988506,
  "recall": 0.8820058997050148,
  "auroc": 0.832993781965578,
  "auprc": 0.8983289475493574
}