{
  "threshold": 0.1,
  "f1": 0.8553459119496856,
  "precision": 0.7793696275071633,
  "recall": 0.9477351916376306,
  "auroc": 0.6914459930313589,
  "auprc": 0.849792062617216
}