{
  "threshold": 0.1,
  "f1": 0.8731884057971014,
  "precision": 0.8033333333333333,
  "recall": 0.9563492063492064,
  "auroc": 0.7171683138664271,
  "auprc": 0.8833443397588546
}