f1,precision,recall,auroc,auprc,timepoint,n
0.8126984126984127,0.7231638418079096,0.927536231884058,0.7061374615722442,0.8309528787792622,14_month,204
0.897196261682243,0.8372093023255814,0.9664429530201343,0.6492301618634031,0.8728095983387468,36_month,183
