f1,f1_macro,f1_weighted,balanced_accuracy,precision,recall,auroc,auprc,timepoint,n
0.8368794326241135,0.6076289055012459,0.6990715314884571,0.6047367038246444,0.7492063492063492,0.9477911646586346,0.6880606538302744,0.8241446979922988,14_month,356
0.9111111111111111,0.6312312312312313,0.8162983830736273,0.6073529411764707,0.8631578947368421,0.9647058823529412,0.7392156862745098,0.931151511634123,36_month,307
