f1,precision,recall,auroc,auprc,timepoint,n
0.837696335078534,0.7430340557275542,0.96,0.6780186915887851,0.8172005468679517,14_month,357
0.9077490774907749,0.8541666666666666,0.968503937007874,0.7496592973955178,0.9186348975488174,36_month,306
