{
  "threshold_sec": 0.1,
  "f1": 0.8628659476117103,
  "precision": 0.7734806629834254,
  "recall": 0.975609756097561,
  "auroc": 0.6574738675958188,
  "auprc": 0.8258415365720085
}