f1,precision,recall,auroc,auprc,timepoint,n
0.8271604938271605,0.7204301075268817,0.9710144927536232,0.6617259552042161,0.7772954821668224,14_month,204
0.8984615384615384,0.8295454545454546,0.9798657718120806,0.6277141729174891,0.8693396601027077,36_month,183
