{
  "threshold_sec": 0.1,
  "f1": 0.8717488789237668,
  "precision": 0.795417348608838,
  "recall": 0.9642857142857143,
  "auroc": 0.7115715783168614,
  "auprc": 0.8695949070571232
}