epoch,train_loss,loss_bce,loss_div,val_loss,val_f1,val_auroc
1,0.5754357807156516,0.5754357807156516,0.0,0.5693923978268962,0.8460508701472557,0.7365162355531095
2,0.5518882151965688,0.5518882151965688,0.0,0.547222553681055,0.8460508701472557,0.7421849201981288
3,0.5348960384726524,0.5348960384726524,0.0,0.5322422485824527,0.8460508701472557,0.7544028618602091
4,0.5253751834899913,0.5253751834899913,0.0,0.5328032976305955,0.8517520215633423,0.7725371491469455
5,0.507152659682239,0.507152659682239,0.0,0.5143055254787967,0.8460508701472557,0.8124105668684645
6,0.4955744160021224,0.4955744160021224,0.0,0.5028836743046126,0.8460508701472557,0.8327462850853053
7,0.4756473126571353,0.4756473126571353,0.0,0.5019536729374784,0.8460508701472557,0.846505228398459
8,0.452473541767132,0.452473541767132,0.0,0.49709845928954965,0.8460508701472557,0.8501100715465051
9,0.4444055400970506,0.4444055400970506,0.0,0.48381365268661913,0.8494623655913979,0.8640341221794166
