{
  "auroc_mean": 0.879930766893605,
  "auroc_n": 4,
  "auprc_mean": 0.9300477038778023,
  "auprc_n": 4,
  "pearson_mean": 0.7175207734107971,
  "pearson_n": 4,
  "spearman_mean": 0.6498818099349859,
  "spearman_n": 4,
  "n_clips_total": 18,
  "n_pos_clips": 4
}