{
  "auroc_mean": 0.8531486785037063,
  "auroc_n": 304,
  "auprc_mean": 0.7561946077194246,
  "auprc_n": 304,
  "pearson_mean": 0.5662595531857703,
  "pearson_n": 307,
  "spearman_mean": 0.5240257793859426,
  "spearman_n": 307,
  "n_clips_total": 441,
  "n_pos_clips": 335
}