f1,f1_macro,f1_weighted,balanced_accuracy,precision,recall,auroc,auprc,timepoint,n
0.0,0.26253687315634217,0.1869262536873156,0.5,0.0,0.0,0.5,0.644,14_month,250
0.0,0.17985611510791366,0.07888426101224283,0.5,0.0,0.0,0.5,0.7807017543859649,36_month,228
