{
  "threshold_sec": 0.75,
  "f1": 0.8406742794997281,
  "f1_macro": 0.4981469380207574,
  "f1_weighted": 0.6676870036567347,
  "balanced_accuracy": 0.5219852589005375,
  "precision": 0.7563600782778865,
  "recall": 0.9461444308445532,
  "auroc": 0.5974491334504106,
  "auprc": 0.8177198354366169
}