f1,f1_macro,f1_weighted,balanced_accuracy,precision,recall,auroc,auprc,timepoint,n
0.7427055702917772,0.4770438420564577,0.5535544197882298,0.5078163165608207,0.6481481481481481,0.8695652173913043,0.529974178239933,0.6843354255703272,14_month,250
0.8622448979591837,0.5092474489795918,0.707421455424275,0.5247191011235955,0.7897196261682243,0.949438202247191,0.5625842696629214,0.8238887946765776,36_month,228
