{
  "threshold_sec": 0.75,
  "f1": 0.8036410923276983,
  "f1_macro": 0.49807723065582776,
  "f1_weighted": 0.6259282188030538,
  "balanced_accuracy": 0.5205004138282294,
  "precision": 0.7186046511627907,
  "recall": 0.911504424778761,
  "auroc": 0.5564822478300545,
  "auprc": 0.757591170935303
}