f1,f1_macro,f1_weighted,balanced_accuracy,precision,recall,auroc,auprc,timepoint,n
0.8109201213346815,0.500698155905436,0.6268211844733916,0.5281394480289507,0.7160714285714286,0.9347319347319347,0.6216113536555525,0.803344003844658,14_month,610
0.8752941176470588,0.4807505070993915,0.7200906269554298,0.5056972327726533,0.8051948051948052,0.9587628865979382,0.5528214867064568,0.8362305925270536,36_month,483
