{
  "lr_coefficients": {
    "babar_prob": 1.5990050118558874,
    "vtc_prob": 1.7451822582745085,
    "vtc_kchi_prob": 1.5990050118558874,
    "vbx_prob": 0.44902027485522833,
    "usc_sail_prob": 0.505601556462013,
    "pyannote_prob": 0.3284234838003927,
    "eend_eda_prob": -0.020358908814583795,
    "sortformer_prob": 1.0593810185720915,
    "wavlm_mil_prob": 1.0706452001237083,
    "whisper_mil_prob": 2.834650250984494,
    "audio_llm_prob": 0.7359478328267453,
    "speaker_informed_av_prob": 1.5731263826453399,
    "timepoint_is_36m": 0.413764932881154,
    "n_speakers_eend_eda": 0.11050530134652664,
    "n_speakers_sortformer": 0.0011288637574669933,
    "n_speakers_vbx": -0.28623421274370703,
    "n_speakers_vtc": -0.2694839521678147,
    "n_speakers_pyannote": 0.07312915321110801,
    "mean_n_speakers": -0.1493219473600333,
    "max_n_speakers": 0.2516801630019189,
    "silero_speech_score": 0.011644434607461332,
    "vad_energy_score": 0.526564556300413,
    "system_disagreement": -0.214269957683596
  }
}