{
  "branch_0": {
    "mean_of_clip_means": 0.06028375029563904,
    "std_of_clip_means": 0.08573190122842789,
    "mean_of_clip_stds": 0.04720919579267502
  },
  "branch_1": {
    "mean_of_clip_means": 0.06028375029563904,
    "std_of_clip_means": 0.08573190122842789,
    "mean_of_clip_stds": 0.0683828815817833
  },
  "branch_2": {
    "mean_of_clip_means": 0.06028375029563904,
    "std_of_clip_means": 0.08573190122842789,
    "mean_of_clip_stds": 0.14504550397396088
  },
  "branch_3": {
    "mean_of_clip_means": 0.06028375029563904,
    "std_of_clip_means": 0.08573190122842789,
    "mean_of_clip_stds": 0.16502487659454346
  },
  "branch_4": {
    "mean_of_clip_means": 0.06028375029563904,
    "std_of_clip_means": 0.08573190122842789,
    "mean_of_clip_stds": 0.05747281759977341
  }
}