{
  "n_rows": 17028,
  "n_branches": 5,
  "k_frac": 0.1,
  "per_branch": {
    "branch_0_weight": {
      "mean_attn": 0.025898520024843615,
      "std_attn": 0.04569007123732442,
      "min_attn": 4.045589889756229e-07,
      "max_attn": 1.0
    },
    "branch_1_weight": {
      "mean_attn": 0.02589852017950961,
      "std_attn": 0.061055368788767446,
      "min_attn": 6.600148481084034e-06,
      "max_attn": 1.0
    },
    "branch_2_weight": {
      "mean_attn": 0.0258985200966742,
      "std_attn": 0.11906167717150262,
      "min_attn": 8.529826844849707e-11,
      "max_attn": 1.0
    },
    "branch_3_weight": {
      "mean_attn": 0.025898520043849443,
      "std_attn": 0.1301866759110979,
      "min_attn": 7.49921067084991e-13,
      "max_attn": 1.0
    },
    "branch_4_weight": {
      "mean_attn": 0.025898520140220403,
      "std_attn": 0.05199017726085534,
      "min_attn": 1.6800207447431606e-07,
      "max_attn": 1.0
    }
  },
  "pairwise_cosine": {
    "0_0": 0.9999999999997081,
    "0_1": 0.34384225264138796,
    "0_2": 0.06971172629470083,
    "0_3": 0.05103684471881975,
    "0_4": 0.9480778054720186,
    "1_0": 0.34384225264138796,
    "1_1": 0.9999999999997689,
    "1_2": 0.22193471197537004,
    "1_3": 0.2342652185353699,
    "1_4": 0.33204946207361447,
    "2_0": 0.06971172629470083,
    "2_1": 0.22193471197537004,
    "2_2": 0.9999999999998743,
    "2_3": 0.9165242955255113,
    "2_4": 0.049719240653436546,
    "3_0": 0.05103684471881975,
    "3_1": 0.2342652185353699,
    "3_2": 0.9165242955255113,
    "3_3": 0.9999999999998848,
    "3_4": 0.03591467869262231,
    "4_0": 0.9480778054720186,
    "4_1": 0.33204946207361447,
    "4_2": 0.049719240653436546,
    "4_3": 0.03591467869262231,
    "4_4": 0.999999999999736
  },
  "pairwise_topk_overlap": {
    "0_0": 1.0,
    "0_1": 0.018391985077692095,
    "0_2": 0.005023547880690738,
    "0_3": 0.004570033141461712,
    "0_4": 0.505364680942417,
    "1_0": 0.018391985077692095,
    "1_1": 1.0,
    "1_2": 0.11473410980233761,
    "1_3": 0.1392151595945533,
    "1_4": 0.038687922849811616,
    "2_0": 0.005023547880690738,
    "2_1": 0.11473410980233761,
    "2_2": 1.0,
    "2_3": 0.7775947491159666,
    "2_4": 0.0045351473922902496,
    "3_0": 0.004570033141461712,
    "3_1": 0.1392151595945533,
    "3_2": 0.7775947491159666,
    "3_3": 1.0,
    "3_4": 0.0045351473922902496,
    "4_0": 0.505364680942417,
    "4_1": 0.038687922849811616,
    "4_2": 0.0045351473922902496,
    "4_3": 0.0045351473922902496,
    "4_4": 1.0
  },
  "mean_off_diag_cosine": 0.3203076236582852,
  "mean_off_diag_overlap": 0.16126524831895112
}