epoch,train_loss,loss_bce,loss_div,val_loss,val_f1,val_auroc
1,0.5928360766066784,0.5713940608065303,0.021442015800148068,0.5624841697807932,0.8460508701472557,0.7403137039075399
2,0.5600224255169628,0.5487002162489949,0.011322209267967903,0.5244812685953077,0.8490566037735849,0.7463676389653274
3,0.5382174158173545,0.527562073908928,0.010655341908426546,0.5081646624615463,0.8550295857988166,0.7503852504127683
4,0.5313909818651155,0.5209544743524819,0.010436507512633576,0.5410046313225947,0.8246753246753247,0.7588607594936708
5,0.5228516766460749,0.5128072204022873,0.010044456243787596,0.5451912665329096,0.8059701492537313,0.7721243808475509
6,0.522158297670369,0.5109127775379797,0.011245520132389374,0.5715242102569328,0.7832167832167832,0.7917996697853604
7,0.5154470202240456,0.5053540859825727,0.010092934241472947,0.609769569437631,0.7481481481481481,0.8070996147495874
8,0.5114292085678998,0.5011074335836783,0.010321774984221542,0.6050373449437579,0.7527675276752768,0.8053935057787562
