{
  "14_month": 0.7799999999999999,
  "36_month": 0.7949999999999999
}