{
  "auroc_mean": 0.9284805419930363,
  "auroc_n": 9,
  "auprc_mean": 0.9043358195724763,
  "auprc_n": 9,
  "pearson_mean": 0.7321562833256192,
  "pearson_n": 9,
  "spearman_mean": 0.6785951187346848,
  "spearman_n": 9,
  "n_clips_total": 10,
  "n_pos_clips": 9
}