{
  "n_real_child": 20,
  "n_real_adult": 20,
  "n_eval_synth": 20,
  "aggregate_features": {
    "real_child": {
      "f0_mean": {
        "n": 20,
        "mean": 334.8303332383701,
        "std": 153.1942516841075,
        "p25": 246.15022507722142,
        "p50": 306.95374985220826,
        "p75": 428.11526131924836
      },
      "f0_std": {
        "n": 20,
        "mean": 93.33092727769343,
        "std": 103.37460165749549,
        "p25": 25.45165216182559,
        "p50": 57.61833683457517,
        "p75": 119.32340610361202
      },
      "f0_min": {
        "n": 20,
        "mean": 229.72177911195385,
        "std": 108.6658298225013,
        "p25": 149.82603101431351,
        "p50": 234.58099246925,
        "p75": 287.71202784350334
      },
      "f0_max": {
        "n": 20,
        "mean": 454.9112512570356,
        "std": 253.74442473118637,
        "p25": 322.90691953614845,
        "p50": 390.18624424399997,
        "p75": 508.8811788896959
      },
      "voiced_fraction": {
        "n": 20,
        "mean": 0.638010908963437,
        "std": 0.23883332708745642,
        "p25": 0.4340329835082459,
        "p50": 0.7113095238095238,
        "p75": 0.8489702517162471
      },
      "f1_hz": {
        "n": 20,
        "mean": 697.2712438200855,
        "std": 182.7896671587768,
        "p25": 564.0638420867472,
        "p50": 676.6392480167016,
        "p75": 825.1298454415098
      },
      "f2_hz": {
        "n": 20,
        "mean": 1527.982106648929,
        "std": 271.25131364488976,
        "p25": 1284.0787626837146,
        "p50": 1573.836137435639,
        "p75": 1736.5684453118115
      },
      "f3_hz": {
        "n": 20,
        "mean": 2577.0535163364366,
        "std": 237.7351098122895,
        "p25": 2329.470817727891,
        "p50": 2629.3563449379526,
        "p75": 2764.6679231306252
      },
      "f4_hz": {
        "n": 20,
        "mean": 3378.081435150347,
        "std": 286.3428836170197,
        "p25": 3093.1790145893247,
        "p50": 3330.5062616665673,
        "p75": 3640.3753536119248
      },
      "vtl_cm": {
        "n": 20,
        "mean": 16.640746239991543,
        "std": 2.1223398342290984,
        "p25": 14.748801946092133,
        "p50": 16.606758924823936,
        "p75": 18.44277373896714
      },
      "sc_mean": {
        "n": 20,
        "mean": 1435.0124843815665,
        "std": 406.9314155509289,
        "p25": 1200.8179067867068,
        "p50": 1378.3123594874592,
        "p75": 1737.1185114318844
      },
      "zcr_mean": {
        "n": 20,
        "mean": 0.06839231860055159,
        "std": 0.047019449932945656,
        "p25": 0.030989241399684873,
        "p50": 0.06697985982423629,
        "p75": 0.09968968441611842
      },
      "rms_mean": {
        "n": 20,
        "mean": 0.0445489889010787,
        "std": 0.03227338086561716,
        "p25": 0.01695948000997305,
        "p50": 0.0412626713514328,
        "p75": 0.05607994832098484
      }
    },
    "real_adult": {
      "f0_mean": {
        "n": 19,
        "mean": 183.58713408305547,
        "std": 61.48970629427967,
        "p25": 124.17327621892989,
        "p50": 205.04607238738808,
        "p75": 222.9152994784149
      },
      "f0_std": {
        "n": 19,
        "mean": 54.10281604372337,
        "std": 42.01775962319119,
        "p25": 21.082867750087672,
        "p50": 52.96935012548388,
        "p75": 74.53594633978122
      },
      "f0_min": {
        "n": 19,
        "mean": 114.2935806025971,
        "std": 54.91568006784438,
        "p25": 64.103984298373,
        "p50": 82.43721884748535,
        "p75": 163.45821561757674
      },
      "f0_max": {
        "n": 19,
        "mean": 257.7424883650699,
        "std": 98.81068587675684,
        "p25": 178.44330574546515,
        "p50": 263.2379951267102,
        "p75": 303.25688978183223
      },
      "voiced_fraction": {
        "n": 20,
        "mean": 0.6088040811972784,
        "std": 0.23480918612562945,
        "p25": 0.5229834251328589,
        "p50": 0.6744239631336405,
        "p75": 0.7824466565060011
      },
      "f1_hz": {
        "n": 20,
        "mean": 554.4888877071422,
        "std": 115.85073820802617,
        "p25": 515.3530134003989,
        "p50": 567.6772036172212,
        "p75": 598.4807325963072
      },
      "f2_hz": {
        "n": 20,
        "mean": 1522.4692300333304,
        "std": 155.62975039769364,
        "p25": 1445.192623263519,
        "p50": 1537.7626129036735,
        "p75": 1634.7354797554276
      },
      "f3_hz": {
        "n": 20,
        "mean": 2400.527148531605,
        "std": 155.67194004711422,
        "p25": 2337.3775744682885,
        "p50": 2392.9630865974577,
        "p75": 2477.421784331534
      },
      "f4_hz": {
        "n": 20,
        "mean": 3221.360759407082,
        "std": 161.3096694572982,
        "p25": 3093.714905748225,
        "p50": 3202.150392591654,
        "p75": 3302.3718525351187
      },
      "vtl_cm": {
        "n": 20,
        "mean": 17.851438009254114,
        "std": 1.1417272293825818,
        "p25": 17.166415114643183,
        "p50": 17.84966081003769,
        "p75": 18.420053899403356
      },
      "sc_mean": {
        "n": 20,
        "mean": 1680.8870265768103,
        "std": 268.895538247561,
        "p25": 1470.3059444824544,
        "p50": 1666.9351004568448,
        "p75": 1817.1692666156391
      },
      "zcr_mean": {
        "n": 20,
        "mean": 0.10935811363999408,
        "std": 0.04002507073388331,
        "p25": 0.08211023523032593,
        "p50": 0.10820816282242063,
        "p75": 0.1353037698695032
      },
      "rms_mean": {
        "n": 20,
        "mean": 0.04598331521265209,
        "std": 0.02976924404613128,
        "p25": 0.021368451416492462,
        "p50": 0.036323292180895805,
        "p75": 0.0714612789452076
      }
    },
    "eval_synth": {
      "f0_mean": {
        "n": 15,
        "mean": 371.38736301890737,
        "std": 337.804617951323,
        "p25": 68.34005697784133,
        "p50": 273.0993680911549,
        "p75": 457.88824861945693
      },
      "f0_std": {
        "n": 15,
        "mean": 30.028017555623432,
        "std": 32.02334185697171,
        "p25": 2.6323989156595373,
        "p50": 19.377070086420797,
        "p75": 54.399953797912545
      },
      "f0_min": {
        "n": 15,
        "mean": 335.3972469935141,
        "std": 329.68395444492364,
        "p25": 60.522371441093284,
        "p50": 242.99963473728891,
        "p75": 401.0893116290981
      },
      "f0_max": {
        "n": 15,
        "mean": 409.6788305569672,
        "std": 351.40809239302143,
        "p25": 71.12839869040928,
        "p50": 292.0808432809418,
        "p75": 513.5380114201087
      },
      "voiced_fraction": {
        "n": 20,
        "mean": 0.45251858177043597,
        "std": 0.3487512132880569,
        "p25": 0.14285714285714285,
        "p50": 0.43850931677018634,
        "p75": 0.6944444444444444
      },
      "f1_hz": {
        "n": 20,
        "mean": 805.4047080144979,
        "std": 241.060911473795,
        "p25": 633.5591417404655,
        "p50": 767.791448686882,
        "p75": 879.6597993088872
      },
      "f2_hz": {
        "n": 20,
        "mean": 1639.6650915291964,
        "std": 261.9692426518279,
        "p25": 1415.8000702060356,
        "p50": 1668.1544581538703,
        "p75": 1812.9663457004588
      },
      "f3_hz": {
        "n": 20,
        "mean": 2565.6503978622663,
        "std": 292.648198393798,
        "p25": 2407.5485288643977,
        "p50": 2584.8154908483866,
        "p75": 2761.540710345631
      },
      "f4_hz": {
        "n": 20,
        "mean": 3463.6043564283877,
        "std": 228.14489654534705,
        "p25": 3354.0755247568964,
        "p50": 3521.172626685201,
        "p75": 3564.1128116956575
      },
      "vtl_cm": {
        "n": 20,
        "mean": 15.841025690849307,
        "std": 2.0616705547247696,
        "p25": 14.692760175624652,
        "p50": 15.792213705120068,