f1,precision,recall,auroc,auprc,timepoint,n
0.8831168831168831,0.9066666666666666,0.8607594936708861,0.8779008438818565,0.9231924484995646,14_month,230
