{
  "auroc_mean": 0.5947818078804227,
  "auroc_n": 304,
  "auprc_mean": 0.5186958741225408,
  "auprc_n": 304,
  "pearson_mean": 0.13642663347871567,
  "pearson_n": 307,
  "spearman_mean": 0.12636833066543474,
  "spearman_n": 307,
  "n_clips_total": 441,
  "n_pos_clips": 335
}