epoch,train_loss,val_loss,val_f1,val_auroc,val_threshold
1,0.2572809258793912,0.22102201674823407,0.8551532033426184,0.6067418822234452,0.1
2,0.23879637251176486,0.22222300204965803,0.8517006802721089,0.6193725921849201,0.05
3,0.2431100442914701,0.2179005834515448,0.8515406162464986,0.6463401210787012,0.1
4,0.24063078863773404,0.22152547786633173,0.8500687757909215,0.5895432030820034,0.1
5,0.2396833375550625,0.21749704758878108,0.8499298737727911,0.6163181067694001,0.1
6,0.23862748020669308,0.2178085765077008,0.8539944903581267,0.6380572372041826,0.1
