{
  "threshold": 0.23,
  "f1": 0.877465630603706,
  "f1_macro": 0.7635191400881778,
  "f1_weighted": 0.8205428488049833,
  "balanced_accuracy": 0.7701734113726377,
  "precision": 0.8886198547215496,
  "recall": 0.8665879574970484,
  "auroc": 0.8007946276805078,
  "auprc": 0.889256792809918
}