f1,f1_macro,f1_weighted,balanced_accuracy,precision,recall,auroc,auprc,timepoint,n
0.8698060941828255,0.7974761465066174,0.8252116903523814,0.8046792152704136,0.8870056497175142,0.8532608695652174,0.8238335100742313,0.8720829889778521,14_month,266
0.8984771573604061,0.7674203968620212,0.8423099742896697,0.771043771043771,0.9030612244897959,0.8939393939393939,0.7575757575757577,0.8857297934390612,36_month,252
