{
  "threshold": 0.23,
  "f1": 0.8847682119205298,
  "f1_macro": 0.7875798354976314,
  "f1_weighted": 0.8337349331810929,
  "balanced_accuracy": 0.7937904219279335,
  "precision": 0.8954423592493298,
  "recall": 0.8743455497382199,
  "auroc": 0.800556282722513,
  "auprc": 0.87747343864527
}