f1,f1_macro,f1_weighted,balanced_accuracy,precision,recall,auroc,auprc,timepoint,n
0.844106463878327,0.7507440397386064,0.7862022426348765,0.7519152196118488,0.8473282442748091,0.8409090909090909,0.7821756894790602,0.8412454227956758,14_month,574
0.9072398190045249,0.7722039802987226,0.8566317929670351,0.7907214736483029,0.9260969976905312,0.8891352549889135,0.8171477912331571,0.927940505714059,36_month,555
