{
  "threshold_sec": 1.0,
  "f1": 0.8770245950809838,
  "f1_macro": 0.7650774413645189,
  "f1_weighted": 0.8211005962359119,
  "balanced_accuracy": 0.7737216039923971,
  "precision": 0.8914634146341464,
  "recall": 0.8630460448642266,
  "auroc": 0.835133596255453,
  "auprc": 0.9248782531621151
}