f1,f1_macro,f1_weighted,balanced_accuracy,precision,recall,auroc,auprc,timepoint,n
0.834625322997416,0.7461896668463015,0.7797767278932405,0.7533339008058109,0.8544973544973545,0.8156565656565656,0.8149968789013733,0.8884328582908976,14_month,574
0.9137737961926092,0.7794675432575949,0.8634392004980452,0.7888666211836943,0.9230769230769231,0.9046563192904656,0.8456528227869691,0.9495978019385353,36_month,555
