{
  "threshold_sec": 1.0,
  "f1": 0.871523178807947,
  "f1_macro": 0.7631637246352903,
  "f1_weighted": 0.8146240059605289,
  "balanced_accuracy": 0.768863566368956,
  "precision": 0.8820375335120644,
  "recall": 0.8612565445026178,
  "auroc": 0.848937480751463,
  "auprc": 0.9263400056969666
}