f1,f1_macro,f1_weighted,balanced_accuracy,precision,recall,auroc,auprc,timepoint,n
0.8421052631578947,0.7543859649122806,0.7880226882996966,0.7606044538706256,0.8587570621468926,0.8260869565217391,0.8381826617179216,0.8994442681062029,14_month,266
0.8984771573604061,0.7674203968620212,0.8423099742896697,0.771043771043771,0.9030612244897959,0.8939393939393939,0.8567620650953985,0.9483559518324703,36_month,252
