f1,precision,recall,auroc,auprc,timepoint,n
0.88,0.8562874251497006,0.9050632911392406,0.8533755274261603,0.9049602789237352,14_month,230
