f1,precision,recall,auroc,auprc,timepoint,n
0.8579881656804734,0.8285714285714286,0.8895705521472392,0.7970707681672858,0.8735656598267039,14_month,234
