{
  "threshold_sec": 0.1,
  "f1": 0.8579881656804734,
  "precision": 0.8285714285714286,
  "recall": 0.8895705521472392,
  "auroc": 0.7970707681672858,
  "auprc": 0.8735656598267039
}