epoch,train_loss,loss_bce,loss_div,val_loss,val_f1,val_auroc
1,0.6201333847122522,0.6201333847122522,0.0,0.5566341561238164,0.8670360110803325,0.6099683544303798
2,0.5992548519512926,0.5992548519512926,0.0,0.5371258748170821,0.8670360110803325,0.6330102848101266
3,0.5931277008374926,0.5931277008374926,0.0,0.5362320913960343,0.8627450980392157,0.6568433544303797
4,0.5877232102145371,0.5877232102145371,0.0,0.5259991798875401,0.8643356643356643,0.6664029535864978
5,0.5838662827265425,0.5838662827265425,0.0,0.5421907929432335,0.8567375886524823,0.6520965189873418
6,0.5812851337920898,0.5812851337920898,0.0,0.5245227044430173,0.8587731811697575,0.6791930379746837
