{
  "threshold_sec": 0.1,
  "f1": 0.8578199052132701,
  "precision": 0.7702127659574468,
  "recall": 0.9679144385026738,
  "auroc": 0.6789690540895941,
  "auprc": 0.8550485705592515
}