f1,precision,recall,auroc,auprc,timepoint,n
0.8458333333333333,0.7574626865671642,0.9575471698113207,0.644100451767207,0.839944456661888,14_month,283
0.8736263736263736,0.7871287128712872,0.9814814814814815,0.7242798353909464,0.8743146846346496,36_month,213
