{
  "threshold_sec": 0.1,
  "f1": 0.8690647482014389,
  "precision": 0.7968337730870713,
  "recall": 0.9556962025316456,
  "auroc": 0.6623978111814346,
  "auprc": 0.8500499595477984
}