f1,precision,recall,auroc,auprc,timepoint,n
0.848297213622291,0.7527472527472527,0.9716312056737588,0.6518211323476379,0.7857820770679198,14_month,200
0.8870967741935484,0.8375634517766497,0.9428571428571428,0.6681853281853282,0.8995832861245769,36_month,212
