{
  "auroc_mean": 0.9217969420214919,
  "auroc_n": 12,
  "auprc_mean": 0.873408634492078,
  "auprc_n": 12,
  "pearson_mean": 0.7462958047787348,
  "pearson_n": 12,
  "spearman_mean": 0.6405090152923406,
  "spearman_n": 12,
  "n_clips_total": 16,
  "n_pos_clips": 13
}