f1,f1_macro,f1_weighted,balanced_accuracy,precision,recall,auroc,auprc,timepoint,n
0.793939393939394,0.646969696969697,0.7043698790479906,0.6437576073726309,0.7797619047619048,0.808641975308642,0.6993566336289341,0.8217694234069671,14_month,233
0.8521739130434782,0.5669320269442744,0.7561790475293232,0.5677126341866225,0.8546511627906976,0.8497109826589595,0.6385631709331131,0.8803565129357704,36_month,208
