{
  "threshold": 0.15000000000000002,
  "f1": 0.8237037037037037,
  "precision": 0.8176470588235294,
  "recall": 0.8298507462686567,
  "auroc": 0.6907350042241622,
  "auprc": 0.8524210643741368
}