{
  "threshold": 0.15000000000000002,
  "f1": 0.8346456692913385,
  "precision": 0.8307210031347962,
  "recall": 0.8386075949367089,
  "auroc": 0.6955696202531646,
  "auprc": 0.8264618754045655
}