f1,precision,recall,auroc,auprc,timepoint,n
0.8022922636103151,0.7329842931937173,0.8860759493670886,0.6193741209563994,0.7423496910628791,14_month,230
0.8868501529051988,0.8579881656804734,0.9177215189873418,0.752943773918163,0.9019472846762762,36_month,201
