timepoint_norm,f1,precision,recall,auroc,auprc,threshold,n
14_month,0.7966101694915254,0.7382198952879581,0.8650306748466258,0.681327227166681,0.806758497426008,0.1,234
36_month,0.8913649025069638,0.8556149732620321,0.9302325581395349,0.6035714285714285,0.8735727543478188,0.1,207
