f1,precision,recall,auroc,auprc,timepoint,n
0.8061538461538461,0.7844311377245509,0.8291139240506329,0.651151547116737,0.7608574442031772,14_month,230
0.864516129032258,0.881578947368421,0.8481012658227848,0.7569178687076832,0.9042145246216226,36_month,201
