{
  "threshold": 0.1,
  "f1": 0.8431952662721893,
  "precision": 0.7916666666666666,
  "recall": 0.9018987341772152,
  "auroc": 0.6751513483764446,
  "auprc": 0.8167809779909945
}