{
  "threshold": 0.1,
  "f1": 0.844319775596073,
  "precision": 0.7962962962962963,
  "recall": 0.8985074626865671,
  "auroc": 0.6635032385243593,
  "auprc": 0.8405585022744548
}