{
  "threshold_sec": 0.1,
  "f1": 0.8448275862068966,
  "precision": 0.7736842105263158,
  "recall": 0.930379746835443,
  "auroc": 0.6772839845899835,
  "auprc": 0.8328665258546974
}