f1,precision,recall,auroc,auprc,timepoint,n
0.7966573816155988,0.7114427860696517,0.9050632911392406,0.640646976090014,0.7848581455231793,14_month,230
0.8961424332344213,0.8435754189944135,0.9556962025316456,0.7229172799528996,0.881055424737627,36_month,201
