f1,precision,recall,auroc,auprc,timepoint,n
0.8043478260869565,0.7219512195121951,0.9079754601226994,0.674760217748207,0.8162459994138496,14_month,234
0.9100817438692098,0.8564102564102564,0.9709302325581395,0.643687707641196,0.8927556334531321,36_month,207
