{
  "threshold_sec": 0.1,
  "f1": 0.8571428571428571,
  "precision": 0.7875,
  "recall": 0.9402985074626866,
  "auroc": 0.6811320754716981,
  "auprc": 0.8603125046082777
}