f1,precision,recall,auroc,auprc,timepoint,n
0.8287292817679558,0.7352941176470589,0.9493670886075949,0.637262658227848,0.7762187081590886,14_month,230
