{
  "threshold_sec": 0.1,
  "f1": 0.8287292817679558,
  "precision": 0.7352941176470589,
  "recall": 0.9493670886075949,
  "auroc": 0.637262658227848,
  "auprc": 0.7762187081590886
}