{
  "threshold_sec": 0.1,
  "f1": 0.8440860215053764,
  "precision": 0.7511961722488039,
  "recall": 0.9631901840490797,
  "auroc": 0.7003801952821221,
  "auprc": 0.8205084684741246
}