f1,precision,recall,auroc,auprc,timepoint,n
0.8440860215053764,0.7511961722488039,0.9631901840490797,0.7003801952821221,0.8205084684741246,14_month,234
