age_band,n_clips,error_rate_base,error_rate_best,delta_error
14_month,234,0.1794871794871795,0.1794871794871795,0.0
36_month,207,0.18840579710144928,0.18840579710144928,0.0
