ratio,auroc,auprc,f1,precision,recall,balanced_accuracy,threshold
0.0,0.826034919740918,0.922791163208275,0.8714733542319749,0.9174917491749175,0.8298507462686567,0.7970008448324416,0.14500000000000002
0.5,0.826034919740918,0.922791163208275,0.8714733542319749,0.9174917491749175,0.8298507462686567,0.7970008448324416,0.14500000000000002
1.0,0.826034919740918,0.922791163208275,0.8714733542319749,0.9174917491749175,0.8298507462686567,0.7970008448324416,0.14500000000000002
2.0,0.826034919740918,0.922791163208275,0.8714733542319749,0.9174917491749175,0.8298507462686567,0.7970008448324416,0.14500000000000002
5.0,0.826034919740918,0.922791163208275,0.8714733542319749,0.9174917491749175,0.8298507462686567,0.7970008448324416,0.14500000000000002
10.0,0.826034919740918,0.922791163208275,0.8714733542319749,0.9174917491749175,0.8298507462686567,0.7970008448324416,0.14500000000000002
