ratio,auroc,auprc,f1,precision,recall,balanced_accuracy,threshold
0.0,0.8203604618417346,0.9177605297462264,0.8740279937791602,0.9123376623376623,0.8388059701492537,0.7920444945085892,0.12000000000000001
0.5,0.8203604618417346,0.9177605297462264,0.8740279937791602,0.9123376623376623,0.8388059701492537,0.7920444945085892,0.12000000000000001
1.0,0.8203604618417346,0.9177605297462264,0.8740279937791602,0.9123376623376623,0.8388059701492537,0.7920444945085892,0.12000000000000001
2.0,0.8203604618417346,0.9177605297462264,0.8740279937791602,0.9123376623376623,0.8388059701492537,0.7920444945085892,0.12000000000000001
5.0,0.8203604618417346,0.9177605297462264,0.8740279937791602,0.9123376623376623,0.8388059701492537,0.7920444945085892,0.12000000000000001
10.0,0.8203604618417346,0.9177605297462264,0.8740279937791602,0.9123376623376623,0.8388059701492537,0.7920444945085892,0.12000000000000001
