{
  "0": {
    "precision": 0.6590909090909091,
    "recall": 0.27358490566037735,
    "f1-score": 0.38666666666666666,
    "support": 106.0
  },
  "1": {
    "precision": 0.8060453400503779,
    "recall": 0.9552238805970149,
    "f1-score": 0.8743169398907104,
    "support": 335.0
  },
  "accuracy": 0.7913832199546486,
  "macro avg": {
    "precision": 0.7325681245706435,
    "recall": 0.6144043931286961,
    "f1-score": 0.6304918032786885,
    "support": 441.0
  },
  "weighted avg": {
    "precision": 0.7707229598197572,
    "recall": 0.7913832199546486,
    "f1-score": 0.7571039490477429,
    "support": 441.0
  }
}