prob_bin,n,mean_prob,actual_pos_rate,accuracy
"(-0.001, 0.2]",43,0.025325017686980693,0.32558139534883723,0.6744186046511628
"(0.2, 0.4]",90,0.3373217338484841,0.7888888888888889,0.7777777777777778
"(0.4, 0.5]",175,0.45250966311548113,0.8171428571428572,0.8171428571428572
"(0.5, 0.6]",87,0.5394317484648431,0.8505747126436781,0.8505747126436781
"(0.6, 0.8]",46,0.6582001531877422,0.717391304347826,0.717391304347826
