feature,outcome,n,mean,median,std
score_duration_sec,TP,320,14.9950625,8.61,21.242767989261925
score_duration_sec,FP,77,7.034805194805194,4.9,7.323770529186669
score_duration_sec,FN,15,1.44,0.0,5.138665752341332
score_duration_sec,TN,29,0.23793103448275837,0.0,0.4766353750910406
prob,TP,320,0.46995444545712733,0.46800144359081836,0.09738977019015146
prob,FP,77,0.469618380729977,0.454339349704668,0.11955571427011709
prob,FN,15,0.03790258173318252,0.0,0.07894626481028823
prob,TN,29,0.025183290575989885,0.0,0.05305863154555612
