multi_child,has_interaction,n,accuracy,n_fp,n_fn,fp_rate,fn_rate
False,False,77,0.7532467532467533,15,4,0.5172413793103449,0.08333333333333333
False,True,270,0.8333333333333334,36,9,0.8,0.04
True,False,17,0.47058823529411764,8,1,0.7272727272727273,0.16666666666666666
True,True,77,0.7532467532467533,18,1,0.8571428571428571,0.017857142857142856
