{
  "0": {
    "precision": 0.6,
    "recall": 0.5409836065573771,
    "f1-score": 0.5689655172413793,
    "support": 122.0
  },
  "1": {
    "precision": 0.8549222797927462,
    "recall": 0.8823529411764706,
    "f1-score": 0.868421052631579,
    "support": 374.0
  },
  "accuracy": 0.7983870967741935,
  "macro avg": {
    "precision": 0.7274611398963731,
    "recall": 0.7116682738669238,
    "f1-score": 0.7186932849364791,
    "support": 496.0
  },
  "weighted avg": {
    "precision": 0.7922196222630787,
    "recall": 0.7983870967741935,
    "f1-score": 0.7947646507815701,
    "support": 496.0
  }
}