prob_bin,n,mean_prob,actual_pos_rate,accuracy
"(-0.001, 0.2]",31,0.10328846208510856,0.3225806451612903,0.6774193548387096
"(0.2, 0.4]",37,0.30116583890206106,0.32432432432432434,0.6756756756756757
"(0.4, 0.5]",18,0.44239487912919784,0.5,0.5
"(0.5, 0.6]",20,0.5364940613508224,0.5,0.5
"(0.6, 0.8]",37,0.7058964371681213,0.5405405405405406,0.4864864864864865
"(0.8, 1.0]",353,0.9729660909844525,0.886685552407932,0.886685552407932
