multi_child,has_interaction,n,accuracy,n_fp,n_fn,fp_rate,fn_rate
False,False,66,0.7272727272727273,9,9,0.391304347826087,0.20930232558139536
False,True,347,0.8213256484149856,30,32,0.42857142857142855,0.11552346570397112
True,False,15,0.6666666666666666,4,1,0.5,0.14285714285714285
True,True,68,0.7794117647058824,13,2,0.6190476190476191,0.0425531914893617
