f1,precision,recall,auroc,auprc,timepoint,n
0.7959866220735786,0.7391304347826086,0.8623188405797102,0.7016359244620114,0.8143071415833805,14_month,204
0.896551724137931,0.8411764705882353,0.959731543624161,0.6869324911172523,0.888746254124625,36_month,183
