{
  "threshold": 0.10500000000000001,
  "f1": 0.8478964401294499,
  "precision": 0.7915407854984894,
  "recall": 0.9128919860627178,
  "auroc": 0.7085365853658537,
  "auprc": 0.8557200841353386
}