f1,f1_macro,f1_weighted,balanced_accuracy,precision,recall,auroc,auprc,timepoint,n
0.8074074074074075,0.6013781223083549,0.6835583427692129,0.5966295086889615,0.7491408934707904,0.8755020080321285,0.677738993356604,0.8117598960883088,14_month,356
0.9124767225325885,0.6510435560714891,0.8239130439920206,0.6246229260935143,0.8687943262411347,0.9607843137254902,0.7062594268476621,0.9064488501026998,36_month,307
