{
  "threshold": 0.10500000000000001,
  "f1": 0.8597957288765088,
  "precision": 0.8080279232111692,
  "recall": 0.9186507936507936,
  "auroc": 0.7044399520814615,
  "auprc": 0.864461165090517
}