f1,precision,recall,auroc,auprc,timepoint,n
0.833922261484099,0.7468354430379747,0.944,0.6418504672897196,0.7889177735396942,14_month,357
0.9134438305709024,0.8581314878892734,0.9763779527559056,0.73614476075106,0.9147763923323302,36_month,306
