f1,precision,recall,auroc,auprc,timepoint,n
0.8275862068965517,0.7292817679558011,0.9565217391304348,0.636253842775582,0.7716952537236277,14_month,204
0.9012345679012346,0.8342857142857143,0.9798657718120806,0.6143900513225424,0.8640598674508612,36_month,183
