{
  "threshold_sec": 0.5,
  "f1": 0.864696734059098,
  "precision": 0.7808988764044944,
  "recall": 0.9686411149825784,
  "auroc": 0.6453310104529617,
  "auprc": 0.8231475862592177
}