{
  "threshold_sec": 0.5,
  "f1": 0.872858431018936,
  "precision": 0.8,
  "recall": 0.9603174603174603,
  "auroc": 0.6877745332934013,
  "auprc": 0.8560734989696349
}