f1,f1_macro,f1_weighted,balanced_accuracy,precision,recall,auroc,auprc,timepoint,n
0.8565488565488566,0.778923778923779,0.8098865907854672,0.7921592913710918,0.8879310344827587,0.8273092369477911,0.8223548399204293,0.8817064790001621,14_month,356
0.9090909090909091,0.7853146853146853,0.8671602013621557,0.8448340874811463,0.9606986899563319,0.8627450980392157,0.8631221719457013,0.953173831361354,36_month,307
