{
  "threshold": 0.1,
  "f1": 0.8892921960072595,
  "precision": 0.928030303030303,
  "recall": 0.8536585365853658,
  "auroc": 0.8679790940766551,
  "auprc": 0.9352934091453982
}