f1,precision,recall,auroc,auprc,timepoint,n
0.8805970149253731,0.9076923076923077,0.855072463768116,0.8650636802810715,0.9136972214253958,14_month,204
0.8975265017667845,0.9477611940298507,0.8523489932885906,0.8810698776154758,0.9625721623125767,36_month,183
