f1,f1_macro,f1_weighted,balanced_accuracy,precision,recall,auroc,auprc,timepoint,n
0.7407407407407407,0.5261080752884031,0.6002189059602865,0.5301369863013699,0.6896551724137931,0.8,0.5889954337899543,0.7531950045334043,14_month,223
0.8948948948948949,0.6508372779559221,0.8127122279664655,0.6388733965421083,0.8764705882352941,0.9141104294478528,0.676055028815765,0.9000285108218811,36_month,196
