{
  "threshold_sec": 1.0,
  "f1": 0.8483221476510067,
  "f1_macro": 0.5956727017324801,
  "f1_weighted": 0.7226862181648036,
  "balanced_accuracy": 0.5880216688310035,
  "precision": 0.7890137328339576,
  "recall": 0.9172714078374455,
  "auroc": 0.6579838565935885,
  "auprc": 0.8425264447085741
}