{
  "threshold_sec": 1.0,
  "f1": 0.8188736681887366,
  "f1_macro": 0.5807075523264125,
  "f1_weighted": 0.6983695713801144,
  "balanced_accuracy": 0.5759388751582374,
  "precision": 0.7819767441860465,
  "recall": 0.8594249201277955,
  "auroc": 0.6382994755560913,
  "auprc": 0.8338085743406476
}