f1,f1_macro,f1_weighted,balanced_accuracy,precision,recall,auroc,auprc,timepoint,n
0.8011363636363636,0.5703795025728988,0.6590546282217412,0.5724545271494731,0.7286821705426356,0.889589905362776,0.6257914401413965,0.7855867529091205,14_month,458
0.8905852417302799,0.6195350451075642,0.7878341868014073,0.6026140155728588,0.8454106280193237,0.9408602150537635,0.6835372636262513,0.8889356691507546,36_month,459
