{
  "threshold": 0.19,
  "f1": 0.855944055944056,
  "precision": 0.8052631578947368,
  "recall": 0.9134328358208955,
  "auroc": 0.6746691072937202,
  "auprc": 0.8409986868382089
}