f1,precision,recall,auroc,auprc,timepoint,n
0.8360655737704918,0.7536945812807881,0.9386503067484663,0.7219821999481553,0.8279460494918909,14_month,234
0.8802228412256268,0.8449197860962567,0.9186046511627907,0.6058139534883721,0.8715267853135735,36_month,207
