{
  "threshold": 0.175,
  "f1": 0.860832137733142,
  "precision": 0.7874015748031497,
  "recall": 0.9493670886075949,
  "auroc": 0.73800220143093,
  "auprc": 0.8705319505156317
}