f1,precision,recall,auroc,auprc,timepoint,n
0.841225626740947,0.7704081632653061,0.9263803680981595,0.7039661280566836,0.8078244218350437,14_month,234
0.8707865168539326,0.842391304347826,0.9011627906976745,0.5988372093023255,0.8677168006060443,36_month,207
