f1,f1_macro,f1_weighted,balanced_accuracy,precision,recall,auroc,auprc,timepoint,n
0.8403361344537815,0.6587001773186338,0.7296395425516743,0.6460615545122588,0.7692307692307693,0.9259259259259259,0.7036167623022084,0.8070024353046542,14_month,233
0.8715083798882681,0.539202465806203,0.7596746588029577,0.5365813377374071,0.8432432432432433,0.9017341040462428,0.5988439306358382,0.8681495896970809,36_month,208
