f1,precision,recall,auroc,auprc,timepoint,n
0.8231884057971014,0.7593582887700535,0.8987341772151899,0.7220024613220817,0.8241345788758603,14_month,230
0.9009009009009009,0.8571428571428571,0.9493670886075949,0.7622902561083309,0.9178334745886196,36_month,201
