{
  "threshold": 0.175,
  "f1": 0.8579310344827586,
  "precision": 0.7974358974358975,
  "recall": 0.9283582089552239,
  "auroc": 0.6862573922838636,
  "auprc": 0.8505818394286677
}