f1,precision,recall,auroc,auprc,timepoint,n
0.8245125348189415,0.736318407960199,0.9367088607594937,0.6934774964838256,0.8044957499022377,14_month,230
0.8994082840236687,0.8444444444444444,0.9620253164556962,0.7830438622313807,0.9247608794890245,36_month,201
