{
  "threshold": 0.19,
  "f1": 0.8613569321533924,
  "precision": 0.8066298342541437,
  "recall": 0.9240506329113924,
  "auroc": 0.744716565767749,
  "auprc": 0.8758543353799112
}