{
  "threshold_sec": 0.1,
  "f1": 0.8543140028288543,
  "precision": 0.7723785166240409,
  "recall": 0.9556962025316456,
  "auroc": 0.6935057787561916,
  "auprc": 0.838353399036543
}