f1,precision,recall,auroc,auprc,timepoint,n
0.8364611260053619,0.7428571428571429,0.9570552147239264,0.7149831504363605,0.8425268430717663,14_month,234
0.9021739130434783,0.8469387755102041,0.9651162790697675,0.6745847176079736,0.9064550639419544,36_month,207
