{
  "threshold_sec": 0.1,
  "f1": 0.8690958164642375,
  "precision": 0.7931034482758621,
  "recall": 0.9611940298507463,
  "auroc": 0.7102365530836384,
  "auprc": 0.8776665479587358
}