model,age_band,auroc,auprc,f1,precision,recall,balanced_accuracy,threshold,n_clips
audio_only,14_18_months,0.8261470664477664,0.8940536789497637,0.86875,0.8853503184713376,0.852760736196319,0.7996198047178777,0.12878787878787878,234
video_only,14_18_months,0.5866672427201244,0.7597542554156222,0.8211586901763224,0.6965811965811965,1.0,0.5,0.01,234
always_fuse,14_18_months,0.8366024367061264,0.9055132308368963,0.8670886075949367,0.8954248366013072,0.8404907975460123,0.8075693424349779,0.22777777777777777,234
gated_av,14_18_months,0.8325412598289121,0.8995918869633311,0.8705882352941177,0.8361581920903954,0.9079754601226994,0.7497623779486736,0.12878787878787878,234
audio_only,34_38_months,0.8106312292358805,0.9420022366061511,0.8792569659442725,0.9403973509933775,0.8255813953488372,0.7842192691029901,0.12878787878787878,207
video_only,34_38_months,0.6550664451827242,0.8754610405902314,0.9076517150395779,0.8309178743961353,1.0,0.5,0.01,207
always_fuse,34_38_months,0.8323920265780732,0.9505782635373858,0.8861538461538462,0.9411764705882353,0.8372093023255814,0.7900332225913622,0.22777777777777777,207
gated_av,34_38_months,0.8131229235880398,0.9462674198993201,0.8908045977011494,0.8806818181818182,0.9011627906976745,0.6505813953488373,0.12878787878787878,207
