type,auroc,f1,n_clips
smoothed,0.833328639819769,0.37799043062200954,441
