{
  "audio_only": {
    "auroc": 0.8203604618417346,
    "auprc": 0.9177605297462264,
    "f1": 0.8740279937791602,
    "precision": 0.9123376623376623,
    "recall": 0.8388059701492537,
    "balanced_accuracy": 0.7920444945085892,
    "threshold": 0.12878787878787878,
    "n_clips": 441
  },
  "video_only": {
    "auroc": 0.6793297662630245,
    "auprc": 0.8481162322187932,
    "f1": 0.8634020618556701,
    "precision": 0.7596371882086168,
    "recall": 1.0,
    "balanced_accuracy": 0.5,
    "threshold": 0.01,
    "n_clips": 441
  },
  "always_fuse": {
    "auroc": 0.8480709659250915,
    "auprc": 0.934498128178874,
    "f1": 0.8767550702028081,
    "precision": 0.9183006535947712,
    "recall": 0.8388059701492537,
    "balanced_accuracy": 0.8014784567727401,
    "threshold": 0.22777777777777777,
    "n_clips": 441
  },
  "gated_av": {
    "auroc": 0.8281329203041397,
    "auprc": 0.927208340086067,
    "f1": 0.8808139534883721,
    "precision": 0.8583569405099151,
    "recall": 0.9044776119402985,
    "balanced_accuracy": 0.7163897493663757,
    "threshold": 0.12878787878787878,
    "n_clips": 441
  }
}