model,visual_eligible,auroc,auprc,f1,precision,recall,balanced_accuracy,threshold,n_clips
audio_only,0,0.8077582177909332,0.899854879314723,0.8502024291497976,0.9051724137931034,0.8015267175572519,0.7885184608194422,0.12878787878787878,180
video_only,0,0.708755257828322,0.8579275074486887,0.842443729903537,0.7277777777777777,1.0,0.5,0.01,180
always_fuse,0,0.8498208443682815,0.928395102782665,0.8536585365853658,0.9130434782608695,0.8015267175572519,0.7987225424520954,0.22777777777777777,180
gated_av,0,0.8077582177909332,0.899854879314723,0.8502024291497976,0.9051724137931034,0.8015267175572519,0.7885184608194422,0.12878787878787878,180
audio_only,1,0.8277003783969729,0.9290238641399808,0.8888888888888888,0.9166666666666666,0.8627450980392157,0.7910216718266254,0.12878787878787878,261
video_only,1,0.6441778465772274,0.8419891987207699,0.8774193548387097,0.7816091954022989,1.0,0.5,0.01,261
always_fuse,1,0.8469212246302029,0.9384142892060626,0.8911392405063291,0.9214659685863874,0.8627450980392157,0.7997936016511868,0.22777777777777777,261
gated_av,1,0.8469212246302029,0.9384142892060626,0.8979591836734694,0.8354430379746836,0.9705882352941176,0.6431888544891641,0.12878787878787878,261
