cascade_stage,n_clips,auroc,f1
2,133,0.5185185185185185,0.0
3,308,0.6433372874654014,0.5347043701799485
