model,stratum,auroc,auprc,f1,precision,recall,balanced_accuracy,threshold,n_clips
audio_only,multi_person,0.7568475452196382,0.877517034707817,0.84,0.8677685950413223,0.813953488372093,0.7291989664082688,0.12878787878787878,174
video_only,multi_person,0.7152454780361758,0.8453691085467608,0.8514851485148515,0.7413793103448276,1.0,0.5,0.01,174
always_fuse,multi_person,0.7875107665805341,0.894467118266144,0.8467741935483871,0.8823529411764706,0.813953488372093,0.7514211886304909,0.22777777777777777,174
gated_av,multi_person,0.7714900947459087,0.8872526392340584,0.8582089552238806,0.8273381294964028,0.8914728682170543,0.6790697674418604,0.12878787878787878,174
audio_only,low_face_visibility,0.8526315789473683,0.915626327173564,0.8729281767955801,0.9186046511627907,0.8315789473684211,0.8282894736842106,0.12878787878787878,135
video_only,low_face_visibility,0.6998684210526315,0.8257521843600882,0.8260869565217391,0.7037037037037037,1.0,0.5,0.01,135
always_fuse,low_face_visibility,0.8923684210526316,0.9423122381497604,0.8651685393258427,0.927710843373494,0.8105263157894737,0.8302631578947368,0.22777777777777777,135
gated_av,low_face_visibility,0.8526315789473683,0.915626327173564,0.8729281767955801,0.9186046511627907,0.8315789473684211,0.8282894736842106,0.12878787878787878,135
