n,n_pos,n_neg,threshold,f1,precision,recall,auroc,auprc,timepoint
234,163,71,0.0,0.8211586901763224,0.6965811965811965,1.0,0.46625766871165647,0.6804520004081804,14_month
207,172,35,0.0,0.9076517150395779,0.8309178743961353,1.0,0.6088870431893688,0.8437011933676566,36_month
