{
  "threshold_sec": 0.5,
  "f1": 0.8247978436657682,
  "precision": 0.7355769230769231,
  "recall": 0.9386503067484663,
  "auroc": 0.7224574440508079,
  "auprc": 0.8439303494921079
}