f1,precision,recall,auroc,auprc,timepoint,n
0.8310249307479224,0.7389162561576355,0.9493670886075949,0.7222222222222222,0.8422912892397976,14_month,230
