{
  "threshold": 0.195,
  "f1": 0.8547717842323651,
  "f1_macro": 0.7715995419678146,
  "f1_weighted": 0.8080070140534291,
  "balanced_accuracy": 0.794773555990065,
  "precision": 0.9035087719298246,
  "recall": 0.8110236220472441,
  "auroc": 0.8226849160633445,
  "auprc": 0.8920493306744071
}