f1,f1_macro,f1_weighted,balanced_accuracy,precision,recall,auroc,auprc,timepoint,n
0.8579310344827586,0.7822418705177325,0.8126300850464419,0.7975600112031896,0.8936781609195402,0.8249336870026526,0.8235332883009046,0.8827699469366413,14_month,538
0.868632707774799,0.7580573610816441,0.8215517984406041,0.8148291483597787,0.9446064139941691,0.8039702233250621,0.8443895553987297,0.9283761064284386,36_month,512
