{
  "threshold_sec": 1.0,
  "f1": 0.8318840579710145,
  "f1_macro": 0.7591852722287504,
  "f1_weighted": 0.7910081369310246,
  "balanced_accuracy": 0.8028149165918019,
  "precision": 0.9288025889967637,
  "recall": 0.7532808398950132,
  "auroc": 0.855044126195635,
  "auprc": 0.9312447234173209
}