{
  "threshold_sec": 0.1,
  "f1": 0.86875,
  "precision": 0.8853503184713376,
  "recall": 0.852760736196319,
  "auroc": 0.8644258187159768,
  "auprc": 0.9299900066969102
}