model,visual_eligible,auroc,auprc,f1,precision,recall,balanced_accuracy,threshold,n_clips
audio_only,0,0.573678817157078,0.7415953266618477,0.8470948012232415,0.7759103641456583,0.9326599326599326,0.6185038793734445,0.01,412
video_only,0,0.5751720099546187,0.7623976575787357,0.8377997179125529,0.720873786407767,1.0,0.5,0.06939393939393938,412
always_fuse,0,0.6206704728443859,0.791117663857755,0.8048780487804879,0.7353760445682451,0.8888888888888888,0.5314009661835748,0.31686868686868686,412
gated_av,0,0.573678817157078,0.7415953266618477,0.8299531981279251,0.7732558139534884,0.8956228956228957,0.6086810130288391,0.2871717171717172,412
audio_only,1,0.6383307747877912,0.8323191100199371,0.8827751196172249,0.831081081081081,0.9413265306122449,0.6388048582264765,0.01,505
video_only,1,0.6446631750045151,0.841424860381466,0.8740245261984393,0.7762376237623763,1.0,0.5,0.06939393939393938,505
always_fuse,1,0.7260023478417916,0.8868050975358898,0.8812785388127854,0.7975206611570248,0.9846938775510204,0.5587186201914395,0.31686868686868686,505
gated_av,1,0.7260023478417916,0.8868050975358898,0.8758465011286681,0.7854251012145749,0.9897959183673469,0.5258714105111071,0.2871717171717172,505
