model,stratum,auroc,auprc,f1,precision,recall,balanced_accuracy,threshold,n_clips
audio_only,multi_person,0.5988258317025441,0.7909580704150316,0.8625,0.7931034482758621,0.9452054794520548,0.6052558009505172,0.01,390
video_only,multi_person,0.6321288789488398,0.8113492671378049,0.8563049853372434,0.7487179487179487,1.0,0.5,0.06939393939393938,390
always_fuse,multi_person,0.6864341627061783,0.8546032125574813,0.8375,0.7701149425287356,0.9178082191780822,0.5507408442829187,0.31686868686868686,390
gated_av,multi_person,0.6485532569192061,0.8248503870900785,0.8482003129890454,0.7809798270893372,0.928082191780822,0.5762859938495947,0.2871717171717172,390
audio_only,low_face_visibility,0.5939743874454069,0.7164125152400924,0.8324607329842932,0.7535545023696683,0.9298245614035088,0.6357983566511215,0.01,250
video_only,low_face_visibility,0.5758753423643496,0.7437426870967785,0.8123515439429929,0.684,1.0,0.5,0.06939393939393938,250
always_fuse,low_face_visibility,0.630875712487971,0.7762293209405584,0.7692307692307693,0.7038834951456311,0.847953216374269,0.5379006588200459,0.31686868686868686,250
gated_av,low_face_visibility,0.5939743874454069,0.7164125152400924,0.8118279569892473,0.7512437810945274,0.8830409356725146,0.6250647716337256,0.2871717171717172,250
