{
  "audio_only": {
    "auroc": 0.6056641967764114,
    "auprc": 0.7903872580456532,
    "f1": 0.8671140939597315,
    "precision": 0.8064918851435705,
    "recall": 0.9375907111756169,
    "balanced_accuracy": 0.6288830748860541,
    "threshold": 0.01,
    "n_clips": 917
  },
  "video_only": {
    "auroc": 0.6146971201588878,
    "auprc": 0.806808558210953,
    "f1": 0.8580323785803238,
    "precision": 0.7513631406761178,
    "recall": 1.0,
    "balanced_accuracy": 0.5,
    "threshold": 0.06939393939393938,
    "n_clips": 917
  },
  "always_fuse": {
    "auroc": 0.6766671759223895,
    "auprc": 0.8451379480567297,
    "f1": 0.8485639686684073,
    "precision": 0.7710557532621589,
    "recall": 0.9433962264150944,
    "balanced_accuracy": 0.5484524991724594,
    "threshold": 0.31686868686868686,
    "n_clips": 917
  },
  "gated_av": {
    "auroc": 0.663133705090011,
    "auprc": 0.8343276357032352,
    "f1": 0.8565815324165029,
    "precision": 0.7804295942720764,
    "recall": 0.9492017416545718,
    "balanced_accuracy": 0.5710920988974614,
    "threshold": 0.2871717171717172,
    "n_clips": 917
  }
}