model,age_band,auroc,auprc,f1,precision,recall,balanced_accuracy,threshold,n_clips
audio_only,14_18_months,0.5843792648276172,0.7223820629866732,0.8330995792426368,0.75,0.9369085173501577,0.6173904288878448,0.01,458
video_only,14_18_months,0.5676443609190773,0.7396999047240964,0.8180645161290323,0.6921397379912664,1.0,0.5,0.06939393939393938,458
always_fuse,14_18_months,0.6317873682797503,0.7718519589193569,0.8022284122562674,0.7182044887780549,0.9085173501577287,0.5535494552207083,0.31686868686868686,458
gated_av,14_18_months,0.6154104302302168,0.7567691693552678,0.8164383561643835,0.7215496368038741,0.9400630914826499,0.5622301273016086,0.2871717171717172,458
audio_only,34_38_months,0.6297583735014213,0.8533276783365126,0.8983268983268984,0.8617283950617284,0.9381720430107527,0.6472469410456063,0.01,459
video_only,34_38_months,0.5708503275244098,0.8266830413384539,0.8953068592057761,0.8104575163398693,1.0,0.5,0.06939393939393938,459
always_fuse,34_38_months,0.6742059077987888,0.8727896500230109,0.8894348894348895,0.8190045248868778,0.9731182795698925,0.5267890248424175,0.31686868686868686,459
gated_av,34_38_months,0.6766468916079595,0.8839801069932764,0.8933500627352572,0.8376470588235294,0.956989247311828,0.581942899517983,0.2871717171717172,459
