epoch,train_loss,loss_bce,loss_div,val_loss,val_f1,val_auroc
1,0.5462771731282249,0.5462771731282249,0.0,,0.0,
2,0.4933404821127199,0.4933404821127199,0.0,,0.0,
3,0.46695197052156867,0.46695197052156867,0.0,,0.0,
4,0.4494949926428383,0.4494949926428383,0.0,,0.0,
5,0.40557842765967855,0.40557842765967855,0.0,,0.0,
6,0.39390032954022364,0.39390032954022364,0.0,,0.0,
