{
  "auroc_mean": 0.888064560464256,
  "auroc_n": 6,
  "auprc_mean": 0.8276884427625361,
  "auprc_n": 6,
  "pearson_mean": 0.6442522257566452,
  "pearson_n": 6,
  "spearman_mean": 0.6664374807136174,
  "spearman_n": 6,
  "n_clips_total": 10,
  "n_pos_clips": 6
}