{
  "threshold": 0.6831313131313131,
  "val_balanced_acc": 0.5784313725490196
}