{
  "auroc_mean": 0.9370315936173768,
  "auroc_n": 7,
  "auprc_mean": 0.7582909974497664,
  "auprc_n": 7,
  "pearson_mean": 0.7099345028400421,
  "pearson_n": 7,
  "spearman_mean": 0.6076326440710919,
  "spearman_n": 7,
  "n_clips_total": 12,
  "n_pos_clips": 8
}