{
  "threshold": 0.29000000000000004,
  "f1": 0.68188302425107,
  "f1_macro": 0.5303565539082647,
  "f1_weighted": 0.5966851220583229,
  "balanced_accuracy": 0.5418362134263419,
  "precision": 0.746875,
  "recall": 0.6272965879265092,
  "auroc": 0.5171132131973436,
  "auprc": 0.7088402961309649
}