f1,f1_macro,f1_weighted,balanced_accuracy,precision,recall,auroc,auprc,timepoint,n
0.6762177650429799,0.5541892845315401,0.5942716321447868,0.5578714763497372,0.7065868263473054,0.6483516483516484,0.541268514094601,0.6857799670501199,14_month,274
0.6875,0.5,0.60400390625,0.5233183461165476,0.7908496732026143,0.6080402010050251,0.48364630168385786,0.7426140822615297,36_month,256
