{
  "threshold": 0.29000000000000004,
  "f1": 0.7329276538201488,
  "f1_macro": 0.5484284001789955,
  "f1_weighted": 0.6380423233761271,
  "balanced_accuracy": 0.5566951566951567,
  "precision": 0.7753934191702432,
  "recall": 0.6948717948717948,
  "auroc": 0.5479439696106363,
  "auprc": 0.7541366004041014
}