f1,f1_macro,f1_weighted,balanced_accuracy,precision,recall,auroc,auprc,timepoint,n
0.7113543091655267,0.549880053133488,0.614709865964195,0.5529021203683873,0.7344632768361582,0.6896551724137931,0.5568149990938597,0.722407987009202,14_month,538
0.7540106951871658,0.5436720142602496,0.6644524286987522,0.5608851048330185,0.8173913043478261,0.6997518610421837,0.5392014023265873,0.7894179261638092,36_month,512
