f1,f1_macro,f1_weighted,balanced_accuracy,precision,recall,auroc,auprc,timepoint,n
0.8027681660899654,0.49229317395407357,0.61694484365919,0.5205446727185858,0.710204081632653,0.9230769230769231,0.5801687068553635,0.7824837313596303,14_month,538
0.8668171557562077,0.5058723459940458,0.7131336234746622,0.5222983586404717,0.7950310559006211,0.9528535980148883,0.5797004120472602,0.8238152131484437,36_month,512
