f1,f1_macro,f1_weighted,balanced_accuracy,precision,recall,auroc,auprc,timepoint,n
0.7641509433962265,0.4788496652465003,0.5725617639088191,0.5102723363592928,0.6694214876033058,0.8901098901098901,0.6030817009077879,0.7497218541056976,14_month,274
0.8406466512702079,0.4836144648756103,0.6816557557663636,0.501146081283611,0.7777777777777778,0.914572864321608,0.5850744952834347,0.8310715728842636,36_month,256
