{
  "threshold_sec": 0.75,
  "f1": 0.8028004667444574,
  "f1_macro": 0.4851440757367607,
  "f1_weighted": 0.6241936657627714,
  "balanced_accuracy": 0.5084905494195776,
  "precision": 0.7226890756302521,
  "recall": 0.9028871391076115,
  "auroc": 0.5953337208687841,
  "auprc": 0.7868407589570883
}