{
  "threshold_sec": 0.75,
  "f1": 0.8351397604107245,
  "f1_macro": 0.5011433672370625,
  "f1_weighted": 0.6633701867785555,
  "balanced_accuracy": 0.5229344729344729,
  "precision": 0.7523124357656732,
  "recall": 0.9384615384615385,
  "auroc": 0.5837488129154795,
  "auprc": 0.8044589665788912
}