{
  "audio_only": {
    "auroc": 0.55652972167527,
    "auprc": 0.764425802038937,
    "f1": 0.860178970917226,
    "precision": 0.791967044284243,
    "recall": 0.9412484700122399,
    "balanced_accuracy": 0.6046822060206127,
    "threshold": 0.01,
    "n_clips": 1093
  },
  "video_only": {
    "auroc": 0.5847568871622939,
    "auprc": 0.7867437523984,
    "f1": 0.8568432092291557,
    "precision": 0.7495412844036697,
    "recall": 1.0,
    "balanced_accuracy": 0.5054347826086957,
    "threshold": 0.12878787878787878,
    "n_clips": 1093
  },
  "always_fuse": {
    "auroc": 0.6332198038067869,
    "auprc": 0.8085307893505933,
    "f1": 0.8562434417628542,
    "precision": 0.7493112947658402,
    "recall": 0.9987760097919217,
    "balanced_accuracy": 0.5048227875046565,
    "threshold": 0.18818181818181817,
    "n_clips": 1093
  },
  "gated_av": {
    "auroc": 0.5923979564685221,
    "auprc": 0.7844395300266465,
    "f1": 0.8587015821058375,
    "precision": 0.7746062992125984,
    "recall": 0.9632802937576499,
    "balanced_accuracy": 0.5667850744150569,
    "threshold": 0.01,
    "n_clips": 1093
  }
}