model,age_band,auroc,auprc,f1,precision,recall,balanced_accuracy,threshold,n_clips
audio_only,34_38_months,0.5318638090070538,0.8115743560106299,0.8807785888077859,0.8341013824884793,0.9329896907216495,0.5875474769397722,0.01,483
video_only,34_38_months,0.5297069994574064,0.8118882702357237,0.8909299655568312,0.8033126293995859,1.0,0.5,0.12878787878787878,483
always_fuse,34_38_months,0.5703879544221377,0.82587135823695,0.8919540229885058,0.8049792531120332,1.0,0.5052631578947369,0.18818181818181817,483
gated_av,34_38_months,0.5811448724905046,0.8225953767379783,0.8867699642431466,0.8248337028824834,0.9587628865979382,0.5635919696147585,0.01,483
audio_only,14_18_months,0.5698141637368156,0.7284479842133508,0.8426501035196687,0.7579143389199255,0.9487179487179487,0.6152429522595269,0.01,610
video_only,14_18_months,0.5835619261033627,0.7400361566375823,0.8281853281853282,0.7067545304777595,1.0,0.5082872928176796,0.12878787878787878,610
always_fuse,14_18_months,0.6352882844595552,0.769024823741408,0.8262548262548263,0.7051070840197694,0.9976689976689976,0.5043593607129518,0.18818181818181817,610
gated_av,14_18_months,0.569286146634213,0.7270185895350518,0.8350100603621731,0.7345132743362832,0.9673659673659674,0.5693183427990058,0.01,610
