model,visual_eligible,auroc,auprc,f1,precision,recall,balanced_accuracy,threshold,n_clips
audio_only,0,0.537698091382302,0.7285902619728575,0.8436018957345972,0.7672413793103449,0.9368421052631579,0.5975419317524581,0.01,657
video_only,0,0.5602834008097166,0.7577758326175279,0.8392226148409894,0.7229832572298326,1.0,0.5,0.12878787878787878,657
always_fuse,0,0.610908039329092,0.7845849851896398,0.8381962864721485,0.7225609756097561,0.9978947368421053,0.49894736842105264,0.18818181818181817,657
gated_av,0,0.537698091382302,0.7285902619728575,0.8436018957345972,0.7672413793103449,0.9368421052631579,0.5975419317524581,0.01,657
audio_only,1,0.5903633196466342,0.8178563444362268,0.8840381991814461,0.8286445012787724,0.9473684210526315,0.6173012318029115,0.01,436
video_only,1,0.626244245365186,0.8259468525007663,0.8825806451612903,0.789838337182448,1.0,0.5159574468085106,0.12878787878787878,436
always_fuse,1,0.6653602090332214,0.8406765364122983,0.8825806451612903,0.789838337182448,1.0,0.5159574468085106,0.18818181818181817,436
gated_av,1,0.6653602090332214,0.8406765364122983,0.8791773778920309,0.7844036697247706,1.0,0.5,0.01,436
