{
  "auroc_mean": 0.8673616317333117,
  "auroc_n": 302,
  "auprc_mean": 0.792677679117127,
  "auprc_n": 302,
  "pearson_mean": 0.6101492694273714,
  "pearson_n": 305,
  "spearman_mean": 0.5505780913304462,
  "spearman_n": 305,
  "n_clips_total": 438,
  "n_pos_clips": 334
}