{
  "mcd_mean": 1092.23165381618,
  "mcd_std": 161.75296324164805,
  "speaker_similarity_mean": NaN,
  "age_classifier_accuracy": 1.0,
  "f0_stats": {
    "mean": 69.9105482275194,
    "std": 8.033500411621192,
    "median": 66.93519325188251
  },
  "n_generated": 500,
  "n_reference": 500,
  "age_group": "34_38m"
}