f1,f1_macro,f1_weighted,balanced_accuracy,precision,recall,auroc,auprc,timepoint,n
0.0,0.24649859943977592,0.16127789405725115,0.5,0.0,0.0,0.5,0.6728624535315985,14_month,538
0.0,0.18442622950819673,0.08340884751626987,0.5,0.0,0.0,0.5,0.7738693467336684,36_month,597
