{
  "threshold": 0.5,
  "f1": 0.0,
  "f1_macro": 0.20418848167539266,
  "f1_weighted": 0.10478093138605676,
  "balanced_accuracy": 0.5,
  "precision": 0.0,
  "recall": 0.0,
  "auroc": 0.5,
  "auprc": 0.743421052631579
}