f1,f1_macro,f1_weighted,balanced_accuracy,precision,recall,auroc,auprc,timepoint,n
0.8273092369477911,0.7589783594810898,0.782224946660483,0.7711538461538461,0.865546218487395,0.7923076923076923,0.8411057692307691,0.8852799540721431,14_month,194
0.9009433962264151,0.7404716981132076,0.8360197321042777,0.7305227047034395,0.8883720930232558,0.9138755980861244,0.7879841112214498,0.907692123936317,36_month,262
