{
  "threshold_sec": 1.0,
  "f1": 0.8736998514115899,
  "f1_macro": 0.7590256579233682,
  "f1_weighted": 0.8148538837005287,
  "balanced_accuracy": 0.7626881476438998,
  "precision": 0.8802395209580839,
  "recall": 0.8672566371681416,
  "auroc": 0.8226684819605173,
  "auprc": 0.894772331429021
}