f1,f1_macro,f1_weighted,balanced_accuracy,precision,recall,auroc,auprc,timepoint,n
0.8669410150891632,0.7937010550950139,0.8190219334573033,0.7915777247614264,0.8610354223433242,0.8729281767955801,0.8569343294826721,0.917518572861393,14_month,538
0.8982683982683982,0.775060125060125,0.8425460636515912,0.775060125060125,0.8982683982683982,0.8982683982683982,0.8506653839987173,0.9436250409313278,36_month,597
