{
  "threshold_sec": 1.0,
  "f1": 0.8844525105868118,
  "f1_macro": 0.7874450559417041,
  "f1_weighted": 0.8312907160588321,
  "balanced_accuracy": 0.7860116910685855,
  "precision": 0.8817852834740652,
  "recall": 0.8871359223300971,
  "auroc": 0.856819529859832,
  "auprc": 0.9327100881728674
}