{
  "threshold": 0.20500000000000002,
  "f1": 0.8698010849909584,
  "precision": 0.921455938697318,
  "recall": 0.8236301369863014,
  "auroc": 0.8485441147828345,
  "auprc": 0.910486381385089
}