{
  "threshold": 0.20500000000000002,
  "f1": 0.8577235772357723,
  "precision": 0.9173913043478261,
  "recall": 0.8053435114503816,
  "auroc": 0.8104459622338288,
  "auprc": 0.8884197337529546
}