f1,precision,recall,auroc,auprc,timepoint,n
0.8366533864541833,0.8677685950413223,0.8076923076923077,0.7857692307692308,0.8473319941247738,14_month,190
0.8796680497925311,0.9724770642201835,0.803030303030303,0.8491341991341992,0.9343422529094947,36_month,167
