{
  "threshold_sec": 0.1,
  "f1": 0.8999129677980853,
  "precision": 0.9150442477876106,
  "recall": 0.8852739726027398,
  "auroc": 0.8768786924625074,
  "auprc": 0.9439853525373665
}