f1,precision,recall,auroc,auprc,timepoint,n
0.8892794376098418,0.8908450704225352,0.887719298245614,0.8841596745486907,0.9336621692213817,14_month,423
0.9103448275862069,0.9395017793594306,0.882943143812709,0.8635634764282768,0.9553755838557378,36_month,372
