f1,precision,recall,auroc,auprc,timepoint,n
0.8528301886792453,0.837037037037037,0.8692307692307693,0.8298717948717949,0.9010311522180747,14_month,190
0.8861788617886179,0.956140350877193,0.8257575757575758,0.8637445887445888,0.9450138965329238,36_month,167
