model,age_band,auroc,auprc,f1,precision,recall,balanced_accuracy,threshold,n_clips
audio_only,14_18_months,0.7898292184006469,0.8632613443339667,0.8622222222222222,0.8858447488584474,0.8398268398268398,0.7825507825507825,0.01,322
video_only,14_18_months,0.6226630512344797,0.798018480357703,0.8354430379746836,0.717391304347826,1.0,0.5,0.059494949494949496,322
always_fuse,14_18_months,0.8001046572475145,0.8883462130858075,0.8596491228070176,0.8711111111111111,0.8484848484848485,0.7649017649017649,0.19808080808080808,322
gated_av,14_18_months,0.7803149231720661,0.8719365788377988,0.8565121412803532,0.8738738738738738,0.8398268398268398,0.766067266067266,0.15848484848484848,322
audio_only,34_38_months,0.8584126984126983,0.9485798816826136,0.8793103448275862,0.9532710280373832,0.816,0.8286349206349206,0.01,313
video_only,34_38_months,0.633904761904762,0.8440440968100162,0.8880994671403197,0.7987220447284346,1.0,0.5,0.059494949494949496,313
always_fuse,34_38_months,0.8492063492063492,0.9483947806103898,0.879837067209776,0.8962655601659751,0.864,0.7335873015873016,0.19808080808080808,313
gated_av,34_38_months,0.8582222222222222,0.9578269708317764,0.8783505154639175,0.9063829787234042,0.852,0.7513968253968254,0.15848484848484848,313
