model,visual_eligible,auroc,auprc,f1,precision,recall,balanced_accuracy,threshold,n_clips
audio_only,0,0.7981415579280347,0.8961623961282478,0.8651685393258427,0.9130434782608695,0.8220640569395018,0.7888098062475286,0.01,371
video_only,0,0.6418742586002373,0.825309163313395,0.8619631901840491,0.7574123989218329,1.0,0.5,0.059494949494949496,371
always_fuse,0,0.8069592724396996,0.9083231913608201,0.8586956521739131,0.8745387453874539,0.8434163701067615,0.7328192961644919,0.19808080808080808,371
gated_av,0,0.7981415579280347,0.8961623961282478,0.8560606060606061,0.9149797570850202,0.8042704626334519,0.7854685646500593,0.15848484848484848,371
audio_only,1,0.8473046875,0.9258695387186707,0.8789473684210526,0.9277777777777778,0.835,0.8159375,0.01,264
video_only,1,0.653046875,0.8274657438045164,0.8620689655172413,0.7575757575757576,1.0,0.5,0.059494949494949496,264
always_fuse,1,0.858671875,0.9478324836583479,0.8860759493670886,0.8974358974358975,0.875,0.78125,0.19808080808080808,264
gated_av,1,0.858671875,0.9478324836583479,0.8829268292682927,0.861904761904762,0.905,0.7259375,0.15848484848484848,264
