{
  "audio_only": {
    "auroc": 0.8194035694035694,
    "auprc": 0.908542041525743,
    "f1": 0.8708971553610503,
    "precision": 0.9191685912240185,
    "recall": 0.8274428274428275,
    "balanced_accuracy": 0.80008505008505,
    "threshold": 0.01,
    "n_clips": 635
  },
  "video_only": {
    "auroc": 0.6453141453141453,
    "auprc": 0.8257942366619327,
    "f1": 0.8620071684587813,
    "precision": 0.75748031496063,
    "recall": 1.0,
    "balanced_accuracy": 0.5,
    "threshold": 0.059494949494949496,
    "n_clips": 635
  },
  "always_fuse": {
    "auroc": 0.8288333288333288,
    "auprc": 0.9247754888775469,
    "f1": 0.870116156282999,
    "precision": 0.8841201716738197,
    "recall": 0.8565488565488566,
    "balanced_accuracy": 0.752949752949753,
    "threshold": 0.19808080808080808,
    "n_clips": 635
  },
  "gated_av": {
    "auroc": 0.8174798174798175,
    "auprc": 0.9207714695333007,
    "f1": 0.8678038379530917,
    "precision": 0.8905908096280087,
    "recall": 0.8461538461538461,
    "balanced_accuracy": 0.7607392607392607,
    "threshold": 0.15848484848484848,
    "n_clips": 635
  }
}