{
  "n_rows": 17028,
  "n_branches": 5,
  "k_frac": 0.1,
  "per_branch": {
    "branch_0_weight": {
      "mean_attn": 0.02589852003211477,
      "std_attn": 0.05866812855962363,
      "min_attn": 1.1286102719054725e-08,
      "max_attn": 1.0
    },
    "branch_1_weight": {
      "mean_attn": 0.025898520190106987,
      "std_attn": 0.08228940587901991,
      "min_attn": 1.9120376393289007e-09,
      "max_attn": 1.0
    },
    "branch_2_weight": {
      "mean_attn": 0.025898520124636164,
      "std_attn": 0.08998405696956636,
      "min_attn": 1.0500218650122407e-07,
      "max_attn": 1.0
    },
    "branch_3_weight": {
      "mean_attn": 0.02589852017832937,
      "std_attn": 0.1305580522242619,
      "min_attn": 3.0687275230688667e-15,
      "max_attn": 1.0
    },
    "branch_4_weight": {
      "mean_attn": 0.025898520015289726,
      "std_attn": 0.10380499295944844,
      "min_attn": 2.7137618541228647e-11,
      "max_attn": 1.0
    }
  },
  "pairwise_cosine": {
    "0_0": 0.999999999999761,
    "0_1": 0.1731161268043804,
    "0_2": 0.08879126206963163,
    "0_3": 0.09229908227617303,
    "0_4": 0.16349082175126628,
    "1_0": 0.1731161268043804,
    "1_1": 0.9999999999998224,
    "1_2": 0.18484618284505988,
    "1_3": 0.025856104456953664,
    "1_4": 0.5826897238361612,
    "2_0": 0.08879126206963163,
    "2_1": 0.18484618284505988,
    "2_2": 0.9999999999998361,
    "2_3": 0.32419731635922266,
    "2_4": 0.11821933515653636,
    "3_0": 0.09229908227617303,
    "3_1": 0.025856104456953664,
    "3_2": 0.32419731635922266,
    "3_3": 0.9999999999998849,
    "3_4": 0.012076493014104872,
    "4_0": 0.16349082175126628,
    "4_1": 0.5826897238361612,
    "4_2": 0.11821933515653636,
    "4_3": 0.012076493014104872,
    "4_4": 0.9999999999998568
  },
  "pairwise_topk_overlap": {
    "0_0": 1.0,
    "0_1": 0.02441421012849584,
    "0_2": 0.009070294784580499,
    "0_3": 0.04138352369719491,
    "0_4": 0.033709109651486595,
    "1_0": 0.02441421012849584,
    "1_1": 1.0,
    "1_2": 0.08183757151866439,
    "1_3": 0.005264576693148121,
    "1_4": 0.37314044433322485,
    "2_0": 0.009070294784580499,
    "2_1": 0.08183757151866439,
    "2_2": 1.0,
    "2_3": 0.24299108782171144,
    "2_4": 0.061702939964268406,
    "3_0": 0.04138352369719491,
    "3_1": 0.005264576693148121,
    "3_2": 0.24299108782171144,
    "3_3": 1.0,
    "3_4": 0.0045351473922902496,
    "4_0": 0.033709109651486595,
    "4_1": 0.37314044433322485,
    "4_2": 0.061702939964268406,
    "4_3": 0.0045351473922902496,
    "4_4": 1.0
  },
  "mean_off_diag_cosine": 0.176558244856949,
  "mean_off_diag_overlap": 0.08780489059850653
}