{
  "branch_0": {
    "mean_of_clip_means": 0.06028375029563904,
    "std_of_clip_means": 0.08573190122842789,
    "mean_of_clip_stds": 0.06822125613689423
  },
  "branch_1": {
    "mean_of_clip_means": 0.06028375029563904,
    "std_of_clip_means": 0.08573190122842789,
    "mean_of_clip_stds": 0.10246732831001282
  },
  "branch_2": {
    "mean_of_clip_means": 0.06028375029563904,
    "std_of_clip_means": 0.08573190122842789,
    "mean_of_clip_stds": 0.10837200284004211
  },
  "branch_3": {
    "mean_of_clip_means": 0.06028374657034874,
    "std_of_clip_means": 0.08573190122842789,
    "mean_of_clip_stds": 0.1652791053056717
  },
  "branch_4": {
    "mean_of_clip_means": 0.06028375029563904,
    "std_of_clip_means": 0.08573190122842789,
    "mean_of_clip_stds": 0.13225166499614716
  }
}