epoch,train_loss,loss_bce,loss_div,val_loss,val_f1,val_auroc
1,0.5806397390438289,0.5806397390438289,0.0,0.576799782204794,0.8460508701472557,0.6935608145294441
2,0.566779700902904,0.566779700902904,0.0,0.5685312781837313,0.8460508701472557,0.7242982938910292
3,0.5616291583311267,0.5616291583311267,0.0,0.5626178327126735,0.8460508701472557,0.7378646119977985
4,0.552637403967177,0.552637403967177,0.0,0.5568142073821025,0.8460508701472557,0.7406989543203082
5,0.5440904565337228,0.5440904565337228,0.0,0.5505455292225437,0.8460508701472557,0.7456246560264171
6,0.5374751298165903,0.5374751298165903,0.0,0.5448607153792946,0.8460508701472557,0.7444964226747385
