{
  "auroc_mean": 0.8876241219439993,
  "auroc_n": 478,
  "auprc_mean": 0.8249992763464006,
  "auprc_n": 478,
  "pearson_mean": 0.6477494620374129,
  "pearson_n": 482,
  "spearman_mean": 0.5921602864888789,
  "spearman_n": 482,
  "n_clips_total": 725,
  "n_pos_clips": 530
}