{
  "experiment": "voice_transfer_wavlm_feature_space",
  "spec": "016-synth-augmentation-extensions follow-up #1 (C7)",
  "config": {
    "n_augment_per_child": 10,
    "min_pos_clips_per_child": 3,
    "n_train_children_with_proto": 101,
    "n_voice_transferred_positives": 1010,
    "n_synth_positive_pool": 2509,
    "seed": 42
  },
  "baseline_lr": {
    "val": {
      "f1": 0.8651685393258427,
      "precision": 0.7777777777777778,
      "recall": 0.9746835443037974,
      "auroc": 0.8075123830489819,
      "auprc": 0.9195129694279175,
      "threshold": 0.44999999999999996,
      "n": 431
    },
    "test": {
      "f1": 0.8733153638814016,
      "precision": 0.7960687960687961,
      "recall": 0.9671641791044776,
      "auroc": 0.7495916643199099,
      "auprc": 0.894740356643182,
      "threshold": 0.44999999999999996,
      "n": 441
    }
  },
  "voice_transfer_lr": {
    "val": {
      "f1": 0.8639551192145862,
      "precision": 0.7758186397984886,
      "recall": 0.9746835443037974,
      "auroc": 0.8042927903137038,
      "auprc": 0.9149710027869431,
      "threshold": 0.5499999999999999,
      "n": 431
    },
    "test": {
      "f1": 0.8708388814913449,
      "precision": 0.7860576923076923,
      "recall": 0.9761194029850746,
      "auroc": 0.7499859194593073,
      "auprc": 0.8929294964365003,
      "threshold": 0.5499999999999999,
      "n": 441
    }
  },
  "control_raw_synth_lr": {
    "val": {
      "f1": 0.8619246861924686,
      "precision": 0.770573566084788,
      "recall": 0.9778481012658228,
      "auroc": 0.7942212438084757,
      "auprc": 0.9102857746209472,
      "threshold": 0.44999999999999996,
      "n": 431
    },
    "test": {
      "f1": 0.8726790450928382,
      "precision": 0.7852028639618138,
      "recall": 0.982089552238806,
      "auroc": 0.7529709940861729,
      "auprc": 0.8897405996561687,
      "threshold": 0.44999999999999996,
      "n": 441
    }
  },
  "delta_voice_transfer_vs_baseline": {
    "f1": -0.0024764823900567112,
    "auroc": 0.00039425513939739254,
    "auprc": -0.0018108602066816415
  },
  "delta_voice_transfer_vs_control": {
    "f1": -0.0018401636014933054,
    "auroc": -0.0029850746268655914,
    "auprc": 0.0031888967803316293
  }
}