{
  "auroc_mean": 0.8500443345650158,
  "auroc_n": 370,
  "auprc_mean": 0.7651643186074435,
  "auprc_n": 370,
  "pearson_mean": 0.5681975250537958,
  "pearson_n": 372,
  "spearman_mean": 0.5276037646618322,
  "spearman_n": 372,
  "n_clips_total": 549,
  "n_pos_clips": 416
}