{
  "0": {
    "precision": 0.6470588235294118,
    "recall": 0.20754716981132076,
    "f1-score": 0.3142857142857143,
    "support": 106.0
  },
  "1": {
    "precision": 0.7936117936117936,
    "recall": 0.9641791044776119,
    "f1-score": 0.8706199460916442,
    "support": 335.0
  },
  "accuracy": 0.782312925170068,
  "macro avg": {
    "precision": 0.7203353085706027,
    "recall": 0.5858631371444664,
    "f1-score": 0.5924528301886792,
    "support": 441.0
  },
  "weighted avg": {
    "precision": 0.7583859096464138,
    "recall": 0.782312925170068,
    "f1-score": 0.7368978858389718,
    "support": 441.0
  }
}