prob_bin,n,mean_prob,actual_pos_rate,accuracy
"(-0.001, 1.74]",74,0.5116216216216214,0.40540540540540543,0.5405405405405406
"(1.74, 4.493]",73,3.0265753424657533,0.726027397260274,0.726027397260274
"(4.493, 7.34]",74,5.867837837837838,0.7972972972972973,0.7972972972972973
"(7.34, 10.793]",73,8.8186301369863,0.863013698630137,0.863013698630137
"(10.793, 19.22]",73,14.196986301369861,0.8082191780821918,0.8082191780821918
"(19.22, 227.24]",74,40.47891891891892,0.9594594594594594,0.9594594594594594
