feature,outcome,n,mean,median,std
score_duration_sec,TP,323,14.922662538699692,8.6,21.17483186922895
score_duration_sec,FP,84,6.530714285714287,4.55,7.208140944043135
score_duration_sec,FN,12,0.0,0.0,0.0
score_duration_sec,TN,22,0.0,0.0,0.0
prob,TP,323,14.922662538699692,8.6,21.17483186922895
prob,FP,84,6.530714285714287,4.55,7.208140944043135
prob,FN,12,0.0,0.0,0.0
prob,TN,22,0.0,0.0,0.0
