multi_child,has_interaction,n,accuracy,n_fp,n_fn,fp_rate,fn_rate
False,False,77,0.7402597402597403,16,4,0.5517241379310345,0.08333333333333333
False,True,270,0.8333333333333334,39,6,0.8666666666666667,0.02666666666666667
True,False,17,0.4117647058823529,9,1,0.8181818181818182,0.16666666666666666
True,True,77,0.7272727272727273,20,1,0.9523809523809523,0.017857142857142856
