{
  "threshold": 0.195,
  "f1": 0.8633582596872875,
  "f1_macro": 0.771901705360337,
  "f1_weighted": 0.8163234603191415,
  "balanced_accuracy": 0.8033475783475783,
  "precision": 0.918958031837916,
  "recall": 0.8141025641025641,
  "auroc": 0.8320797720797721,
  "auprc": 0.9058741614035271
}