f1,f1_macro,f1_weighted,balanced_accuracy,precision,recall,auroc,auprc,timepoint,n
0.856338028169014,0.7960446617529008,0.8158490521815512,0.8034519827998089,0.8786127167630058,0.8351648351648352,0.8226230291447684,0.8625505036625307,14_month,274
0.8532608695652174,0.7391304347826086,0.8024371603260869,0.7892092039143084,0.9289940828402367,0.7889447236180904,0.8276470069646479,0.9271740968321704,36_month,256
