f1,f1_macro,f1_weighted,balanced_accuracy,precision,recall,auroc,auprc,timepoint,n
0.8410404624277457,0.7772910645472062,0.8028856183431106,0.811407483071651,0.9238095238095239,0.7718832891246684,0.8618547868922682,0.9248682502536874,14_month,538
0.8454172366621067,0.7298758538259339,0.7962218822513925,0.7962187265235505,0.9420731707317073,0.7667493796526055,0.8662212306781705,0.9492368560933181,36_month,512
