f1,f1_macro,f1_weighted,balanced_accuracy,precision,recall,auroc,auprc,timepoint,n
0.8189910979228486,0.7649457859282489,0.782697895707497,0.7867295747730529,0.8903225806451613,0.7582417582417582,0.8587852365026278,0.9186666410050728,14_month,274
0.8441926345609065,0.7491403424376859,0.8018646607247848,0.8305122101736754,0.9675324675324676,0.7487437185929648,0.8558141585118575,0.9466924278327002,36_month,256
