{
  "threshold_sec": 1.0,
  "f1": 0.8432888264230499,
  "f1_macro": 0.7569472197107865,
  "f1_weighted": 0.7988845715424573,
  "balanced_accuracy": 0.8049857549857551,
  "precision": 0.9331259720062208,
  "recall": 0.7692307692307693,
  "auroc": 0.8640954415954416,
  "auprc": 0.9372034560695215
}