epoch,train_loss,val_loss,val_f1,val_auroc
1,0.6601519094007772,0.6309806711435871,0.8460508701472557,0.5
2,0.6096479749170746,0.6019005597052607,0.8460508701472557,0.5
3,0.5875349944321121,0.5891068338518076,0.8460508701472557,0.5
4,0.5793046224408034,0.584085267339671,0.8460508701472557,0.49841772151898733
5,0.5766603841287333,0.5820959220767851,0.8460508701472557,0.4920886075949367
6,0.5752748843373322,0.5812217315913907,0.8460508701472557,0.4783296642817832
