{
  "auroc_mean": 0.851660973009428,
  "auroc_n": 19,
  "auprc_mean": 0.9166241353559946,
  "auprc_n": 19,
  "pearson_mean": 0.5391622499415749,
  "pearson_n": 19,
  "spearman_mean": 0.5201382360026451,
  "spearman_n": 19,
  "n_clips_total": 30,
  "n_pos_clips": 19
}