epoch,train_loss,val_loss,val_f1,val_auroc,val_threshold
1,0.39346312065631295,0.30987613470781417,0.79375,0.8188228438228439,0.95
2,0.3020273679912378,0.31093318441084455,0.8498583569405099,0.8105477855477856,0.75
3,0.2789428856421784,0.26886671048308175,0.7848101265822784,0.8293900543900544,0.95
4,0.27697266469111187,0.25963904472097515,0.8391812865497076,0.8249417249417249,0.85
5,0.25034621967776605,0.2563131073164561,0.8123076923076923,0.8278360528360529,0.95
6,0.2520554201398495,0.26616459008720184,0.7802547770700637,0.820920745920746,0.95
7,0.22944560206094802,0.2529952999145266,0.8151515151515152,0.823076923076923,0.95
