{
  "auroc_mean": 0.9501142717230309,
  "auroc_n": 17,
  "auprc_mean": 0.9424222468623903,
  "auprc_n": 17,
  "pearson_mean": 0.7581911910982693,
  "pearson_n": 17,
  "spearman_mean": 0.7243167335506154,
  "spearman_n": 17,
  "n_clips_total": 18,
  "n_pos_clips": 17
}