{
  "0": {
    "precision": 0.554140127388535,
    "recall": 0.8207547169811321,
    "f1-score": 0.6615969581749049,
    "support": 106.0
  },
  "1": {
    "precision": 0.9330985915492958,
    "recall": 0.7910447761194029,
    "f1-score": 0.8562197092084006,
    "support": 335.0
  },
  "accuracy": 0.7981859410430839,
  "macro avg": {
    "precision": 0.7436193594689153,
    "recall": 0.8058997465502675,
    "f1-score": 0.7589083336916528,
    "support": 441.0
  },
  "weighted avg": {
    "precision": 0.8420110695514712,
    "recall": 0.7981859410430839,
    "f1-score": 0.8094396375314153,
    "support": 441.0
  }
}