{
  "threshold": 0.36,
  "f1": 0.7505300353356891,
  "f1_macro": 0.6176007840912022,
  "f1_weighted": 0.6821664204099529,
  "balanced_accuracy": 0.6477920227920229,
  "precision": 0.8362204724409449,
  "recall": 0.6807692307692308,
  "auroc": 0.7064529914529915,
  "auprc": 0.8480297332951015
}