f1,f1_macro,f1_weighted,balanced_accuracy,precision,recall,auroc,auprc,timepoint,n
0.7098674521354934,0.6068228948334897,0.6481939438618035,0.6301876534260342,0.7980132450331126,0.6392572944297082,0.7026706427006277,0.823616617006987,14_month,538
0.7880434782608695,0.6231884057971014,0.7178512794384058,0.6625537824117286,0.8708708708708709,0.7196029776674938,0.7023356933093541,0.8697295904240668,36_month,512
