{
  "threshold": 0.36,
  "f1": 0.7071320182094082,
  "f1_macro": 0.612917630052335,
  "f1_weighted": 0.6541586452456198,
  "balanced_accuracy": 0.654767566805827,
  "precision": 0.8381294964028777,
  "recall": 0.6115485564304461,
  "auroc": 0.6952914442741637,
  "auprc": 0.8281324697985667
}