f1,f1_macro,f1_weighted,balanced_accuracy,precision,recall,auroc,auprc,timepoint,n
0.6560509554140127,0.5972562469377756,0.6165683774591673,0.625358337314859,0.7803030303030303,0.5659340659340659,0.6506211180124224,0.7527317755922909,14_month,274
0.7536231884057971,0.6223205762388266,0.6951524939251931,0.6862822886361633,0.8904109589041096,0.6532663316582915,0.7473772370625055,0.8925365726461474,36_month,256
