{
  "threshold_sec": 0.5,
  "f1": 0.8625429553264605,
  "f1_macro": 0.5922884268157727,
  "f1_weighted": 0.7235549120923924,
  "balanced_accuracy": 0.5882478632478633,
  "precision": 0.7795031055900621,
  "recall": 0.9653846153846154,
  "auroc": 0.6668019943019943,
  "auprc": 0.8316385503992498
}