{
  "threshold_sec": 0.5,
  "f1": 0.8489042675893888,
  "f1_macro": 0.5850738954527255,
  "f1_weighted": 0.7005619074068875,
  "balanced_accuracy": 0.5869664781835157,
  "precision": 0.757201646090535,
  "recall": 0.9658792650918635,
  "auroc": 0.7101146752629075,
  "auprc": 0.8491933210958682
}