f1,f1_macro,f1_weighted,balanced_accuracy,precision,recall,auroc,auprc,timepoint,n
0.8120649651972158,0.5598786364447618,0.6427135619473927,0.5785953177257526,0.7028112449799196,0.9615384615384616,0.6834388437649308,0.8128837089060057,14_month,274
0.8853211009174312,0.613713182037663,0.7643706995412844,0.5989597108348761,0.8143459915611815,0.9698492462311558,0.7588821299479855,0.8927673284176938,36_month,256
