f1,f1_macro,f1_weighted,balanced_accuracy,precision,recall,auroc,auprc,timepoint,n
0.8372093023255814,0.5945305770887166,0.6919629277414356,0.5954660032621052,0.7453416149068323,0.9549071618037135,0.6597772542300279,0.7965685840121794,14_month,538
0.8871331828442438,0.5812477508424118,0.7568929012497138,0.5747490154119335,0.8136645962732919,0.9751861042183623,0.6651262321578983,0.8624372488740422,36_month,512
