f1,f1_macro,f1_weighted,balanced_accuracy,precision,recall,auroc,auprc,timepoint,n
0.8480845442536328,0.7769834485974046,0.803987000606216,0.7929434797412325,0.889196675900277,0.8106060606060606,0.8028316876631484,0.8485278449211398,14_month,574
0.8715486194477791,0.7426335155000627,0.8232344904007071,0.8110928705440901,0.9502617801047121,0.8048780487804879,0.8494797885041787,0.9456914706704111,36_month,555
