{
  "threshold": 0.185,
  "f1": 0.8603988603988604,
  "f1_macro": 0.7834928433730829,
  "f1_weighted": 0.8200157780996105,
  "balanced_accuracy": 0.829111487526948,
  "precision": 0.94375,
  "recall": 0.7905759162303665,
  "auroc": 0.8461271943332307,
  "auprc": 0.9118719355526694
}