f1,f1_macro,f1_weighted,balanced_accuracy,precision,recall,auroc,auprc,timepoint,n
0.8485639686684073,0.7724495236012194,0.8013571002992106,0.7839490409715129,0.8783783783783784,0.8207070707070707,0.8536204744069913,0.9217327285275294,14_month,574
0.895906432748538,0.7734434124527003,0.8500103818989267,0.8236504349309228,0.948019801980198,0.8492239467849224,0.8765137301722667,0.960966984903944,36_month,555
