{
  "threshold_sec": 0.5,
  "f1": 0.871866295264624,
  "f1_macro": 0.7912790595819975,
  "f1_weighted": 0.8295502178405421,
  "balanced_accuracy": 0.8251270403449338,
  "precision": 0.9315476190476191,
  "recall": 0.819371727748691,
  "auroc": 0.8585713735756083,
  "auprc": 0.9331117866859249
}