{
  "0": {
    "precision": 0.5,
    "recall": 0.23770491803278687,
    "f1-score": 0.32222222222222224,
    "support": 122.0
  },
  "1": {
    "precision": 0.7876712328767124,
    "recall": 0.9224598930481284,
    "f1-score": 0.8497536945812808,
    "support": 374.0
  },
  "accuracy": 0.7540322580645161,
  "macro avg": {
    "precision": 0.6438356164383562,
    "recall": 0.5800824055404576,
    "f1-score": 0.5859879584017516,
    "support": 496.0
  },
  "weighted avg": {
    "precision": 0.7169133893062307,
    "recall": 0.7540322580645161,
    "f1-score": 0.719997969525222,
    "support": 496.0
  }
}