prob_bin,n,mean_prob,actual_pos_rate,accuracy
"(0.6, 0.8]",496,0.7578143940096901,0.7540322580645161,0.7540322580645161
