multi_child,has_interaction,n,accuracy,n_fp,n_fn,fp_rate,fn_rate
False,False,66,0.6212121212121212,15,10,0.6521739130434783,0.23255813953488372
False,True,347,0.8011527377521613,52,17,0.7428571428571429,0.061371841155234655
True,False,15,0.4666666666666667,8,0,1.0,0.0
True,True,68,0.7058823529411765,18,2,0.8571428571428571,0.0425531914893617
