task,n,pos_rate,accuracy,fp_rate,fn_rate,mean_n_children,pct_interaction
specialoccasion,13,0.46153846153846156,0.46153846153846156,1.0,0.0,2.076923076923077,0.8461538461538461
other,36,0.6111111111111112,0.5833333333333334,0.7857142857142857,0.18181818181818182,1.1111111111111112,0.3611111111111111
motorplay,83,0.6144578313253012,0.6144578313253012,0.71875,0.17647058823529413,1.5060240963855422,0.7951807228915663
bookshare,10,0.7,0.7,1.0,0.0,1.1,0.8
toyplay,97,0.6804123711340206,0.7422680412371134,0.6451612903225806,0.07575757575757576,1.1958762886597938,0.7731958762886598
generalsocialcommunicationinteraction,184,0.8641304347826086,0.8260869565217391,0.92,0.05660377358490566,1.1793478260869565,0.9619565217391305
dailyroutine,50,0.82,0.86,0.6666666666666666,0.024390243902439025,1.06,0.86
socialroutine,22,0.9545454545454546,0.9545454545454546,0.0,0.047619047619047616,1.1818181818181819,0.9545454545454546
unknown,1,1.0,1.0,0.0,0.0,1.0,1.0
