{
  "logistic_role_only": {
    "features": [
      "kchi_total_dur"
    ],
    "threshold": 0.27,
    "val_metrics": {
      "f1": 0.8914473684210527,
      "precision": 0.928082191780822,
      "recall": 0.8575949367088608,
      "auroc": 0.8805861309851404,
      "auprc": 0.939199605595148
    },
    "test_metrics": {
      "f1": 0.8775193798449612,
      "precision": 0.9129032258064517,
      "recall": 0.844776119402985,
      "auroc": 0.8555336524922557,
      "auprc": 0.941502213771202
    },
    "test_by_timepoint": [
      {
        "f1": 0.86875,
        "precision": 0.8853503184713376,
        "recall": 0.852760736196319,
        "auroc": 0.8644258187159768,
        "auprc": 0.9299900066969102,
        "timepoint": "14_month",
        "n": 234
      },
      {
        "f1": 0.8861538461538462,
        "precision": 0.9411764705882353,
        "recall": 0.8372093023255814,
        "auroc": 0.8371262458471762,
        "auprc": 0.9543422989149705,
        "timepoint": "36_month",
        "n": 207
      }
    ],
    "importances": {
      "kchi_total_dur": 5.141640363522898
    }
  },
  "gbm_role_only": {
    "features": [
      "kchi_total_dur"
    ],
    "threshold": 0.33,
    "val_metrics": {
      "f1": 0.8877887788778878,
      "precision": 0.9275862068965517,
      "recall": 0.8512658227848101,
      "auroc": 0.8620665932856356,
      "auprc": 0.9309758193013855
    },
    "test_metrics": {
      "f1": 0.8740279937791602,
      "precision": 0.9123376623376623,
      "recall": 0.8388059701492537,
      "auroc": 0.8367924528301887,
      "auprc": 0.932536298660293
    },
    "test_by_timepoint": [
      {
        "f1": 0.86875,
        "precision": 0.8853503184713376,
        "recall": 0.852760736196319,
        "auroc": 0.8506005357297157,
        "auprc": 0.9209303763500696,
        "timepoint": "14_month",
        "n": 234
      },
      {
        "f1": 0.8792569659442725,
        "precision": 0.9403973509933775,
        "recall": 0.8255813953488372,
        "auroc": 0.8168604651162792,
        "auprc": 0.9475023890694309,
        "timepoint": "36_month",
        "n": 207
      }
    ],
    "importances": {
      "kchi_total_dur": 1.0
    }
  },
  "logistic_enrollment_only": {
    "features": [
      "sim_weighted_mean"
    ],
    "threshold": 0.29000000000000004,
    "val_metrics": {
      "f1": 0.8910891089108911,
      "precision": 0.9310344827586207,
      "recall": 0.8544303797468354,
      "auroc": 0.8634837644468905,
      "auprc": 0.9259185474535276
    },
    "test_metrics": {
      "f1": 0.8740279937791602,
      "precision": 0.9123376623376623,
      "recall": 0.8388059701492537,
      "auroc": 0.8203604618417346,
      "auprc": 0.9177605297462264
    },
    "test_by_timepoint": [
      {
        "f1": 0.86875,
        "precision": 0.8853503184713376,
        "recall": 0.852760736196319,
        "auroc": 0.8261470664477664,
        "auprc": 0.8940536789497637,
        "timepoint": "14_month",
        "n": 234
      },
      {
        "f1": 0.8792569659442725,
        "precision": 0.9403973509933775,
        "recall": 0.8255813953488372,
        "auroc": 0.8106312292358805,
        "auprc": 0.9420022366061511,
        "timepoint": "36_month",
        "n": 207
      }
    ],
    "importances": {
      "sim_weighted_mean": 1.6659662101527357
    }
  },
  "gbm_enrollment_only": {
    "features": [
      "sim_weighted_mean"
    ],
    "threshold": 0.33,
    "val_metrics": {
      "f1": 0.8855721393034826,
      "precision": 0.9303135888501742,
      "recall": 0.8449367088607594,
      "auroc": 0.8541001651073198,
      "auprc": 0.9209789400963183
    },
    "test_metrics": {
      "f1": 0.8665620094191523,
      "precision": 0.9139072847682119,
      "recall": 0.8238805970149253,
      "auroc": 0.790509715573078,
      "auprc": 0.899863501360341
    },
    "test_by_timepoint": [
      {
        "f1": 0.8535031847133758,
        "precision": 0.8874172185430463,
        "recall": 0.8220858895705522,
        "auroc": 0.7965523200553011,
        "auprc": 0.8741933819760205,
        "timepoint": "14_month",
        "n": 234
      },
      {
        "f1": 0.8792569659442725,
        "precision": 0.9403973509933775,
        "recall": 0.8255813953488372,
        "auroc": 0.7780730897009968,
        "auprc": 0.9278979020619493,
        "timepoint": "36_month",
        "n": 207
      }
    ],
    "importances": {
      "sim_weighted_mean": 1.0
    }
  },
  "logistic_diarizer_all": {
    "features": [
      "kchi_total_dur",
      "kchi_n_segments",
      "kchi_mean_seg_dur",
      "kchi_max_seg_dur",
      "kchi_proportion"
    ],
    "threshold": 0.2,
    "val_metrics": {
      "f1": 0.8914473684210527,
      "precision": 0.928082191780822,
      "recall": 0.8575949367088608,
      "auroc": 0.8805586130985139,
      "auprc": 0.938704077110258
    },
    "test_metrics": {
      "f1": 0.8775193798449612,
      "precision": 0.9129032258064517,
      "recall": 0.844776119402985,
      "auroc": 0.8568290622359899,
      "auprc": 0.9422353712279693
    },
    "test_by_timepoint": [
      {
        "f1": 0.86875,
        "precision": 0.8853503184713376,
        "recall": 0.852760736196319,
        "auroc": 0.8653763069212823,
        "auprc": 0.930648052998837,
        "timepoint": "14_month",
        "n": 234
      },
      {
        "f1": 0.8861538461538462,
        "precision": 0.9411764705882353,
        "recall": 0.8372093023255814,
        "auroc": 0.8408637873754153,
        "auprc": 0.9556345551747272,
        "timepoint": "36_month",
        "n": 207
      }
    ],
    "importances": {
      "kchi_total_dur": -1.61913803940173,
      "kchi_n_segments": 3.3991328951900237,
      "kchi_mean_seg_dur": 0.34277599916741763,
      "kchi_max_seg_dur": 0.5060686148663213,
      "kchi_proportion": 0.622847145754591
    }
  },
  "gbm_diarizer_all": {
    "features": [
      "kchi_total_dur",
      "kchi_n_segments",
      "kchi_mean_seg_dur",
      "kchi_max_seg_dur",
      "kchi_proportion"
    ],
    "threshold": 0.33,
    "val_metrics": {
      "f1": 0.8851913477537438,
      "precision": 0.9333333333333333,
      "recall": 0.8417721518987342,
      "auroc": 0.8586268574573472,
      "auprc": 0.9295227236013885
    },
    "test_metrics": {
      "f1": 0.8665620094191523,
      "precision": 0.9139072847682119,
      "recall": 0.8238805970149253,
      "auroc": 0.8213883413123063,
      "auprc": 0.9238010187327494
    },
    "test_by_timepoint": [
      {
        "f1": 0.8571428571428571,
        "precision": 0.8881578947368421,
        "recall": 0.8282208588957055,
        "auroc": 0.8358247645381491,
        "auprc": 0.9182509994775285,
        "timepoint": "14_month",
        "n": 234
      },
      {
        "f1": 0.8757763975155279,
        "precision": 0.94,
        "recall": 0.8197674418604651,
        "auroc": 0.7916943521594686,
        "auprc": 0.9332565780584026,
        "timepoint": "36_month",
        "n": 207
      }
    ],
    "importances": {
      "kchi_total_dur": 0.245647857098293,
      "kchi_n_segments": 0.02487718968138986,
      "kchi_mean_seg_dur": 0.09318010430363291,
      "kchi_max_seg_dur": 0.10600582717597469,
      "kchi_proportion": 0.5302890217407095
    }
  },
  "logistic_embedding_all": {
    "features": [
      "sim_weighted_mean",
      "sim_max",
      "sim_top3_mean"
    ],
    "threshold": 0.15000000000000002,
    "val_metrics": {
      "f1": 0.8896210873146623,
      "precision": 0.9278350515463918,
      "recall": 0.8544303797468354,
      "auroc": 0.8752889378095763,
      "auprc": 0.9399750533932815
    },
    "test_metrics": {
      "f1": 0.8775193798449612,
      "precision": 0.9129032258064517,
      "recall": 0.844776119402985,
      "auroc": 0.8509152351450295,
      "auprc": 0.9381906878181602
    },
    "test_by_timepoint": [
      {
        "f1": 0.86875,
        "precision": 0.8853503184713376,
        "recall": 0.852760736196319,
        "auroc": 0.8595005616521213,