epoch,train_loss,loss_bce,loss_div,val_loss,val_f1,val_auroc
1,0.6162842976172334,0.6162842976172334,0.0,0.5177863321619706,0.8681318681318682,0.7547138713080168
2,0.5762717714938133,0.5762717714938133,0.0,0.48449470410213885,0.8700564971751412,0.7958201476793249
3,0.5543254912304489,0.5543254912304489,0.0,0.4577138377443969,0.8705547652916074,0.8127307489451477
4,0.5370742175728083,0.5370742175728083,0.0,0.46404174341847304,0.8774002954209749,0.8079509493670888
5,0.5206942360281296,0.5206942360281296,0.0,0.4407545300336211,0.8717948717948718,0.814873417721519
6,0.5149398876516067,0.5149398876516067,0.0,0.45299312222785165,0.8663594470046083,0.8115440400843882
7,0.49470747090147243,0.49470747090147243,0.0,0.465888931180884,0.856687898089172,0.8095991561181435
8,0.48965525157425716,0.48965525157425716,0.0,0.4345234251192328,0.873900293255132,0.809104694092827
9,0.4810023284314767,0.4810023284314767,0.0,0.4589823261061593,0.8576,0.8092695147679325
